freq_low_mhz,freq_high_mhz,country,region,service,status,application,footnotes,typical_devices,source,note
0.003200,0.003400,USA,USA,FIXED,PRIMARY,,US340,"Radar systems, speed guns, weather radar; Point-to-point microwave links, satellite earth stations; Mobile phones, cellular base stations (2G/3G/4G/5G)",FCC 47 CFR 2.106 (Federal),EU/Europe follows ITU Region 1 (largely identical to Region 1/2 primary services shown). Source: FCC 47 CFR 2.106 / ITU Radio Regulations 2016
0.003200,0.003400,USA,USA,MOBILE except aeronautical mobile,Secondary,,US340,"Radar systems, speed guns, weather radar; Point-to-point microwave links, satellite earth stations; Mobile phones, cellular base stations (2G/3G/4G/5G)",FCC 47 CFR 2.106 (Federal),EU/Europe follows ITU Region 1 (largely identical to Region 1/2 primary services shown). Source: FCC 47 CFR 2.106 / ITU Radio Regulations 2016
0.003200,0.003400,USA,USA,Radiolocation,Secondary,,US340,"Radar systems, speed guns, weather radar; Point-to-point microwave links, satellite earth stations; Mobile phones, cellular base stations (2G/3G/4G/5G)",FCC 47 CFR 2.106 (Federal),EU/Europe follows ITU Region 1 (largely identical to Region 1/2 primary services shown). Source: FCC 47 CFR 2.106 / ITU Radio Regulations 2016
0.003400,0.003500,USA,USA,AERONAUTICAL MOBILE (R),PRIMARY,,US283 US340,"Mobile phones, cellular base stations (2G/3G/4G/5G)",FCC 47 CFR 2.106 (Federal),EU/Europe follows ITU Region 1 (largely identical to Region 1/2 primary services shown). Source: FCC 47 CFR 2.106 / ITU Radio Regulations 2016
0.003500,0.003700,ITU,Region 1/2,AMATEUR,PRIMARY,,,"Ham radio transceivers, SDR receivers",ITU Radio Regulations,EU/Europe follows ITU Region 1 (largely identical to Region 1/2 primary services shown). Source: FCC 47 CFR 2.106 / ITU Radio Regulations 2016
0.003500,0.003700,ITU,Region 3,AMATEUR,PRIMARY,,,"Ham radio transceivers, SDR receivers",ITU Radio Regulations,EU/Europe follows ITU Region 1 (largely identical to Region 1/2 primary services shown). Source: FCC 47 CFR 2.106 / ITU Radio Regulations 2016
0.003500,0.003700,ITU,Region 3,FIXED,PRIMARY,,,"Ham radio transceivers, SDR receivers",ITU Radio Regulations,EU/Europe follows ITU Region 1 (largely identical to Region 1/2 primary services shown). Source: FCC 47 CFR 2.106 / ITU Radio Regulations 2016
0.003500,0.003700,ITU,Region 3,MOBILE,PRIMARY,,,"Ham radio transceivers, SDR receivers",ITU Radio Regulations,EU/Europe follows ITU Region 1 (largely identical to Region 1/2 primary services shown). Source: FCC 47 CFR 2.106 / ITU Radio Regulations 2016
0.003500,0.003700,USA,USA,AMATEUR,PRIMARY,,US340,"Ham radio transceivers, SDR receivers",FCC 47 CFR 2.106 (Non-Fed),EU/Europe follows ITU Region 1 (largely identical to Region 1/2 primary services shown). Source: FCC 47 CFR 2.106 / ITU Radio Regulations 2016
0.003700,0.004000,ITU,Region 1/2,AMATEUR,PRIMARY,,,"Ham radio transceivers, SDR receivers; Point-to-point microwave links, satellite earth stations; Mobile phones, cellular base stations (2G/3G/4G/5G)",ITU Radio Regulations,EU/Europe follows ITU Region 1 (largely identical to Region 1/2 primary services shown). Source: FCC 47 CFR 2.106 / ITU Radio Regulations 2016
0.003700,0.004000,ITU,Region 1/2,FIXED,PRIMARY,,,"Ham radio transceivers, SDR receivers; Point-to-point microwave links, satellite earth stations; Mobile phones, cellular base stations (2G/3G/4G/5G)",ITU Radio Regulations,EU/Europe follows ITU Region 1 (largely identical to Region 1/2 primary services shown). Source: FCC 47 CFR 2.106 / ITU Radio Regulations 2016
0.003700,0.004000,ITU,Region 1/2,MOBILE except aeronautical mobile (R),Secondary,,,"Ham radio transceivers, SDR receivers; Point-to-point microwave links, satellite earth stations; Mobile phones, cellular base stations (2G/3G/4G/5G)",ITU Radio Regulations,EU/Europe follows ITU Region 1 (largely identical to Region 1/2 primary services shown). Source: FCC 47 CFR 2.106 / ITU Radio Regulations 2016
0.004000,0.004100,USA,USA,FIXED,PRIMARY,,US340,"Point-to-point microwave links, satellite earth stations; Mobile phones, cellular base stations (2G/3G/4G/5G)",FCC 47 CFR 2.106 (Federal),EU/Europe follows ITU Region 1 (largely identical to Region 1/2 primary services shown). Source: FCC 47 CFR 2.106 / ITU Radio Regulations 2016
0.004000,0.004100,USA,USA,MARITIME MOBILE,PRIMARY,,US340,"Point-to-point microwave links, satellite earth stations; Mobile phones, cellular base stations (2G/3G/4G/5G)",FCC 47 CFR 2.106 (Federal),EU/Europe follows ITU Region 1 (largely identical to Region 1/2 primary services shown). Source: FCC 47 CFR 2.106 / ITU Radio Regulations 2016
0.004100,0.004400,USA,USA,MARITIME MOBILE,PRIMARY,,5.79A 5.109 5.110 5.130 5.131 5.132 US82 US296 US340,"Mobile phones, cellular base stations (2G/3G/4G/5G)",FCC 47 CFR 2.106 (Federal),EU/Europe follows ITU Region 1 (largely identical to Region 1/2 primary services shown). Source: FCC 47 CFR 2.106 / ITU Radio Regulations 2016
0.004400,0.004500,ITU,Region 1/2,FIXED,PRIMARY,,,"Point-to-point microwave links, satellite earth stations; Radar systems, speed guns, weather radar; Mobile phones, cellular base stations (2G/3G/4G/5G)",ITU Radio Regulations,EU/Europe follows ITU Region 1 (largely identical to Region 1/2 primary services shown). Source: FCC 47 CFR 2.106 / ITU Radio Regulations 2016
0.004400,0.004500,ITU,Region 1/2,MOBILE except aeronautical,Secondary,,,"Point-to-point microwave links, satellite earth stations; Radar systems, speed guns, weather radar; Mobile phones, cellular base stations (2G/3G/4G/5G)",ITU Radio Regulations,EU/Europe follows ITU Region 1 (largely identical to Region 1/2 primary services shown). Source: FCC 47 CFR 2.106 / ITU Radio Regulations 2016
0.004400,0.004500,ITU,Region 1/2,mobile (R),Secondary,,,"Point-to-point microwave links, satellite earth stations; Radar systems, speed guns, weather radar; Mobile phones, cellular base stations (2G/3G/4G/5G)",ITU Radio Regulations,EU/Europe follows ITU Region 1 (largely identical to Region 1/2 primary services shown). Source: FCC 47 CFR 2.106 / ITU Radio Regulations 2016
0.004400,0.004500,ITU,Region 1/2,RADIOLOCATION,PRIMARY,,5.132A,"Point-to-point microwave links, satellite earth stations; Radar systems, speed guns, weather radar; Mobile phones, cellular base stations (2G/3G/4G/5G)",ITU Radio Regulations,EU/Europe follows ITU Region 1 (largely identical to Region 1/2 primary services shown). Source: FCC 47 CFR 2.106 / ITU Radio Regulations 2016
0.004400,0.004500,ITU,Region 3,FIXED,PRIMARY,,,"Point-to-point microwave links, satellite earth stations; Radar systems, speed guns, weather radar; Mobile phones, cellular base stations (2G/3G/4G/5G)",ITU Radio Regulations,EU/Europe follows ITU Region 1 (largely identical to Region 1/2 primary services shown). Source: FCC 47 CFR 2.106 / ITU Radio Regulations 2016
0.004400,0.004500,ITU,Region 3,MOBILE except aeronautical mobile,Secondary,,,"Point-to-point microwave links, satellite earth stations; Radar systems, speed guns, weather radar; Mobile phones, cellular base stations (2G/3G/4G/5G)",ITU Radio Regulations,EU/Europe follows ITU Region 1 (largely identical to Region 1/2 primary services shown). Source: FCC 47 CFR 2.106 / ITU Radio Regulations 2016
0.004400,0.004500,ITU,Region 3,Radiolocation,Secondary,,5.132A,"Point-to-point microwave links, satellite earth stations; Radar systems, speed guns, weather radar; Mobile phones, cellular base stations (2G/3G/4G/5G)",ITU Radio Regulations,EU/Europe follows ITU Region 1 (largely identical to Region 1/2 primary services shown). Source: FCC 47 CFR 2.106 / ITU Radio Regulations 2016
0.004400,0.004500,USA,USA,FIXED,PRIMARY,,US340,"Point-to-point microwave links, satellite earth stations; Radar systems, speed guns, weather radar; Mobile phones, cellular base stations (2G/3G/4G/5G)",FCC 47 CFR 2.106 (Federal),EU/Europe follows ITU Region 1 (largely identical to Region 1/2 primary services shown). Source: FCC 47 CFR 2.106 / ITU Radio Regulations 2016
0.004400,0.004500,USA,USA,MOBILE except aeronautical mobile (R),Secondary,,US340,"Point-to-point microwave links, satellite earth stations; Radar systems, speed guns, weather radar; Mobile phones, cellular base stations (2G/3G/4G/5G)",FCC 47 CFR 2.106 (Federal),EU/Europe follows ITU Region 1 (largely identical to Region 1/2 primary services shown). Source: FCC 47 CFR 2.106 / ITU Radio Regulations 2016
0.004400,0.004500,USA,USA,RADIOLOCATION,PRIMARY,,5.132A US340,"Point-to-point microwave links, satellite earth stations; Radar systems, speed guns, weather radar; Mobile phones, cellular base stations (2G/3G/4G/5G)",FCC 47 CFR 2.106 (Federal),EU/Europe follows ITU Region 1 (largely identical to Region 1/2 primary services shown). Source: FCC 47 CFR 2.106 / ITU Radio Regulations 2016
0.004500,0.004700,ITU,Region 3,FIXED,PRIMARY,,,"Point-to-point microwave links, satellite earth stations; Mobile phones, cellular base stations (2G/3G/4G/5G)",ITU Radio Regulations,EU/Europe follows ITU Region 1 (largely identical to Region 1/2 primary services shown). Source: FCC 47 CFR 2.106 / ITU Radio Regulations 2016
0.004500,0.004700,ITU,Region 3,MOBILE except aeronautical mobile,Secondary,,,"Point-to-point microwave links, satellite earth stations; Mobile phones, cellular base stations (2G/3G/4G/5G)",ITU Radio Regulations,EU/Europe follows ITU Region 1 (largely identical to Region 1/2 primary services shown). Source: FCC 47 CFR 2.106 / ITU Radio Regulations 2016
0.004500,0.004700,USA,USA,FIXED,PRIMARY,,US22 US340,"Point-to-point microwave links, satellite earth stations; Mobile phones, cellular base stations (2G/3G/4G/5G)",FCC 47 CFR 2.106 (Federal),EU/Europe follows ITU Region 1 (largely identical to Region 1/2 primary services shown). Source: FCC 47 CFR 2.106 / ITU Radio Regulations 2016
0.004500,0.004700,USA,USA,MOBILE except aeronautical mobile (R),Secondary,,US22 US340,"Point-to-point microwave links, satellite earth stations; Mobile phones, cellular base stations (2G/3G/4G/5G)",FCC 47 CFR 2.106 (Federal),EU/Europe follows ITU Region 1 (largely identical to Region 1/2 primary services shown). Source: FCC 47 CFR 2.106 / ITU Radio Regulations 2016
0.004700,0.004700,USA,USA,AERONAUTICAL MOBILE (R),PRIMARY,,US282 US283 US340,"Mobile phones, cellular base stations (2G/3G/4G/5G)",FCC 47 CFR 2.106 (Federal),EU/Europe follows ITU Region 1 (largely identical to Region 1/2 primary services shown). Source: FCC 47 CFR 2.106 / ITU Radio Regulations 2016
0.004700,0.004700,USA,USA,AERONAUTICAL MOBILE (OR),PRIMARY,,US340,"Mobile phones, cellular base stations (2G/3G/4G/5G)",FCC 47 CFR 2.106 (Federal),EU/Europe follows ITU Region 1 (largely identical to Region 1/2 primary services shown). Source: FCC 47 CFR 2.106 / ITU Radio Regulations 2016
0.004700,0.004800,ITU,Region 1/2,FIXED,PRIMARY,,,"AM/FM radios, DAB receivers, TV sets; Point-to-point microwave links, satellite earth stations; Mobile phones, cellular base stations (2G/3G/4G/5G)",ITU Radio Regulations,EU/Europe follows ITU Region 1 (largely identical to Region 1/2 primary services shown). Source: FCC 47 CFR 2.106 / ITU Radio Regulations 2016
0.004700,0.004800,ITU,Region 1/2,MOBILE except aeronautical mobile (R),Secondary,,,"AM/FM radios, DAB receivers, TV sets; Point-to-point microwave links, satellite earth stations; Mobile phones, cellular base stations (2G/3G/4G/5G)",ITU Radio Regulations,EU/Europe follows ITU Region 1 (largely identical to Region 1/2 primary services shown). Source: FCC 47 CFR 2.106 / ITU Radio Regulations 2016
0.004700,0.004800,ITU,Region 1/2,BROADCASTING,PRIMARY,,5.113,"AM/FM radios, DAB receivers, TV sets; Point-to-point microwave links, satellite earth stations; Mobile phones, cellular base stations (2G/3G/4G/5G)",ITU Radio Regulations,EU/Europe follows ITU Region 1 (largely identical to Region 1/2 primary services shown). Source: FCC 47 CFR 2.106 / ITU Radio Regulations 2016
0.004700,0.004800,ITU,Region 3,FIXED,PRIMARY,,,"AM/FM radios, DAB receivers, TV sets; Point-to-point microwave links, satellite earth stations; Mobile phones, cellular base stations (2G/3G/4G/5G)",ITU Radio Regulations,EU/Europe follows ITU Region 1 (largely identical to Region 1/2 primary services shown). Source: FCC 47 CFR 2.106 / ITU Radio Regulations 2016
0.004700,0.004800,ITU,Region 3,BROADCASTING,PRIMARY,,5.113,"AM/FM radios, DAB receivers, TV sets; Point-to-point microwave links, satellite earth stations; Mobile phones, cellular base stations (2G/3G/4G/5G)",ITU Radio Regulations,EU/Europe follows ITU Region 1 (largely identical to Region 1/2 primary services shown). Source: FCC 47 CFR 2.106 / ITU Radio Regulations 2016
0.004700,0.004800,ITU,Region 3,Land mobile,Secondary,,,"AM/FM radios, DAB receivers, TV sets; Point-to-point microwave links, satellite earth stations; Mobile phones, cellular base stations (2G/3G/4G/5G)",ITU Radio Regulations,EU/Europe follows ITU Region 1 (largely identical to Region 1/2 primary services shown). Source: FCC 47 CFR 2.106 / ITU Radio Regulations 2016
0.004700,0.004800,USA,USA,FIXED,PRIMARY,,US340,"AM/FM radios, DAB receivers, TV sets; Point-to-point microwave links, satellite earth stations; Mobile phones, cellular base stations (2G/3G/4G/5G)",FCC 47 CFR 2.106 (Federal),EU/Europe follows ITU Region 1 (largely identical to Region 1/2 primary services shown). Source: FCC 47 CFR 2.106 / ITU Radio Regulations 2016
0.004700,0.004800,USA,USA,MOBILE except aeronautical mobile (R),Secondary,,US340,"AM/FM radios, DAB receivers, TV sets; Point-to-point microwave links, satellite earth stations; Mobile phones, cellular base stations (2G/3G/4G/5G)",FCC 47 CFR 2.106 (Federal),EU/Europe follows ITU Region 1 (largely identical to Region 1/2 primary services shown). Source: FCC 47 CFR 2.106 / ITU Radio Regulations 2016
0.004800,0.005000,USA,USA,FIXED,PRIMARY,,US340,"Point-to-point microwave links, satellite earth stations; Mobile phones, cellular base stations (2G/3G/4G/5G)",FCC 47 CFR 2.106 (Federal),EU/Europe follows ITU Region 1 (largely identical to Region 1/2 primary services shown). Source: FCC 47 CFR 2.106 / ITU Radio Regulations 2016
0.004800,0.005000,USA,USA,MOBILE,PRIMARY,,US340,"Point-to-point microwave links, satellite earth stations; Mobile phones, cellular base stations (2G/3G/4G/5G)",FCC 47 CFR 2.106 (Federal),EU/Europe follows ITU Region 1 (largely identical to Region 1/2 primary services shown). Source: FCC 47 CFR 2.106 / ITU Radio Regulations 2016
0.004800,0.005000,USA,USA,FIXED,PRIMARY,,US340,"Point-to-point microwave links, satellite earth stations; Mobile phones, cellular base stations (2G/3G/4G/5G)",FCC 47 CFR 2.106 (Non-Fed),EU/Europe follows ITU Region 1 (largely identical to Region 1/2 primary services shown). Source: FCC 47 CFR 2.106 / ITU Radio Regulations 2016
0.005000,0.005000,USA,USA,STANDARD FREQUENCY AND TIME SIGNAL (5 MHz),Secondary,,US1 US340,"Atomic clocks, time receivers (DCF77, WWVB)",FCC 47 CFR 2.106 (Federal),EU/Europe follows ITU Region 1 (largely identical to Region 1/2 primary services shown). Source: FCC 47 CFR 2.106 / ITU Radio Regulations 2016
0.005000,0.005100,USA,USA,FIXED,PRIMARY,,US22 US340,"Point-to-point microwave links, satellite earth stations",FCC 47 CFR 2.106 (Federal),EU/Europe follows ITU Region 1 (largely identical to Region 1/2 primary services shown). Source: FCC 47 CFR 2.106 / ITU Radio Regulations 2016
0.005100,0.005300,USA,USA,FIXED,PRIMARY,,US22 US212 US340,"Point-to-point microwave links, satellite earth stations; Mobile phones, cellular base stations (2G/3G/4G/5G)",FCC 47 CFR 2.106 (Federal),EU/Europe follows ITU Region 1 (largely identical to Region 1/2 primary services shown). Source: FCC 47 CFR 2.106 / ITU Radio Regulations 2016
0.005100,0.005300,USA,USA,Mobile except aeronautical mobile,Secondary,,US212 US340,"Point-to-point microwave links, satellite earth stations; Mobile phones, cellular base stations (2G/3G/4G/5G)",FCC 47 CFR 2.106 (Federal),EU/Europe follows ITU Region 1 (largely identical to Region 1/2 primary services shown). Source: FCC 47 CFR 2.106 / ITU Radio Regulations 2016
0.005300,0.005300,ITU,Region 1/2,FIXED,PRIMARY,,,"Point-to-point microwave links, satellite earth stations; Radar systems, speed guns, weather radar; Mobile phones, cellular base stations (2G/3G/4G/5G)",ITU Radio Regulations,EU/Europe follows ITU Region 1 (largely identical to Region 1/2 primary services shown). Source: FCC 47 CFR 2.106 / ITU Radio Regulations 2016
0.005300,0.005300,ITU,Region 1/2,MOBILE except aeronautical mobile,Secondary,,,"Point-to-point microwave links, satellite earth stations; Radar systems, speed guns, weather radar; Mobile phones, cellular base stations (2G/3G/4G/5G)",ITU Radio Regulations,EU/Europe follows ITU Region 1 (largely identical to Region 1/2 primary services shown). Source: FCC 47 CFR 2.106 / ITU Radio Regulations 2016
0.005300,0.005300,ITU,Region 1/2,RADIOLOCATION,PRIMARY,,5.132A,"Point-to-point microwave links, satellite earth stations; Radar systems, speed guns, weather radar; Mobile phones, cellular base stations (2G/3G/4G/5G)",ITU Radio Regulations,EU/Europe follows ITU Region 1 (largely identical to Region 1/2 primary services shown). Source: FCC 47 CFR 2.106 / ITU Radio Regulations 2016
0.005300,0.005300,ITU,Region 3,FIXED,PRIMARY,,,"Point-to-point microwave links, satellite earth stations; Radar systems, speed guns, weather radar; Mobile phones, cellular base stations (2G/3G/4G/5G)",ITU Radio Regulations,EU/Europe follows ITU Region 1 (largely identical to Region 1/2 primary services shown). Source: FCC 47 CFR 2.106 / ITU Radio Regulations 2016
0.005300,0.005300,ITU,Region 3,MOBILE except aeronautical mobile,Secondary,,,"Point-to-point microwave links, satellite earth stations; Radar systems, speed guns, weather radar; Mobile phones, cellular base stations (2G/3G/4G/5G)",ITU Radio Regulations,EU/Europe follows ITU Region 1 (largely identical to Region 1/2 primary services shown). Source: FCC 47 CFR 2.106 / ITU Radio Regulations 2016
0.005300,0.005300,ITU,Region 3,Radiolocation,Secondary,,5.132A,"Point-to-point microwave links, satellite earth stations; Radar systems, speed guns, weather radar; Mobile phones, cellular base stations (2G/3G/4G/5G)",ITU Radio Regulations,EU/Europe follows ITU Region 1 (largely identical to Region 1/2 primary services shown). Source: FCC 47 CFR 2.106 / ITU Radio Regulations 2016
0.005300,0.005300,USA,USA,FIXED,PRIMARY,,US340,"Point-to-point microwave links, satellite earth stations; Radar systems, speed guns, weather radar; Mobile phones, cellular base stations (2G/3G/4G/5G)",FCC 47 CFR 2.106 (Federal),EU/Europe follows ITU Region 1 (largely identical to Region 1/2 primary services shown). Source: FCC 47 CFR 2.106 / ITU Radio Regulations 2016
0.005300,0.005300,USA,USA,MOBILE except aeronautical mobile,Secondary,,US340,"Point-to-point microwave links, satellite earth stations; Radar systems, speed guns, weather radar; Mobile phones, cellular base stations (2G/3G/4G/5G)",FCC 47 CFR 2.106 (Federal),EU/Europe follows ITU Region 1 (largely identical to Region 1/2 primary services shown). Source: FCC 47 CFR 2.106 / ITU Radio Regulations 2016
0.005300,0.005300,USA,USA,RADIOLOCATION,PRIMARY,,5.132A US340,"Point-to-point microwave links, satellite earth stations; Radar systems, speed guns, weather radar; Mobile phones, cellular base stations (2G/3G/4G/5G)",FCC 47 CFR 2.106 (Federal),EU/Europe follows ITU Region 1 (largely identical to Region 1/2 primary services shown). Source: FCC 47 CFR 2.106 / ITU Radio Regulations 2016
0.005300,0.005400,USA,USA,FIXED,PRIMARY,,US22 US23 US340,"Point-to-point microwave links, satellite earth stations; Mobile phones, cellular base stations (2G/3G/4G/5G)",FCC 47 CFR 2.106 (Federal),EU/Europe follows ITU Region 1 (largely identical to Region 1/2 primary services shown). Source: FCC 47 CFR 2.106 / ITU Radio Regulations 2016
0.005300,0.005400,USA,USA,Mobile except aeronautical mobile,Secondary,,US23 US340,"Point-to-point microwave links, satellite earth stations; Mobile phones, cellular base stations (2G/3G/4G/5G)",FCC 47 CFR 2.106 (Federal),EU/Europe follows ITU Region 1 (largely identical to Region 1/2 primary services shown). Source: FCC 47 CFR 2.106 / ITU Radio Regulations 2016
0.005400,0.005500,ITU,Region 1/2,AERONAUTICAL MOBILE (R),PRIMARY,,,"Mobile phones, cellular base stations (2G/3G/4G/5G)",ITU Radio Regulations,EU/Europe follows ITU Region 1 (largely identical to Region 1/2 primary services shown). Source: FCC 47 CFR 2.106 / ITU Radio Regulations 2016
0.005400,0.005500,ITU,Region 3,FIXED,PRIMARY,,,"Mobile phones, cellular base stations (2G/3G/4G/5G)",ITU Radio Regulations,EU/Europe follows ITU Region 1 (largely identical to Region 1/2 primary services shown). Source: FCC 47 CFR 2.106 / ITU Radio Regulations 2016
0.005400,0.005500,ITU,Region 3,AERONAUTICAL MOBILE (OR),PRIMARY,,,"Mobile phones, cellular base stations (2G/3G/4G/5G)",ITU Radio Regulations,EU/Europe follows ITU Region 1 (largely identical to Region 1/2 primary services shown). Source: FCC 47 CFR 2.106 / ITU Radio Regulations 2016
0.005400,0.005500,ITU,Region 3,LAND MOBILE,PRIMARY,,,"Mobile phones, cellular base stations (2G/3G/4G/5G)",ITU Radio Regulations,EU/Europe follows ITU Region 1 (largely identical to Region 1/2 primary services shown). Source: FCC 47 CFR 2.106 / ITU Radio Regulations 2016
0.005400,0.005500,USA,USA,AERONAUTICAL MOBILE (R),PRIMARY,,5.111 5.115 US283 US340,"Mobile phones, cellular base stations (2G/3G/4G/5G)",FCC 47 CFR 2.106 (Federal),EU/Europe follows ITU Region 1 (largely identical to Region 1/2 primary services shown). Source: FCC 47 CFR 2.106 / ITU Radio Regulations 2016
0.005700,0.005700,USA,USA,AERONAUTICAL MOBILE (OR),PRIMARY,,5.111 5.115 US340,"Mobile phones, cellular base stations (2G/3G/4G/5G)",FCC 47 CFR 2.106 (Federal),EU/Europe follows ITU Region 1 (largely identical to Region 1/2 primary services shown). Source: FCC 47 CFR 2.106 / ITU Radio Regulations 2016
0.005700,0.005900,ITU,Region 1/2,FIXED,PRIMARY,,,"Point-to-point microwave links, satellite earth stations; Mobile phones, cellular base stations (2G/3G/4G/5G)",ITU Radio Regulations,EU/Europe follows ITU Region 1 (largely identical to Region 1/2 primary services shown). Source: FCC 47 CFR 2.106 / ITU Radio Regulations 2016
0.005700,0.005900,ITU,Region 1/2,MOBILE except aeronautical mobile (R),Secondary,,,"Point-to-point microwave links, satellite earth stations; Mobile phones, cellular base stations (2G/3G/4G/5G)",ITU Radio Regulations,EU/Europe follows ITU Region 1 (largely identical to Region 1/2 primary services shown). Source: FCC 47 CFR 2.106 / ITU Radio Regulations 2016
0.005700,0.005900,ITU,Region 3,FIXED,PRIMARY,,,"Point-to-point microwave links, satellite earth stations; Mobile phones, cellular base stations (2G/3G/4G/5G)",ITU Radio Regulations,EU/Europe follows ITU Region 1 (largely identical to Region 1/2 primary services shown). Source: FCC 47 CFR 2.106 / ITU Radio Regulations 2016
0.005700,0.005900,ITU,Region 3,Mobile except aeronautical mobile (R),Secondary,,,"Point-to-point microwave links, satellite earth stations; Mobile phones, cellular base stations (2G/3G/4G/5G)",ITU Radio Regulations,EU/Europe follows ITU Region 1 (largely identical to Region 1/2 primary services shown). Source: FCC 47 CFR 2.106 / ITU Radio Regulations 2016
0.005700,0.005900,USA,USA,FIXED,PRIMARY,,US340,"Point-to-point microwave links, satellite earth stations; Mobile phones, cellular base stations (2G/3G/4G/5G)",FCC 47 CFR 2.106 (Federal),EU/Europe follows ITU Region 1 (largely identical to Region 1/2 primary services shown). Source: FCC 47 CFR 2.106 / ITU Radio Regulations 2016
0.005700,0.005900,USA,USA,MOBILE except aeronautical mobile (R),Secondary,,US340,"Point-to-point microwave links, satellite earth stations; Mobile phones, cellular base stations (2G/3G/4G/5G)",FCC 47 CFR 2.106 (Federal),EU/Europe follows ITU Region 1 (largely identical to Region 1/2 primary services shown). Source: FCC 47 CFR 2.106 / ITU Radio Regulations 2016
0.005900,0.006200,USA,USA,BROADCASTING,PRIMARY,,5.134 US136 US340,"AM/FM radios, DAB receivers, TV sets",FCC 47 CFR 2.106 (Federal),EU/Europe follows ITU Region 1 (largely identical to Region 1/2 primary services shown). Source: FCC 47 CFR 2.106 / ITU Radio Regulations 2016
0.006200,0.006500,USA,USA,MARITIME MOBILE,PRIMARY,,5.109 5.110 5.130 5.132 US82 US296 US340,"Mobile phones, cellular base stations (2G/3G/4G/5G)",FCC 47 CFR 2.106 (Federal),EU/Europe follows ITU Region 1 (largely identical to Region 1/2 primary services shown). Source: FCC 47 CFR 2.106 / ITU Radio Regulations 2016
0.006500,0.006700,USA,USA,AERONAUTICAL MOBILE (R),PRIMARY,,US283 US340,"Mobile phones, cellular base stations (2G/3G/4G/5G)",FCC 47 CFR 2.106 (Federal),EU/Europe follows ITU Region 1 (largely identical to Region 1/2 primary services shown). Source: FCC 47 CFR 2.106 / ITU Radio Regulations 2016
0.006700,0.006800,USA,USA,AERONAUTICAL MOBILE (OR),PRIMARY,,US340,"Mobile phones, cellular base stations (2G/3G/4G/5G)",FCC 47 CFR 2.106 (Federal),EU/Europe follows ITU Region 1 (largely identical to Region 1/2 primary services shown). Source: FCC 47 CFR 2.106 / ITU Radio Regulations 2016
0.006800,0.007000,USA,USA,FIXED,PRIMARY,,US22 5.138 US340,"Point-to-point microwave links, satellite earth stations; Mobile phones, cellular base stations (2G/3G/4G/5G)",FCC 47 CFR 2.106 (Federal),EU/Europe follows ITU Region 1 (largely identical to Region 1/2 primary services shown). Source: FCC 47 CFR 2.106 / ITU Radio Regulations 2016
0.006800,0.007000,USA,USA,MOBILE except aeronautical mobile (R),Secondary,,5.138 US340,"Point-to-point microwave links, satellite earth stations; Mobile phones, cellular base stations (2G/3G/4G/5G)",FCC 47 CFR 2.106 (Federal),EU/Europe follows ITU Region 1 (largely identical to Region 1/2 primary services shown). Source: FCC 47 CFR 2.106 / ITU Radio Regulations 2016
0.007000,0.007200,USA,USA,AMATEUR,PRIMARY,,US340,"Ham radio transceivers, SDR receivers",FCC 47 CFR 2.106 (Non-Fed),EU/Europe follows ITU Region 1 (largely identical to Region 1/2 primary services shown). Source: FCC 47 CFR 2.106 / ITU Radio Regulations 2016
0.007000,0.007200,USA,USA,AMATEUR-SATELLITE,PRIMARY,,US340,"Ham radio transceivers, SDR receivers",FCC 47 CFR 2.106 (Non-Fed),EU/Europe follows ITU Region 1 (largely identical to Region 1/2 primary services shown). Source: FCC 47 CFR 2.106 / ITU Radio Regulations 2016
0.007200,0.007300,ITU,Region 1/2,AMATEUR,PRIMARY,,,"Ham radio transceivers, SDR receivers",ITU Radio Regulations,EU/Europe follows ITU Region 1 (largely identical to Region 1/2 primary services shown). Source: FCC 47 CFR 2.106 / ITU Radio Regulations 2016
0.007200,0.007300,USA,USA,AMATEUR,PRIMARY,,US142 US340,"Ham radio transceivers, SDR receivers",FCC 47 CFR 2.106 (Non-Fed),EU/Europe follows ITU Region 1 (largely identical to Region 1/2 primary services shown). Source: FCC 47 CFR 2.106 / ITU Radio Regulations 2016
0.007300,0.007400,USA,USA,BROADCASTING,PRIMARY,,5.134 US136 US340,"AM/FM radios, DAB receivers, TV sets",FCC 47 CFR 2.106 (Federal),EU/Europe follows ITU Region 1 (largely identical to Region 1/2 primary services shown). Source: FCC 47 CFR 2.106 / ITU Radio Regulations 2016
0.007400,0.007500,ITU,Region 1/2,FIXED,PRIMARY,,,"Point-to-point microwave links, satellite earth stations; Mobile phones, cellular base stations (2G/3G/4G/5G)",ITU Radio Regulations,EU/Europe follows ITU Region 1 (largely identical to Region 1/2 primary services shown). Source: FCC 47 CFR 2.106 / ITU Radio Regulations 2016
0.007400,0.007500,ITU,Region 1/2,MOBILE except aeronautical mobile (R),Secondary,,,"Point-to-point microwave links, satellite earth stations; Mobile phones, cellular base stations (2G/3G/4G/5G)",ITU Radio Regulations,EU/Europe follows ITU Region 1 (largely identical to Region 1/2 primary services shown). Source: FCC 47 CFR 2.106 / ITU Radio Regulations 2016
0.007400,0.007500,ITU,Region 3,BROADCASTING,PRIMARY,,,"Point-to-point microwave links, satellite earth stations; Mobile phones, cellular base stations (2G/3G/4G/5G)",ITU Radio Regulations,EU/Europe follows ITU Region 1 (largely identical to Region 1/2 primary services shown). Source: FCC 47 CFR 2.106 / ITU Radio Regulations 2016
0.007400,0.007500,USA,USA,FIXED,PRIMARY,,US142 US340,"Point-to-point microwave links, satellite earth stations; Mobile phones, cellular base stations (2G/3G/4G/5G)",FCC 47 CFR 2.106 (Federal),EU/Europe follows ITU Region 1 (largely identical to Region 1/2 primary services shown). Source: FCC 47 CFR 2.106 / ITU Radio Regulations 2016
0.007400,0.007500,USA,USA,MOBILE except aeronautical mobile (R),Secondary,,US142 US340,"Point-to-point microwave links, satellite earth stations; Mobile phones, cellular base stations (2G/3G/4G/5G)",FCC 47 CFR 2.106 (Federal),EU/Europe follows ITU Region 1 (largely identical to Region 1/2 primary services shown). Source: FCC 47 CFR 2.106 / ITU Radio Regulations 2016
0.007500,0.008100,USA,USA,FIXED,PRIMARY,,US22 US340,"Point-to-point microwave links, satellite earth stations; Mobile phones, cellular base stations (2G/3G/4G/5G)",FCC 47 CFR 2.106 (Federal),EU/Europe follows ITU Region 1 (largely identical to Region 1/2 primary services shown). Source: FCC 47 CFR 2.106 / ITU Radio Regulations 2016
0.007500,0.008100,USA,USA,MOBILE except aeronautical mobile (R),Secondary,,US340,"Point-to-point microwave links, satellite earth stations; Mobile phones, cellular base stations (2G/3G/4G/5G)",FCC 47 CFR 2.106 (Federal),EU/Europe follows ITU Region 1 (largely identical to Region 1/2 primary services shown). Source: FCC 47 CFR 2.106 / ITU Radio Regulations 2016
0.008100,0.008200,USA,USA,FIXED,PRIMARY,,US340,"Point-to-point microwave links, satellite earth stations; Mobile phones, cellular base stations (2G/3G/4G/5G)",FCC 47 CFR 2.106 (Federal),EU/Europe follows ITU Region 1 (largely identical to Region 1/2 primary services shown). Source: FCC 47 CFR 2.106 / ITU Radio Regulations 2016
0.008100,0.008200,USA,USA,MARITIME MOBILE,PRIMARY,,US340,"Point-to-point microwave links, satellite earth stations; Mobile phones, cellular base stations (2G/3G/4G/5G)",FCC 47 CFR 2.106 (Federal),EU/Europe follows ITU Region 1 (largely identical to Region 1/2 primary services shown). Source: FCC 47 CFR 2.106 / ITU Radio Regulations 2016
0.008200,0.008800,USA,USA,MARITIME MOBILE,PRIMARY,,5.109 5.110 5.132 5.145 US82 5.111 US296 US340,"Mobile phones, cellular base stations (2G/3G/4G/5G)",FCC 47 CFR 2.106 (Federal),EU/Europe follows ITU Region 1 (largely identical to Region 1/2 primary services shown). Source: FCC 47 CFR 2.106 / ITU Radio Regulations 2016
0.008300,0.009000,USA,USA,METEOROLOGICAL AIDS,PRIMARY,,5.54A,"Radiosondes, weather balloons",FCC 47 CFR 2.106 (Federal),EU/Europe follows ITU Region 1 (largely identical to Region 1/2 primary services shown). Source: FCC 47 CFR 2.106 / ITU Radio Regulations 2016
0.008600,0.009000,USA,USA,RADIOLOCATION,PRIMARY,,G59 US53,"Radar systems, speed guns, weather radar",FCC 47 CFR 2.106 (Federal),EU/Europe follows ITU Region 1 (largely identical to Region 1/2 primary services shown). Source: FCC 47 CFR 2.106 / ITU Radio Regulations 2016
0.008600,0.009000,USA,USA,Radiolocation,Secondary,,US53,"Radar systems, speed guns, weather radar",FCC 47 CFR 2.106 (Non-Fed),EU/Europe follows ITU Region 1 (largely identical to Region 1/2 primary services shown). Source: FCC 47 CFR 2.106 / ITU Radio Regulations 2016
0.008800,0.009000,USA,USA,AERONAUTICAL MOBILE (R),PRIMARY,,US340,"Mobile phones, cellular base stations (2G/3G/4G/5G)",FCC 47 CFR 2.106 (Federal),EU/Europe follows ITU Region 1 (largely identical to Region 1/2 primary services shown). Source: FCC 47 CFR 2.106 / ITU Radio Regulations 2016
0.009000,0.009000,USA,USA,AERONAUTICAL MOBILE (OR),PRIMARY,,US340,"Mobile phones, cellular base stations (2G/3G/4G/5G)",FCC 47 CFR 2.106 (Federal),EU/Europe follows ITU Region 1 (largely identical to Region 1/2 primary services shown). Source: FCC 47 CFR 2.106 / ITU Radio Regulations 2016
0.009000,0.011300,USA,USA,METEOROLOGICAL AIDS,PRIMARY,,5.54A US2,"GPS receivers, GNSS devices; Radiosondes, weather balloons",FCC 47 CFR 2.106 (Federal),EU/Europe follows ITU Region 1 (largely identical to Region 1/2 primary services shown). Source: FCC 47 CFR 2.106 / ITU Radio Regulations 2016
0.009000,0.011300,USA,USA,RADIONAVIGATION,PRIMARY,,US18 US2,"GPS receivers, GNSS devices; Radiosondes, weather balloons",FCC 47 CFR 2.106 (Federal),EU/Europe follows ITU Region 1 (largely identical to Region 1/2 primary services shown). Source: FCC 47 CFR 2.106 / ITU Radio Regulations 2016
0.009000,0.009200,USA,USA,AERONAUTICAL,PRIMARY,,5.473A G19,"GPS receivers, GNSS devices; Radar systems, speed guns, weather radar",FCC 47 CFR 2.106 (Federal),EU/Europe follows ITU Region 1 (largely identical to Region 1/2 primary services shown). Source: FCC 47 CFR 2.106 / ITU Radio Regulations 2016
0.009000,0.009200,USA,USA,RADIONAVIGATION,PRIMARY,,5.337 5.473A G19,"GPS receivers, GNSS devices; Radar systems, speed guns, weather radar",FCC 47 CFR 2.106 (Federal),EU/Europe follows ITU Region 1 (largely identical to Region 1/2 primary services shown). Source: FCC 47 CFR 2.106 / ITU Radio Regulations 2016
0.009000,0.009200,USA,USA,RADIOLOCATION,PRIMARY,,G2 5.473A G19,"GPS receivers, GNSS devices; Radar systems, speed guns, weather radar",FCC 47 CFR 2.106 (Federal),EU/Europe follows ITU Region 1 (largely identical to Region 1/2 primary services shown). Source: FCC 47 CFR 2.106 / ITU Radio Regulations 2016
0.009000,0.009200,USA,USA,AERONAUTICAL,PRIMARY,,,"GPS receivers, GNSS devices; Radar systems, speed guns, weather radar",FCC 47 CFR 2.106 (Non-Fed),EU/Europe follows ITU Region 1 (largely identical to Region 1/2 primary services shown). Source: FCC 47 CFR 2.106 / ITU Radio Regulations 2016
0.009000,0.009200,USA,USA,RADIONAVIGATION,PRIMARY,,5.337,"GPS receivers, GNSS devices; Radar systems, speed guns, weather radar",FCC 47 CFR 2.106 (Non-Fed),EU/Europe follows ITU Region 1 (largely identical to Region 1/2 primary services shown). Source: FCC 47 CFR 2.106 / ITU Radio Regulations 2016
0.009000,0.009200,USA,USA,Radiolocation,Secondary,,,"GPS receivers, GNSS devices; Radar systems, speed guns, weather radar",FCC 47 CFR 2.106 (Non-Fed),EU/Europe follows ITU Region 1 (largely identical to Region 1/2 primary services shown). Source: FCC 47 CFR 2.106 / ITU Radio Regulations 2016
0.009000,0.009400,ITU,Region 1/2,FIXED,PRIMARY,,,"Point-to-point microwave links, satellite earth stations",ITU Radio Regulations,EU/Europe follows ITU Region 1 (largely identical to Region 1/2 primary services shown). Source: FCC 47 CFR 2.106 / ITU Radio Regulations 2016
0.009000,0.009400,ITU,Region 3,FIXED,PRIMARY,,,"Point-to-point microwave links, satellite earth stations",ITU Radio Regulations,EU/Europe follows ITU Region 1 (largely identical to Region 1/2 primary services shown). Source: FCC 47 CFR 2.106 / ITU Radio Regulations 2016
0.009000,0.009400,USA,USA,FIXED,PRIMARY,,US340,"Point-to-point microwave links, satellite earth stations",FCC 47 CFR 2.106 (Federal),EU/Europe follows ITU Region 1 (largely identical to Region 1/2 primary services shown). Source: FCC 47 CFR 2.106 / ITU Radio Regulations 2016
0.009200,0.009300,USA,USA,MARITIME RADIONAVIGATION,PRIMARY,,5.472 5.474,"GPS receivers, GNSS devices; Radar systems, speed guns, weather radar",FCC 47 CFR 2.106 (Federal),EU/Europe follows ITU Region 1 (largely identical to Region 1/2 primary services shown). Source: FCC 47 CFR 2.106 / ITU Radio Regulations 2016
0.009200,0.009300,USA,USA,Radiolocation,Secondary,,US110 G59 5.472 5.474,"GPS receivers, GNSS devices; Radar systems, speed guns, weather radar",FCC 47 CFR 2.106 (Federal),EU/Europe follows ITU Region 1 (largely identical to Region 1/2 primary services shown). Source: FCC 47 CFR 2.106 / ITU Radio Regulations 2016
0.009200,0.009300,USA,USA,MARITIME RADIONAVIGATION,PRIMARY,,5.472 5.474,"GPS receivers, GNSS devices; Radar systems, speed guns, weather radar",FCC 47 CFR 2.106 (Non-Fed),EU/Europe follows ITU Region 1 (largely identical to Region 1/2 primary services shown). Source: FCC 47 CFR 2.106 / ITU Radio Regulations 2016
0.009200,0.009300,USA,USA,Radiolocation,Secondary,,US110 5.472 5.474,"GPS receivers, GNSS devices; Radar systems, speed guns, weather radar",FCC 47 CFR 2.106 (Non-Fed),EU/Europe follows ITU Region 1 (largely identical to Region 1/2 primary services shown). Source: FCC 47 CFR 2.106 / ITU Radio Regulations 2016
0.009300,0.009500,USA,USA,EARTH EXPLORATION-,PRIMARY,,5.427 5.474 5.475A 5.475B US67 US71 US476A,"GPS receivers, GNSS devices; Satellite phones, VSAT terminals, satellite internet; Radiosondes, weather balloons; Radar systems, speed guns, weather radar; Deep space probes, scientific satellites",FCC 47 CFR 2.106 (Federal),EU/Europe follows ITU Region 1 (largely identical to Region 1/2 primary services shown). Source: FCC 47 CFR 2.106 / ITU Radio Regulations 2016
0.009300,0.009500,USA,USA,SATELLITE (active),Secondary,,5.427 5.474 5.475A 5.475B US67 US71 US476A,"GPS receivers, GNSS devices; Satellite phones, VSAT terminals, satellite internet; Radiosondes, weather balloons; Radar systems, speed guns, weather radar; Deep space probes, scientific satellites",FCC 47 CFR 2.106 (Federal),EU/Europe follows ITU Region 1 (largely identical to Region 1/2 primary services shown). Source: FCC 47 CFR 2.106 / ITU Radio Regulations 2016
0.009300,0.009500,USA,USA,RADIOLOCATION,PRIMARY,,G56 5.427 5.474 5.475A 5.475B US67 US71 US476A,"GPS receivers, GNSS devices; Satellite phones, VSAT terminals, satellite internet; Radiosondes, weather balloons; Radar systems, speed guns, weather radar; Deep space probes, scientific satellites",FCC 47 CFR 2.106 (Federal),EU/Europe follows ITU Region 1 (largely identical to Region 1/2 primary services shown). Source: FCC 47 CFR 2.106 / ITU Radio Regulations 2016
0.009300,0.009500,USA,USA,RADIONAVIGATION,PRIMARY,,US475 5.427 5.474 5.475A 5.475B US67 US71 US476A,"GPS receivers, GNSS devices; Satellite phones, VSAT terminals, satellite internet; Radiosondes, weather balloons; Radar systems, speed guns, weather radar; Deep space probes, scientific satellites",FCC 47 CFR 2.106 (Federal),EU/Europe follows ITU Region 1 (largely identical to Region 1/2 primary services shown). Source: FCC 47 CFR 2.106 / ITU Radio Regulations 2016
0.009300,0.009500,USA,USA,SPACE RESEARCH (active),Secondary,,5.427 5.474 5.475A 5.475B US67 US71 US476A,"GPS receivers, GNSS devices; Satellite phones, VSAT terminals, satellite internet; Radiosondes, weather balloons; Radar systems, speed guns, weather radar; Deep space probes, scientific satellites",FCC 47 CFR 2.106 (Federal),EU/Europe follows ITU Region 1 (largely identical to Region 1/2 primary services shown). Source: FCC 47 CFR 2.106 / ITU Radio Regulations 2016
0.009300,0.009500,USA,USA,Meteorological aids,Secondary,,5.427 5.474 5.475A 5.475B US67 US71 US476A,"GPS receivers, GNSS devices; Satellite phones, VSAT terminals, satellite internet; Radiosondes, weather balloons; Radar systems, speed guns, weather radar; Deep space probes, scientific satellites",FCC 47 CFR 2.106 (Federal),EU/Europe follows ITU Region 1 (largely identical to Region 1/2 primary services shown). Source: FCC 47 CFR 2.106 / ITU Radio Regulations 2016
0.009300,0.009500,USA,USA,RADIONAVIGATION,PRIMARY,,US475 5.427 5.474 US67 US71 US476A,"GPS receivers, GNSS devices; Satellite phones, VSAT terminals, satellite internet; Radiosondes, weather balloons; Radar systems, speed guns, weather radar; Deep space probes, scientific satellites",FCC 47 CFR 2.106 (Non-Fed),EU/Europe follows ITU Region 1 (largely identical to Region 1/2 primary services shown). Source: FCC 47 CFR 2.106 / ITU Radio Regulations 2016
0.009300,0.009500,USA,USA,Meteorological aids,Secondary,,5.427 5.474 US67 US71 US476A,"GPS receivers, GNSS devices; Satellite phones, VSAT terminals, satellite internet; Radiosondes, weather balloons; Radar systems, speed guns, weather radar; Deep space probes, scientific satellites",FCC 47 CFR 2.106 (Non-Fed),EU/Europe follows ITU Region 1 (largely identical to Region 1/2 primary services shown). Source: FCC 47 CFR 2.106 / ITU Radio Regulations 2016
0.009300,0.009500,USA,USA,Earth exploration-satellite (active),Secondary,,5.427 5.474 US67 US71 US476A,"GPS receivers, GNSS devices; Satellite phones, VSAT terminals, satellite internet; Radiosondes, weather balloons; Radar systems, speed guns, weather radar; Deep space probes, scientific satellites",FCC 47 CFR 2.106 (Non-Fed),EU/Europe follows ITU Region 1 (largely identical to Region 1/2 primary services shown). Source: FCC 47 CFR 2.106 / ITU Radio Regulations 2016
0.009300,0.009500,USA,USA,Radiolocation,Secondary,,5.427 5.474 US67 US71 US476A,"GPS receivers, GNSS devices; Satellite phones, VSAT terminals, satellite internet; Radiosondes, weather balloons; Radar systems, speed guns, weather radar; Deep space probes, scientific satellites",FCC 47 CFR 2.106 (Non-Fed),EU/Europe follows ITU Region 1 (largely identical to Region 1/2 primary services shown). Source: FCC 47 CFR 2.106 / ITU Radio Regulations 2016
0.009300,0.009500,USA,USA,Space research (active),Secondary,,5.427 5.474 US67 US71 US476A,"GPS receivers, GNSS devices; Satellite phones, VSAT terminals, satellite internet; Radiosondes, weather balloons; Radar systems, speed guns, weather radar; Deep space probes, scientific satellites",FCC 47 CFR 2.106 (Non-Fed),EU/Europe follows ITU Region 1 (largely identical to Region 1/2 primary services shown). Source: FCC 47 CFR 2.106 / ITU Radio Regulations 2016
0.009400,0.009900,USA,USA,BROADCASTING,PRIMARY,,5.134 US136 US340,"AM/FM radios, DAB receivers, TV sets",FCC 47 CFR 2.106 (Federal),EU/Europe follows ITU Region 1 (largely identical to Region 1/2 primary services shown). Source: FCC 47 CFR 2.106 / ITU Radio Regulations 2016
0.009500,0.009800,USA,USA,EARTH EXPLORATION-,PRIMARY,,,"Satellite phones, VSAT terminals, satellite internet; Radar systems, speed guns, weather radar; Deep space probes, scientific satellites",FCC 47 CFR 2.106 (Federal),EU/Europe follows ITU Region 1 (largely identical to Region 1/2 primary services shown). Source: FCC 47 CFR 2.106 / ITU Radio Regulations 2016
0.009500,0.009800,USA,USA,SATELLITE (active),Secondary,,,"Satellite phones, VSAT terminals, satellite internet; Radar systems, speed guns, weather radar; Deep space probes, scientific satellites",FCC 47 CFR 2.106 (Federal),EU/Europe follows ITU Region 1 (largely identical to Region 1/2 primary services shown). Source: FCC 47 CFR 2.106 / ITU Radio Regulations 2016
0.009500,0.009800,USA,USA,RADIOLOCATION,PRIMARY,,,"Satellite phones, VSAT terminals, satellite internet; Radar systems, speed guns, weather radar; Deep space probes, scientific satellites",FCC 47 CFR 2.106 (Federal),EU/Europe follows ITU Region 1 (largely identical to Region 1/2 primary services shown). Source: FCC 47 CFR 2.106 / ITU Radio Regulations 2016
0.009500,0.009800,USA,USA,SPACE RESEARCH (active),Secondary,,,"Satellite phones, VSAT terminals, satellite internet; Radar systems, speed guns, weather radar; Deep space probes, scientific satellites",FCC 47 CFR 2.106 (Federal),EU/Europe follows ITU Region 1 (largely identical to Region 1/2 primary services shown). Source: FCC 47 CFR 2.106 / ITU Radio Regulations 2016
0.009500,0.009800,USA,USA,Earth exploration-satellite (active),Secondary,,,"Satellite phones, VSAT terminals, satellite internet; Radar systems, speed guns, weather radar; Deep space probes, scientific satellites",FCC 47 CFR 2.106 (Non-Fed),EU/Europe follows ITU Region 1 (largely identical to Region 1/2 primary services shown). Source: FCC 47 CFR 2.106 / ITU Radio Regulations 2016
0.009500,0.009800,USA,USA,Radiolocation,Secondary,,,"Satellite phones, VSAT terminals, satellite internet; Radar systems, speed guns, weather radar; Deep space probes, scientific satellites",FCC 47 CFR 2.106 (Non-Fed),EU/Europe follows ITU Region 1 (largely identical to Region 1/2 primary services shown). Source: FCC 47 CFR 2.106 / ITU Radio Regulations 2016
0.009500,0.009800,USA,USA,Space research (active),Secondary,,,"Satellite phones, VSAT terminals, satellite internet; Radar systems, speed guns, weather radar; Deep space probes, scientific satellites",FCC 47 CFR 2.106 (Non-Fed),EU/Europe follows ITU Region 1 (largely identical to Region 1/2 primary services shown). Source: FCC 47 CFR 2.106 / ITU Radio Regulations 2016
0.009800,0.009900,USA,USA,RADIOLOCATION,PRIMARY,,,"Satellite phones, VSAT terminals, satellite internet; Radar systems, speed guns, weather radar; Deep space probes, scientific satellites",FCC 47 CFR 2.106 (Federal),EU/Europe follows ITU Region 1 (largely identical to Region 1/2 primary services shown). Source: FCC 47 CFR 2.106 / ITU Radio Regulations 2016
0.009800,0.009900,USA,USA,Earth exploration-satellite (active),Secondary,,,"Satellite phones, VSAT terminals, satellite internet; Radar systems, speed guns, weather radar; Deep space probes, scientific satellites",FCC 47 CFR 2.106 (Federal),EU/Europe follows ITU Region 1 (largely identical to Region 1/2 primary services shown). Source: FCC 47 CFR 2.106 / ITU Radio Regulations 2016
0.009800,0.009900,USA,USA,Space research (active),Secondary,,,"Satellite phones, VSAT terminals, satellite internet; Radar systems, speed guns, weather radar; Deep space probes, scientific satellites",FCC 47 CFR 2.106 (Federal),EU/Europe follows ITU Region 1 (largely identical to Region 1/2 primary services shown). Source: FCC 47 CFR 2.106 / ITU Radio Regulations 2016
0.009900,0.010000,USA,USA,FIXED,PRIMARY,,US340,"Point-to-point microwave links, satellite earth stations",FCC 47 CFR 2.106 (Federal),EU/Europe follows ITU Region 1 (largely identical to Region 1/2 primary services shown). Source: FCC 47 CFR 2.106 / ITU Radio Regulations 2016
0.009900,0.010000,USA,USA,RADIOLOCATION,PRIMARY,,5.479,"Radar systems, speed guns, weather radar",FCC 47 CFR 2.106 (Federal),EU/Europe follows ITU Region 1 (largely identical to Region 1/2 primary services shown). Source: FCC 47 CFR 2.106 / ITU Radio Regulations 2016
0.009900,0.010000,USA,USA,Radiolocation,Secondary,,5.479,"Radar systems, speed guns, weather radar",FCC 47 CFR 2.106 (Non-Fed),EU/Europe follows ITU Region 1 (largely identical to Region 1/2 primary services shown). Source: FCC 47 CFR 2.106 / ITU Radio Regulations 2016
0.010000,0.010000,USA,USA,STANDARD FREQUENCY AND TIME SIGNAL (10 MHz),Secondary,,5.111 US1 US340,"Atomic clocks, time receivers (DCF77, WWVB)",FCC 47 CFR 2.106 (Federal),EU/Europe follows ITU Region 1 (largely identical to Region 1/2 primary services shown). Source: FCC 47 CFR 2.106 / ITU Radio Regulations 2016
0.010000,0.010400,ITU,Region 1/2,EARTH EXPLORATION-SATELLITE,PRIMARY,,,"Ham radio transceivers, SDR receivers; Satellite phones, VSAT terminals, satellite internet; Radar systems, speed guns, weather radar",ITU Radio Regulations,EU/Europe follows ITU Region 1 (largely identical to Region 1/2 primary services shown). Source: FCC 47 CFR 2.106 / ITU Radio Regulations 2016
0.010000,0.010400,ITU,Region 1/2,(active),Secondary,,5.474A 5.474B 5.474C,"Ham radio transceivers, SDR receivers; Satellite phones, VSAT terminals, satellite internet; Radar systems, speed guns, weather radar",ITU Radio Regulations,EU/Europe follows ITU Region 1 (largely identical to Region 1/2 primary services shown). Source: FCC 47 CFR 2.106 / ITU Radio Regulations 2016
0.010000,0.010400,ITU,Region 1/2,RADIOLOCATION,PRIMARY,,,"Ham radio transceivers, SDR receivers; Satellite phones, VSAT terminals, satellite internet; Radar systems, speed guns, weather radar",ITU Radio Regulations,EU/Europe follows ITU Region 1 (largely identical to Region 1/2 primary services shown). Source: FCC 47 CFR 2.106 / ITU Radio Regulations 2016
0.010000,0.010400,ITU,Region 1/2,Amateur,Secondary,,,"Ham radio transceivers, SDR receivers; Satellite phones, VSAT terminals, satellite internet; Radar systems, speed guns, weather radar",ITU Radio Regulations,EU/Europe follows ITU Region 1 (largely identical to Region 1/2 primary services shown). Source: FCC 47 CFR 2.106 / ITU Radio Regulations 2016
0.010000,0.010400,ITU,Region 3,EARTH EXPLORATION-SATELLITE,PRIMARY,,,"Ham radio transceivers, SDR receivers; Satellite phones, VSAT terminals, satellite internet; Radar systems, speed guns, weather radar",ITU Radio Regulations,EU/Europe follows ITU Region 1 (largely identical to Region 1/2 primary services shown). Source: FCC 47 CFR 2.106 / ITU Radio Regulations 2016
0.010000,0.010400,ITU,Region 3,(active),Secondary,,5.474A 5.474B 5.474C,"Ham radio transceivers, SDR receivers; Satellite phones, VSAT terminals, satellite internet; Radar systems, speed guns, weather radar",ITU Radio Regulations,EU/Europe follows ITU Region 1 (largely identical to Region 1/2 primary services shown). Source: FCC 47 CFR 2.106 / ITU Radio Regulations 2016
0.010000,0.010400,ITU,Region 3,FIXED,PRIMARY,,,"Ham radio transceivers, SDR receivers; Satellite phones, VSAT terminals, satellite internet; Radar systems, speed guns, weather radar",ITU Radio Regulations,EU/Europe follows ITU Region 1 (largely identical to Region 1/2 primary services shown). Source: FCC 47 CFR 2.106 / ITU Radio Regulations 2016
0.010000,0.010400,ITU,Region 3,MOBILE,PRIMARY,,,"Ham radio transceivers, SDR receivers; Satellite phones, VSAT terminals, satellite internet; Radar systems, speed guns, weather radar",ITU Radio Regulations,EU/Europe follows ITU Region 1 (largely identical to Region 1/2 primary services shown). Source: FCC 47 CFR 2.106 / ITU Radio Regulations 2016
0.010000,0.010400,ITU,Region 3,RADIOLOCATION,PRIMARY,,,"Ham radio transceivers, SDR receivers; Satellite phones, VSAT terminals, satellite internet; Radar systems, speed guns, weather radar",ITU Radio Regulations,EU/Europe follows ITU Region 1 (largely identical to Region 1/2 primary services shown). Source: FCC 47 CFR 2.106 / ITU Radio Regulations 2016
0.010000,0.010400,ITU,Region 3,Amateur,Secondary,,,"Ham radio transceivers, SDR receivers; Satellite phones, VSAT terminals, satellite internet; Radar systems, speed guns, weather radar",ITU Radio Regulations,EU/Europe follows ITU Region 1 (largely identical to Region 1/2 primary services shown). Source: FCC 47 CFR 2.106 / ITU Radio Regulations 2016
0.010000,0.010400,USA,USA,RADIOLOCATION,PRIMARY,,US108 G32 5.479 US128,"Ham radio transceivers, SDR receivers; Satellite phones, VSAT terminals, satellite internet; Radar systems, speed guns, weather radar",FCC 47 CFR 2.106 (Federal),EU/Europe follows ITU Region 1 (largely identical to Region 1/2 primary services shown). Source: FCC 47 CFR 2.106 / ITU Radio Regulations 2016
0.010000,0.010400,USA,USA,Amateur,Secondary,,5.479 US128 NG50,"Ham radio transceivers, SDR receivers; Satellite phones, VSAT terminals, satellite internet; Radar systems, speed guns, weather radar",FCC 47 CFR 2.106 (Non-Fed),EU/Europe follows ITU Region 1 (largely identical to Region 1/2 primary services shown). Source: FCC 47 CFR 2.106 / ITU Radio Regulations 2016
0.010000,0.010400,USA,USA,Radiolocation,Secondary,,US108 5.479 US128 NG50,"Ham radio transceivers, SDR receivers; Satellite phones, VSAT terminals, satellite internet; Radar systems, speed guns, weather radar",FCC 47 CFR 2.106 (Non-Fed),EU/Europe follows ITU Region 1 (largely identical to Region 1/2 primary services shown). Source: FCC 47 CFR 2.106 / ITU Radio Regulations 2016
0.010000,0.010100,USA,USA,AERONAUTICAL MOBILE (R),PRIMARY,,5.111 US283 US340,"Mobile phones, cellular base stations (2G/3G/4G/5G)",FCC 47 CFR 2.106 (Federal),EU/Europe follows ITU Region 1 (largely identical to Region 1/2 primary services shown). Source: FCC 47 CFR 2.106 / ITU Radio Regulations 2016
0.010100,0.010200,USA,USA,AMATEUR,PRIMARY,,US247 US340,"Ham radio transceivers, SDR receivers",FCC 47 CFR 2.106 (Non-Fed),EU/Europe follows ITU Region 1 (largely identical to Region 1/2 primary services shown). Source: FCC 47 CFR 2.106 / ITU Radio Regulations 2016
0.010200,0.011200,USA,USA,FIXED,PRIMARY,,US340,"Point-to-point microwave links, satellite earth stations; Mobile phones, cellular base stations (2G/3G/4G/5G)",FCC 47 CFR 2.106 (Federal),EU/Europe follows ITU Region 1 (largely identical to Region 1/2 primary services shown). Source: FCC 47 CFR 2.106 / ITU Radio Regulations 2016
0.010200,0.011200,USA,USA,Mobile except aeronautical mobile (R),Secondary,,US340,"Point-to-point microwave links, satellite earth stations; Mobile phones, cellular base stations (2G/3G/4G/5G)",FCC 47 CFR 2.106 (Federal),EU/Europe follows ITU Region 1 (largely identical to Region 1/2 primary services shown). Source: FCC 47 CFR 2.106 / ITU Radio Regulations 2016
0.010400,0.010400,ITU,Region 1/2,RADIOLOCATION,PRIMARY,,,"Ham radio transceivers, SDR receivers; Radar systems, speed guns, weather radar",ITU Radio Regulations,EU/Europe follows ITU Region 1 (largely identical to Region 1/2 primary services shown). Source: FCC 47 CFR 2.106 / ITU Radio Regulations 2016
0.010400,0.010400,ITU,Region 1/2,Amateur,Secondary,,,"Ham radio transceivers, SDR receivers; Radar systems, speed guns, weather radar",ITU Radio Regulations,EU/Europe follows ITU Region 1 (largely identical to Region 1/2 primary services shown). Source: FCC 47 CFR 2.106 / ITU Radio Regulations 2016
0.010400,0.010400,ITU,Region 3,FIXED,PRIMARY,,,"Ham radio transceivers, SDR receivers; Radar systems, speed guns, weather radar",ITU Radio Regulations,EU/Europe follows ITU Region 1 (largely identical to Region 1/2 primary services shown). Source: FCC 47 CFR 2.106 / ITU Radio Regulations 2016
0.010400,0.010400,ITU,Region 3,MOBILE,PRIMARY,,,"Ham radio transceivers, SDR receivers; Radar systems, speed guns, weather radar",ITU Radio Regulations,EU/Europe follows ITU Region 1 (largely identical to Region 1/2 primary services shown). Source: FCC 47 CFR 2.106 / ITU Radio Regulations 2016
0.010400,0.010400,ITU,Region 3,RADIOLOCATION,PRIMARY,,,"Ham radio transceivers, SDR receivers; Radar systems, speed guns, weather radar",ITU Radio Regulations,EU/Europe follows ITU Region 1 (largely identical to Region 1/2 primary services shown). Source: FCC 47 CFR 2.106 / ITU Radio Regulations 2016
0.010400,0.010400,ITU,Region 3,Amateur,Secondary,,,"Ham radio transceivers, SDR receivers; Radar systems, speed guns, weather radar",ITU Radio Regulations,EU/Europe follows ITU Region 1 (largely identical to Region 1/2 primary services shown). Source: FCC 47 CFR 2.106 / ITU Radio Regulations 2016
0.010500,0.010600,ITU,Region 1/2,FIXED,PRIMARY,,,"Point-to-point microwave links, satellite earth stations; Radar systems, speed guns, weather radar; Mobile phones, cellular base stations (2G/3G/4G/5G)",ITU Radio Regulations,EU/Europe follows ITU Region 1 (largely identical to Region 1/2 primary services shown). Source: FCC 47 CFR 2.106 / ITU Radio Regulations 2016
0.010500,0.010600,ITU,Region 1/2,MOBILE,PRIMARY,,,"Point-to-point microwave links, satellite earth stations; Radar systems, speed guns, weather radar; Mobile phones, cellular base stations (2G/3G/4G/5G)",ITU Radio Regulations,EU/Europe follows ITU Region 1 (largely identical to Region 1/2 primary services shown). Source: FCC 47 CFR 2.106 / ITU Radio Regulations 2016
0.010500,0.010600,ITU,Region 1/2,RADIOLOCATION,PRIMARY,,,"Point-to-point microwave links, satellite earth stations; Radar systems, speed guns, weather radar; Mobile phones, cellular base stations (2G/3G/4G/5G)",ITU Radio Regulations,EU/Europe follows ITU Region 1 (largely identical to Region 1/2 primary services shown). Source: FCC 47 CFR 2.106 / ITU Radio Regulations 2016
0.010500,0.010600,USA,USA,RADIOLOCATION,PRIMARY,,US59,"Point-to-point microwave links, satellite earth stations; Radar systems, speed guns, weather radar; Mobile phones, cellular base stations (2G/3G/4G/5G)",FCC 47 CFR 2.106 (Federal),EU/Europe follows ITU Region 1 (largely identical to Region 1/2 primary services shown). Source: FCC 47 CFR 2.106 / ITU Radio Regulations 2016
0.010600,0.010600,USA,USA,FIXED,PRIMARY,,,"Point-to-point microwave links, satellite earth stations",FCC 47 CFR 2.106 (Non-Fed),EU/Europe follows ITU Region 1 (largely identical to Region 1/2 primary services shown). Source: FCC 47 CFR 2.106 / ITU Radio Regulations 2016
0.010600,0.010700,USA,USA,EARTH EXPLORATION-,PRIMARY,,US130 US131 US482,"Point-to-point microwave links, satellite earth stations; Satellite phones, VSAT terminals, satellite internet; Deep space probes, scientific satellites",FCC 47 CFR 2.106 (Federal),EU/Europe follows ITU Region 1 (largely identical to Region 1/2 primary services shown). Source: FCC 47 CFR 2.106 / ITU Radio Regulations 2016
0.010600,0.010700,USA,USA,SATELLITE (passive),Secondary,,US130 US131 US482,"Point-to-point microwave links, satellite earth stations; Satellite phones, VSAT terminals, satellite internet; Deep space probes, scientific satellites",FCC 47 CFR 2.106 (Federal),EU/Europe follows ITU Region 1 (largely identical to Region 1/2 primary services shown). Source: FCC 47 CFR 2.106 / ITU Radio Regulations 2016
0.010600,0.010700,USA,USA,SPACE RESEARCH (passive),Secondary,,US130 US131 US482,"Point-to-point microwave links, satellite earth stations; Satellite phones, VSAT terminals, satellite internet; Deep space probes, scientific satellites",FCC 47 CFR 2.106 (Federal),EU/Europe follows ITU Region 1 (largely identical to Region 1/2 primary services shown). Source: FCC 47 CFR 2.106 / ITU Radio Regulations 2016
0.010600,0.010700,USA,USA,EARTH EXPLORATION-,PRIMARY,,US130 US131,"Point-to-point microwave links, satellite earth stations; Satellite phones, VSAT terminals, satellite internet; Deep space probes, scientific satellites",FCC 47 CFR 2.106 (Non-Fed),EU/Europe follows ITU Region 1 (largely identical to Region 1/2 primary services shown). Source: FCC 47 CFR 2.106 / ITU Radio Regulations 2016
0.010600,0.010700,USA,USA,SATELLITE (passive),Secondary,,US130 US131,"Point-to-point microwave links, satellite earth stations; Satellite phones, VSAT terminals, satellite internet; Deep space probes, scientific satellites",FCC 47 CFR 2.106 (Non-Fed),EU/Europe follows ITU Region 1 (largely identical to Region 1/2 primary services shown). Source: FCC 47 CFR 2.106 / ITU Radio Regulations 2016
0.010600,0.010700,USA,USA,FIXED,PRIMARY,,US482 US130 US131,"Point-to-point microwave links, satellite earth stations; Satellite phones, VSAT terminals, satellite internet; Deep space probes, scientific satellites",FCC 47 CFR 2.106 (Non-Fed),EU/Europe follows ITU Region 1 (largely identical to Region 1/2 primary services shown). Source: FCC 47 CFR 2.106 / ITU Radio Regulations 2016
0.010600,0.010700,USA,USA,SPACE RESEARCH (passive),Secondary,,US130 US131,"Point-to-point microwave links, satellite earth stations; Satellite phones, VSAT terminals, satellite internet; Deep space probes, scientific satellites",FCC 47 CFR 2.106 (Non-Fed),EU/Europe follows ITU Region 1 (largely identical to Region 1/2 primary services shown). Source: FCC 47 CFR 2.106 / ITU Radio Regulations 2016
0.010700,0.010700,USA,USA,EARTH EXPLORATION-SATELLITE (passive),Secondary,,US131 US246,"Radio telescopes, scientific receivers; Satellite phones, VSAT terminals, satellite internet; Deep space probes, scientific satellites",FCC 47 CFR 2.106 (Federal),EU/Europe follows ITU Region 1 (largely identical to Region 1/2 primary services shown). Source: FCC 47 CFR 2.106 / ITU Radio Regulations 2016
0.010700,0.010700,USA,USA,RADIO ASTRONOMY,PRIMARY,,US74 US131 US246,"Radio telescopes, scientific receivers; Satellite phones, VSAT terminals, satellite internet; Deep space probes, scientific satellites",FCC 47 CFR 2.106 (Federal),EU/Europe follows ITU Region 1 (largely identical to Region 1/2 primary services shown). Source: FCC 47 CFR 2.106 / ITU Radio Regulations 2016
0.010700,0.010700,USA,USA,SPACE RESEARCH (passive),Secondary,,US131 US246,"Radio telescopes, scientific receivers; Satellite phones, VSAT terminals, satellite internet; Deep space probes, scientific satellites",FCC 47 CFR 2.106 (Federal),EU/Europe follows ITU Region 1 (largely identical to Region 1/2 primary services shown). Source: FCC 47 CFR 2.106 / ITU Radio Regulations 2016
0.010700,0.010900,ITU,Region 1/2,FIXED,PRIMARY,,,"Point-to-point microwave links, satellite earth stations; Mobile phones, cellular base stations (2G/3G/4G/5G)",ITU Radio Regulations,EU/Europe follows ITU Region 1 (largely identical to Region 1/2 primary services shown). Source: FCC 47 CFR 2.106 / ITU Radio Regulations 2016
0.010700,0.010900,ITU,Region 1/2,FIXED-SATELLITE (space-to-Earth),Secondary,,5.441,"Point-to-point microwave links, satellite earth stations; Mobile phones, cellular base stations (2G/3G/4G/5G)",ITU Radio Regulations,EU/Europe follows ITU Region 1 (largely identical to Region 1/2 primary services shown). Source: FCC 47 CFR 2.106 / ITU Radio Regulations 2016
0.010700,0.010900,ITU,Region 1/2,MOBILE except aeronautical mobile,Secondary,,,"Point-to-point microwave links, satellite earth stations; Mobile phones, cellular base stations (2G/3G/4G/5G)",ITU Radio Regulations,EU/Europe follows ITU Region 1 (largely identical to Region 1/2 primary services shown). Source: FCC 47 CFR 2.106 / ITU Radio Regulations 2016
0.010700,0.010900,USA,USA,FIXED,PRIMARY,,5.441 US131 US211 NG52 NG527A,"Point-to-point microwave links, satellite earth stations; Mobile phones, cellular base stations (2G/3G/4G/5G)",FCC 47 CFR 2.106 (Non-Fed),EU/Europe follows ITU Region 1 (largely identical to Region 1/2 primary services shown). Source: FCC 47 CFR 2.106 / ITU Radio Regulations 2016
0.010700,0.010900,USA,USA,FIXED-SATELLITE (space-to-Earth),Secondary,,5.441 US131 US211 NG52 NG527A,"Point-to-point microwave links, satellite earth stations; Mobile phones, cellular base stations (2G/3G/4G/5G)",FCC 47 CFR 2.106 (Non-Fed),EU/Europe follows ITU Region 1 (largely identical to Region 1/2 primary services shown). Source: FCC 47 CFR 2.106 / ITU Radio Regulations 2016
0.010900,0.011200,ITU,Region 1/2,FIXED,PRIMARY,,,"Point-to-point microwave links, satellite earth stations; Mobile phones, cellular base stations (2G/3G/4G/5G)",ITU Radio Regulations,EU/Europe follows ITU Region 1 (largely identical to Region 1/2 primary services shown). Source: FCC 47 CFR 2.106 / ITU Radio Regulations 2016
0.010900,0.011200,ITU,Region 1/2,FIXED-SATELLITE (space-to-Earth),Secondary,,5.484A 5.484B,"Point-to-point microwave links, satellite earth stations; Mobile phones, cellular base stations (2G/3G/4G/5G)",ITU Radio Regulations,EU/Europe follows ITU Region 1 (largely identical to Region 1/2 primary services shown). Source: FCC 47 CFR 2.106 / ITU Radio Regulations 2016
0.010900,0.011200,ITU,Region 1/2,MOBILE except aeronautical mobile,Secondary,,,"Point-to-point microwave links, satellite earth stations; Mobile phones, cellular base stations (2G/3G/4G/5G)",ITU Radio Regulations,EU/Europe follows ITU Region 1 (largely identical to Region 1/2 primary services shown). Source: FCC 47 CFR 2.106 / ITU Radio Regulations 2016
0.011200,0.011300,USA,USA,AERONAUTICAL MOBILE (OR),PRIMARY,,US340,"Mobile phones, cellular base stations (2G/3G/4G/5G)",FCC 47 CFR 2.106 (Federal),EU/Europe follows ITU Region 1 (largely identical to Region 1/2 primary services shown). Source: FCC 47 CFR 2.106 / ITU Radio Regulations 2016
0.011200,0.011500,ITU,Region 1/2,FIXED,PRIMARY,,,"Point-to-point microwave links, satellite earth stations; Mobile phones, cellular base stations (2G/3G/4G/5G)",ITU Radio Regulations,EU/Europe follows ITU Region 1 (largely identical to Region 1/2 primary services shown). Source: FCC 47 CFR 2.106 / ITU Radio Regulations 2016
0.011200,0.011500,ITU,Region 1/2,FIXED-SATELLITE (space-to-Earth),Secondary,,5.441,"Point-to-point microwave links, satellite earth stations; Mobile phones, cellular base stations (2G/3G/4G/5G)",ITU Radio Regulations,EU/Europe follows ITU Region 1 (largely identical to Region 1/2 primary services shown). Source: FCC 47 CFR 2.106 / ITU Radio Regulations 2016
0.011200,0.011500,ITU,Region 1/2,MOBILE except aeronautical mobile,Secondary,,,"Point-to-point microwave links, satellite earth stations; Mobile phones, cellular base stations (2G/3G/4G/5G)",ITU Radio Regulations,EU/Europe follows ITU Region 1 (largely identical to Region 1/2 primary services shown). Source: FCC 47 CFR 2.106 / ITU Radio Regulations 2016
0.011200,0.011500,USA,USA,(See previous page),Secondary,,,"Point-to-point microwave links, satellite earth stations; Mobile phones, cellular base stations (2G/3G/4G/5G)",FCC 47 CFR 2.106 (Federal),EU/Europe follows ITU Region 1 (largely identical to Region 1/2 primary services shown). Source: FCC 47 CFR 2.106 / ITU Radio Regulations 2016
0.011300,0.011400,USA,USA,AERONAUTICAL MOBILE (R),PRIMARY,,US283 US340,"Mobile phones, cellular base stations (2G/3G/4G/5G)",FCC 47 CFR 2.106 (Federal),EU/Europe follows ITU Region 1 (largely identical to Region 1/2 primary services shown). Source: FCC 47 CFR 2.106 / ITU Radio Regulations 2016
0.011300,0.014000,USA,USA,RADIONAVIGATION,PRIMARY,,US18 US2,"GPS receivers, GNSS devices",FCC 47 CFR 2.106 (Federal),EU/Europe follows ITU Region 1 (largely identical to Region 1/2 primary services shown). Source: FCC 47 CFR 2.106 / ITU Radio Regulations 2016
0.011400,0.011600,USA,USA,FIXED,PRIMARY,,US340,"Point-to-point microwave links, satellite earth stations",FCC 47 CFR 2.106 (Federal),EU/Europe follows ITU Region 1 (largely identical to Region 1/2 primary services shown). Source: FCC 47 CFR 2.106 / ITU Radio Regulations 2016
0.011500,0.011700,ITU,Region 1/2,FIXED,PRIMARY,,,"Point-to-point microwave links, satellite earth stations; Mobile phones, cellular base stations (2G/3G/4G/5G)",ITU Radio Regulations,EU/Europe follows ITU Region 1 (largely identical to Region 1/2 primary services shown). Source: FCC 47 CFR 2.106 / ITU Radio Regulations 2016
0.011500,0.011700,ITU,Region 1/2,FIXED-SATELLITE (space-to-Earth),Secondary,,5.484A 5.484B,"Point-to-point microwave links, satellite earth stations; Mobile phones, cellular base stations (2G/3G/4G/5G)",ITU Radio Regulations,EU/Europe follows ITU Region 1 (largely identical to Region 1/2 primary services shown). Source: FCC 47 CFR 2.106 / ITU Radio Regulations 2016
0.011500,0.011700,ITU,Region 1/2,MOBILE except aeronautical mobile,Secondary,,,"Point-to-point microwave links, satellite earth stations; Mobile phones, cellular base stations (2G/3G/4G/5G)",ITU Radio Regulations,EU/Europe follows ITU Region 1 (largely identical to Region 1/2 primary services shown). Source: FCC 47 CFR 2.106 / ITU Radio Regulations 2016
0.011600,0.012100,USA,USA,BROADCASTING,PRIMARY,,5.134 US136 US340,"AM/FM radios, DAB receivers, TV sets",FCC 47 CFR 2.106 (Federal),EU/Europe follows ITU Region 1 (largely identical to Region 1/2 primary services shown). Source: FCC 47 CFR 2.106 / ITU Radio Regulations 2016
0.011700,0.012100,ITU,Region 1/2,FIXED,PRIMARY,,5.486,"Point-to-point microwave links, satellite earth stations; Mobile phones, cellular base stations (2G/3G/4G/5G)",ITU Radio Regulations,EU/Europe follows ITU Region 1 (largely identical to Region 1/2 primary services shown). Source: FCC 47 CFR 2.106 / ITU Radio Regulations 2016
0.011700,0.012100,ITU,Region 1/2,FIXED-SATELLITE (space-to-Earth),Secondary,,,"Point-to-point microwave links, satellite earth stations; Mobile phones, cellular base stations (2G/3G/4G/5G)",ITU Radio Regulations,EU/Europe follows ITU Region 1 (largely identical to Region 1/2 primary services shown). Source: FCC 47 CFR 2.106 / ITU Radio Regulations 2016
0.011700,0.012100,ITU,Region 1/2,Mobile except aeronautical mobile,Secondary,,,"Point-to-point microwave links, satellite earth stations; Mobile phones, cellular base stations (2G/3G/4G/5G)",ITU Radio Regulations,EU/Europe follows ITU Region 1 (largely identical to Region 1/2 primary services shown). Source: FCC 47 CFR 2.106 / ITU Radio Regulations 2016
0.011700,0.012100,ITU,Region 3,FIXED,PRIMARY,,,"Point-to-point microwave links, satellite earth stations; Mobile phones, cellular base stations (2G/3G/4G/5G)",ITU Radio Regulations,EU/Europe follows ITU Region 1 (largely identical to Region 1/2 primary services shown). Source: FCC 47 CFR 2.106 / ITU Radio Regulations 2016
0.011700,0.012100,ITU,Region 3,MOBILE except aeronautical mobile,Secondary,,,"Point-to-point microwave links, satellite earth stations; Mobile phones, cellular base stations (2G/3G/4G/5G)",ITU Radio Regulations,EU/Europe follows ITU Region 1 (largely identical to Region 1/2 primary services shown). Source: FCC 47 CFR 2.106 / ITU Radio Regulations 2016
0.011700,0.012100,ITU,Region 3,BROADCASTING,PRIMARY,,,"Point-to-point microwave links, satellite earth stations; Mobile phones, cellular base stations (2G/3G/4G/5G)",ITU Radio Regulations,EU/Europe follows ITU Region 1 (largely identical to Region 1/2 primary services shown). Source: FCC 47 CFR 2.106 / ITU Radio Regulations 2016
0.011700,0.012100,ITU,Region 3,BROADCASTING-SATELLITE,PRIMARY,,5.492,"Point-to-point microwave links, satellite earth stations; Mobile phones, cellular base stations (2G/3G/4G/5G)",ITU Radio Regulations,EU/Europe follows ITU Region 1 (largely identical to Region 1/2 primary services shown). Source: FCC 47 CFR 2.106 / ITU Radio Regulations 2016
0.011700,0.012100,USA,USA,FIXED-SATELLITE (space-to-,Secondary,,NG527A,"Point-to-point microwave links, satellite earth stations; Mobile phones, cellular base stations (2G/3G/4G/5G)",FCC 47 CFR 2.106 (Non-Fed),EU/Europe follows ITU Region 1 (largely identical to Region 1/2 primary services shown). Source: FCC 47 CFR 2.106 / ITU Radio Regulations 2016
0.011700,0.012100,USA,USA,Earth),Secondary,,5.485 5.488 NG143 NG527A,"Point-to-point microwave links, satellite earth stations; Mobile phones, cellular base stations (2G/3G/4G/5G)",FCC 47 CFR 2.106 (Non-Fed),EU/Europe follows ITU Region 1 (largely identical to Region 1/2 primary services shown). Source: FCC 47 CFR 2.106 / ITU Radio Regulations 2016
0.012100,0.012200,USA,USA,FIXED,PRIMARY,,US340,"Point-to-point microwave links, satellite earth stations",FCC 47 CFR 2.106 (Federal),EU/Europe follows ITU Region 1 (largely identical to Region 1/2 primary services shown). Source: FCC 47 CFR 2.106 / ITU Radio Regulations 2016
0.012100,0.012200,ITU,Region 1/2,FIXED-SATELLITE (space-to-Earth),Secondary,,,"Point-to-point microwave links, satellite earth stations",ITU Radio Regulations,EU/Europe follows ITU Region 1 (largely identical to Region 1/2 primary services shown). Source: FCC 47 CFR 2.106 / ITU Radio Regulations 2016
0.012200,0.012700,ITU,Region 1/2,FIXED,PRIMARY,,,"AM/FM radios, DAB receivers, TV sets; Point-to-point microwave links, satellite earth stations; Mobile phones, cellular base stations (2G/3G/4G/5G)",ITU Radio Regulations,EU/Europe follows ITU Region 1 (largely identical to Region 1/2 primary services shown). Source: FCC 47 CFR 2.106 / ITU Radio Regulations 2016
0.012200,0.012700,ITU,Region 1/2,MOBILE except aeronautical mobile,Secondary,,,"AM/FM radios, DAB receivers, TV sets; Point-to-point microwave links, satellite earth stations; Mobile phones, cellular base stations (2G/3G/4G/5G)",ITU Radio Regulations,EU/Europe follows ITU Region 1 (largely identical to Region 1/2 primary services shown). Source: FCC 47 CFR 2.106 / ITU Radio Regulations 2016
0.012200,0.012700,ITU,Region 1/2,BROADCASTING,PRIMARY,,,"AM/FM radios, DAB receivers, TV sets; Point-to-point microwave links, satellite earth stations; Mobile phones, cellular base stations (2G/3G/4G/5G)",ITU Radio Regulations,EU/Europe follows ITU Region 1 (largely identical to Region 1/2 primary services shown). Source: FCC 47 CFR 2.106 / ITU Radio Regulations 2016
0.012200,0.012700,ITU,Region 1/2,BROADCASTING-SATELLITE,PRIMARY,,5.492,"AM/FM radios, DAB receivers, TV sets; Point-to-point microwave links, satellite earth stations; Mobile phones, cellular base stations (2G/3G/4G/5G)",ITU Radio Regulations,EU/Europe follows ITU Region 1 (largely identical to Region 1/2 primary services shown). Source: FCC 47 CFR 2.106 / ITU Radio Regulations 2016
0.012200,0.012700,ITU,Region 3,FIXED,PRIMARY,,,"AM/FM radios, DAB receivers, TV sets; Point-to-point microwave links, satellite earth stations; Mobile phones, cellular base stations (2G/3G/4G/5G)",ITU Radio Regulations,EU/Europe follows ITU Region 1 (largely identical to Region 1/2 primary services shown). Source: FCC 47 CFR 2.106 / ITU Radio Regulations 2016
0.012200,0.012700,ITU,Region 3,FIXED-SATELLITE (space-to-Earth),Secondary,,,"AM/FM radios, DAB receivers, TV sets; Point-to-point microwave links, satellite earth stations; Mobile phones, cellular base stations (2G/3G/4G/5G)",ITU Radio Regulations,EU/Europe follows ITU Region 1 (largely identical to Region 1/2 primary services shown). Source: FCC 47 CFR 2.106 / ITU Radio Regulations 2016
0.012200,0.012700,ITU,Region 3,MOBILE except aeronautical mobile,Secondary,,,"AM/FM radios, DAB receivers, TV sets; Point-to-point microwave links, satellite earth stations; Mobile phones, cellular base stations (2G/3G/4G/5G)",ITU Radio Regulations,EU/Europe follows ITU Region 1 (largely identical to Region 1/2 primary services shown). Source: FCC 47 CFR 2.106 / ITU Radio Regulations 2016
0.012200,0.012700,ITU,Region 3,BROADCASTING,PRIMARY,,,"AM/FM radios, DAB receivers, TV sets; Point-to-point microwave links, satellite earth stations; Mobile phones, cellular base stations (2G/3G/4G/5G)",ITU Radio Regulations,EU/Europe follows ITU Region 1 (largely identical to Region 1/2 primary services shown). Source: FCC 47 CFR 2.106 / ITU Radio Regulations 2016
0.012200,0.012700,USA,USA,FIXED,PRIMARY,,5.487A 5.488 5.490,"AM/FM radios, DAB receivers, TV sets; Point-to-point microwave links, satellite earth stations; Mobile phones, cellular base stations (2G/3G/4G/5G)",FCC 47 CFR 2.106 (Non-Fed),EU/Europe follows ITU Region 1 (largely identical to Region 1/2 primary services shown). Source: FCC 47 CFR 2.106 / ITU Radio Regulations 2016
0.012200,0.012700,USA,USA,BROADCASTING-SATELLITE,PRIMARY,,5.487A 5.488 5.490,"AM/FM radios, DAB receivers, TV sets; Point-to-point microwave links, satellite earth stations; Mobile phones, cellular base stations (2G/3G/4G/5G)",FCC 47 CFR 2.106 (Non-Fed),EU/Europe follows ITU Region 1 (largely identical to Region 1/2 primary services shown). Source: FCC 47 CFR 2.106 / ITU Radio Regulations 2016
0.012200,0.013200,USA,USA,MARITIME MOBILE,PRIMARY,,5.109 5.110 5.132 5.145 US82 US296 US340,"Mobile phones, cellular base stations (2G/3G/4G/5G)",FCC 47 CFR 2.106 (Federal),EU/Europe follows ITU Region 1 (largely identical to Region 1/2 primary services shown). Source: FCC 47 CFR 2.106 / ITU Radio Regulations 2016
0.012700,0.012700,ITU,Region 1/2,FIXED,PRIMARY,,,"Point-to-point microwave links, satellite earth stations; Mobile phones, cellular base stations (2G/3G/4G/5G)",ITU Radio Regulations,EU/Europe follows ITU Region 1 (largely identical to Region 1/2 primary services shown). Source: FCC 47 CFR 2.106 / ITU Radio Regulations 2016
0.012700,0.012700,ITU,Region 1/2,FIXED-SATELLITE (Earth-to-space),Secondary,,,"Point-to-point microwave links, satellite earth stations; Mobile phones, cellular base stations (2G/3G/4G/5G)",ITU Radio Regulations,EU/Europe follows ITU Region 1 (largely identical to Region 1/2 primary services shown). Source: FCC 47 CFR 2.106 / ITU Radio Regulations 2016
0.012700,0.012700,ITU,Region 1/2,MOBILE except aeronautical mobile,Secondary,,,"Point-to-point microwave links, satellite earth stations; Mobile phones, cellular base stations (2G/3G/4G/5G)",ITU Radio Regulations,EU/Europe follows ITU Region 1 (largely identical to Region 1/2 primary services shown). Source: FCC 47 CFR 2.106 / ITU Radio Regulations 2016
0.012700,0.012700,USA,USA,FIXED,PRIMARY,,NG118,"Point-to-point microwave links, satellite earth stations; Mobile phones, cellular base stations (2G/3G/4G/5G)",FCC 47 CFR 2.106 (Non-Fed),EU/Europe follows ITU Region 1 (largely identical to Region 1/2 primary services shown). Source: FCC 47 CFR 2.106 / ITU Radio Regulations 2016
0.012700,0.012700,USA,USA,FIXED-SATELLITE (Earth-to-space),Secondary,,,"Point-to-point microwave links, satellite earth stations; Mobile phones, cellular base stations (2G/3G/4G/5G)",FCC 47 CFR 2.106 (Non-Fed),EU/Europe follows ITU Region 1 (largely identical to Region 1/2 primary services shown). Source: FCC 47 CFR 2.106 / ITU Radio Regulations 2016
0.012700,0.012700,USA,USA,MOBILE,PRIMARY,,,"Point-to-point microwave links, satellite earth stations; Mobile phones, cellular base stations (2G/3G/4G/5G)",FCC 47 CFR 2.106 (Non-Fed),EU/Europe follows ITU Region 1 (largely identical to Region 1/2 primary services shown). Source: FCC 47 CFR 2.106 / ITU Radio Regulations 2016
0.012700,0.013200,USA,USA,FIXED,PRIMARY,,NG118 5.441 NG52 NG57 US251 NG53,"Point-to-point microwave links, satellite earth stations; Mobile phones, cellular base stations (2G/3G/4G/5G)",FCC 47 CFR 2.106 (Non-Fed),EU/Europe follows ITU Region 1 (largely identical to Region 1/2 primary services shown). Source: FCC 47 CFR 2.106 / ITU Radio Regulations 2016
0.012700,0.013200,USA,USA,FIXED-SATELLITE (Earth-to-space),Secondary,,5.441 NG52 NG57 US251 NG53,"Point-to-point microwave links, satellite earth stations; Mobile phones, cellular base stations (2G/3G/4G/5G)",FCC 47 CFR 2.106 (Non-Fed),EU/Europe follows ITU Region 1 (largely identical to Region 1/2 primary services shown). Source: FCC 47 CFR 2.106 / ITU Radio Regulations 2016
0.012700,0.013200,USA,USA,MOBILE,PRIMARY,,5.441 NG52 NG57 US251 NG53,"Point-to-point microwave links, satellite earth stations; Mobile phones, cellular base stations (2G/3G/4G/5G)",FCC 47 CFR 2.106 (Non-Fed),EU/Europe follows ITU Region 1 (largely identical to Region 1/2 primary services shown). Source: FCC 47 CFR 2.106 / ITU Radio Regulations 2016
0.013200,0.013300,USA,USA,AERONAUTICAL MOBILE (OR),PRIMARY,,US340,"Mobile phones, cellular base stations (2G/3G/4G/5G)",FCC 47 CFR 2.106 (Federal),EU/Europe follows ITU Region 1 (largely identical to Region 1/2 primary services shown). Source: FCC 47 CFR 2.106 / ITU Radio Regulations 2016
0.013200,0.013400,USA,USA,EARTH EXPLORATION-,PRIMARY,,5.498A,"GPS receivers, GNSS devices; Satellite phones, VSAT terminals, satellite internet; Deep space probes, scientific satellites",FCC 47 CFR 2.106 (Federal),EU/Europe follows ITU Region 1 (largely identical to Region 1/2 primary services shown). Source: FCC 47 CFR 2.106 / ITU Radio Regulations 2016
0.013200,0.013400,USA,USA,SATELLITE (active),Secondary,,5.498A,"GPS receivers, GNSS devices; Satellite phones, VSAT terminals, satellite internet; Deep space probes, scientific satellites",FCC 47 CFR 2.106 (Federal),EU/Europe follows ITU Region 1 (largely identical to Region 1/2 primary services shown). Source: FCC 47 CFR 2.106 / ITU Radio Regulations 2016
0.013200,0.013400,USA,USA,AERONAUTICAL,PRIMARY,,5.498A,"GPS receivers, GNSS devices; Satellite phones, VSAT terminals, satellite internet; Deep space probes, scientific satellites",FCC 47 CFR 2.106 (Federal),EU/Europe follows ITU Region 1 (largely identical to Region 1/2 primary services shown). Source: FCC 47 CFR 2.106 / ITU Radio Regulations 2016
0.013200,0.013400,USA,USA,RADIONAVIGATION,PRIMARY,,5.497 5.498A,"GPS receivers, GNSS devices; Satellite phones, VSAT terminals, satellite internet; Deep space probes, scientific satellites",FCC 47 CFR 2.106 (Federal),EU/Europe follows ITU Region 1 (largely identical to Region 1/2 primary services shown). Source: FCC 47 CFR 2.106 / ITU Radio Regulations 2016
0.013200,0.013400,USA,USA,SPACE RESEARCH (active),Secondary,,5.498A,"GPS receivers, GNSS devices; Satellite phones, VSAT terminals, satellite internet; Deep space probes, scientific satellites",FCC 47 CFR 2.106 (Federal),EU/Europe follows ITU Region 1 (largely identical to Region 1/2 primary services shown). Source: FCC 47 CFR 2.106 / ITU Radio Regulations 2016
0.013200,0.013400,USA,USA,AERONAUTICAL,PRIMARY,,,"GPS receivers, GNSS devices; Satellite phones, VSAT terminals, satellite internet; Deep space probes, scientific satellites",FCC 47 CFR 2.106 (Non-Fed),EU/Europe follows ITU Region 1 (largely identical to Region 1/2 primary services shown). Source: FCC 47 CFR 2.106 / ITU Radio Regulations 2016
0.013200,0.013400,USA,USA,RADIONAVIGATION,PRIMARY,,5.497,"GPS receivers, GNSS devices; Satellite phones, VSAT terminals, satellite internet; Deep space probes, scientific satellites",FCC 47 CFR 2.106 (Non-Fed),EU/Europe follows ITU Region 1 (largely identical to Region 1/2 primary services shown). Source: FCC 47 CFR 2.106 / ITU Radio Regulations 2016
0.013200,0.013400,USA,USA,Earth exploration-satellite (active),Secondary,,,"GPS receivers, GNSS devices; Satellite phones, VSAT terminals, satellite internet; Deep space probes, scientific satellites",FCC 47 CFR 2.106 (Non-Fed),EU/Europe follows ITU Region 1 (largely identical to Region 1/2 primary services shown). Source: FCC 47 CFR 2.106 / ITU Radio Regulations 2016
0.013200,0.013400,USA,USA,Space research (active),Secondary,,,"GPS receivers, GNSS devices; Satellite phones, VSAT terminals, satellite internet; Deep space probes, scientific satellites",FCC 47 CFR 2.106 (Non-Fed),EU/Europe follows ITU Region 1 (largely identical to Region 1/2 primary services shown). Source: FCC 47 CFR 2.106 / ITU Radio Regulations 2016
0.013300,0.013400,USA,USA,AERONAUTICAL MOBILE (R),PRIMARY,,US283 US340,"Mobile phones, cellular base stations (2G/3G/4G/5G)",FCC 47 CFR 2.106 (Federal),EU/Europe follows ITU Region 1 (largely identical to Region 1/2 primary services shown). Source: FCC 47 CFR 2.106 / ITU Radio Regulations 2016
0.013400,0.013400,USA,USA,RADIO ASTRONOMY,PRIMARY,,US342 G115,"Radio telescopes, scientific receivers",FCC 47 CFR 2.106 (Federal),EU/Europe follows ITU Region 1 (largely identical to Region 1/2 primary services shown). Source: FCC 47 CFR 2.106 / ITU Radio Regulations 2016
0.013400,0.013400,USA,USA,RADIO ASTRONOMY,PRIMARY,,US342,"Radio telescopes, scientific receivers",FCC 47 CFR 2.106 (Non-Fed),EU/Europe follows ITU Region 1 (largely identical to Region 1/2 primary services shown). Source: FCC 47 CFR 2.106 / ITU Radio Regulations 2016
0.013400,0.013700,ITU,Region 1/2,EARTH EXPLORATION-SATELLITE (active),Secondary,,,"Satellite phones, VSAT terminals, satellite internet; Radar systems, speed guns, weather radar; Atomic clocks, time receivers (DCF77, WWVB); Deep space probes, scientific satellites",ITU Radio Regulations,EU/Europe follows ITU Region 1 (largely identical to Region 1/2 primary services shown). Source: FCC 47 CFR 2.106 / ITU Radio Regulations 2016
0.013400,0.013700,ITU,Region 1/2,RADIOLOCATION,PRIMARY,,,"Satellite phones, VSAT terminals, satellite internet; Radar systems, speed guns, weather radar; Atomic clocks, time receivers (DCF77, WWVB); Deep space probes, scientific satellites",ITU Radio Regulations,EU/Europe follows ITU Region 1 (largely identical to Region 1/2 primary services shown). Source: FCC 47 CFR 2.106 / ITU Radio Regulations 2016
0.013400,0.013700,ITU,Region 1/2,SPACE RESEARCH,PRIMARY,,5.499C 5.499D,"Satellite phones, VSAT terminals, satellite internet; Radar systems, speed guns, weather radar; Atomic clocks, time receivers (DCF77, WWVB); Deep space probes, scientific satellites",ITU Radio Regulations,EU/Europe follows ITU Region 1 (largely identical to Region 1/2 primary services shown). Source: FCC 47 CFR 2.106 / ITU Radio Regulations 2016
0.013400,0.013700,ITU,Region 1/2,Standard frequency and time signal-satellite (Earth-to-space),Secondary,,,"Satellite phones, VSAT terminals, satellite internet; Radar systems, speed guns, weather radar; Atomic clocks, time receivers (DCF77, WWVB); Deep space probes, scientific satellites",ITU Radio Regulations,EU/Europe follows ITU Region 1 (largely identical to Region 1/2 primary services shown). Source: FCC 47 CFR 2.106 / ITU Radio Regulations 2016
0.013400,0.013700,USA,USA,EARTH EXPLORATION-,PRIMARY,,5.499D 5.501A 5.501B,"Satellite phones, VSAT terminals, satellite internet; Radar systems, speed guns, weather radar; Atomic clocks, time receivers (DCF77, WWVB); Deep space probes, scientific satellites",FCC 47 CFR 2.106 (Federal),EU/Europe follows ITU Region 1 (largely identical to Region 1/2 primary services shown). Source: FCC 47 CFR 2.106 / ITU Radio Regulations 2016
0.013400,0.013700,USA,USA,SATELLITE (active),Secondary,,5.499D 5.501A 5.501B,"Satellite phones, VSAT terminals, satellite internet; Radar systems, speed guns, weather radar; Atomic clocks, time receivers (DCF77, WWVB); Deep space probes, scientific satellites",FCC 47 CFR 2.106 (Federal),EU/Europe follows ITU Region 1 (largely identical to Region 1/2 primary services shown). Source: FCC 47 CFR 2.106 / ITU Radio Regulations 2016
0.013400,0.013700,USA,USA,RADIOLOCATION,PRIMARY,,G59 5.499D 5.501A 5.501B,"Satellite phones, VSAT terminals, satellite internet; Radar systems, speed guns, weather radar; Atomic clocks, time receivers (DCF77, WWVB); Deep space probes, scientific satellites",FCC 47 CFR 2.106 (Federal),EU/Europe follows ITU Region 1 (largely identical to Region 1/2 primary services shown). Source: FCC 47 CFR 2.106 / ITU Radio Regulations 2016
0.013400,0.013700,USA,USA,SPACE RESEARCH,PRIMARY,,5.499C 5.499D 5.501A 5.501B,"Satellite phones, VSAT terminals, satellite internet; Radar systems, speed guns, weather radar; Atomic clocks, time receivers (DCF77, WWVB); Deep space probes, scientific satellites",FCC 47 CFR 2.106 (Federal),EU/Europe follows ITU Region 1 (largely identical to Region 1/2 primary services shown). Source: FCC 47 CFR 2.106 / ITU Radio Regulations 2016
0.013400,0.013700,USA,USA,Standard frequency and time,Secondary,,5.499D 5.501A 5.501B,"Satellite phones, VSAT terminals, satellite internet; Radar systems, speed guns, weather radar; Atomic clocks, time receivers (DCF77, WWVB); Deep space probes, scientific satellites",FCC 47 CFR 2.106 (Federal),EU/Europe follows ITU Region 1 (largely identical to Region 1/2 primary services shown). Source: FCC 47 CFR 2.106 / ITU Radio Regulations 2016
0.013400,0.013700,USA,USA,signal-satellite (Earth-to-space),Secondary,,5.499D 5.501A 5.501B,"Satellite phones, VSAT terminals, satellite internet; Radar systems, speed guns, weather radar; Atomic clocks, time receivers (DCF77, WWVB); Deep space probes, scientific satellites",FCC 47 CFR 2.106 (Federal),EU/Europe follows ITU Region 1 (largely identical to Region 1/2 primary services shown). Source: FCC 47 CFR 2.106 / ITU Radio Regulations 2016
0.013400,0.013700,USA,USA,Earth exploration-satellite (active),Secondary,,,"Satellite phones, VSAT terminals, satellite internet; Radar systems, speed guns, weather radar; Atomic clocks, time receivers (DCF77, WWVB); Deep space probes, scientific satellites",FCC 47 CFR 2.106 (Non-Fed),EU/Europe follows ITU Region 1 (largely identical to Region 1/2 primary services shown). Source: FCC 47 CFR 2.106 / ITU Radio Regulations 2016
0.013400,0.013700,USA,USA,Radiolocation,Secondary,,,"Satellite phones, VSAT terminals, satellite internet; Radar systems, speed guns, weather radar; Atomic clocks, time receivers (DCF77, WWVB); Deep space probes, scientific satellites",FCC 47 CFR 2.106 (Non-Fed),EU/Europe follows ITU Region 1 (largely identical to Region 1/2 primary services shown). Source: FCC 47 CFR 2.106 / ITU Radio Regulations 2016
0.013400,0.013700,USA,USA,Space research,Secondary,,,"Satellite phones, VSAT terminals, satellite internet; Radar systems, speed guns, weather radar; Atomic clocks, time receivers (DCF77, WWVB); Deep space probes, scientific satellites",FCC 47 CFR 2.106 (Non-Fed),EU/Europe follows ITU Region 1 (largely identical to Region 1/2 primary services shown). Source: FCC 47 CFR 2.106 / ITU Radio Regulations 2016
0.013400,0.013700,USA,USA,Standard frequency and time,Secondary,,,"Satellite phones, VSAT terminals, satellite internet; Radar systems, speed guns, weather radar; Atomic clocks, time receivers (DCF77, WWVB); Deep space probes, scientific satellites",FCC 47 CFR 2.106 (Non-Fed),EU/Europe follows ITU Region 1 (largely identical to Region 1/2 primary services shown). Source: FCC 47 CFR 2.106 / ITU Radio Regulations 2016
0.013400,0.013700,USA,USA,signal-satellite (Earth-to-space),Secondary,,,"Satellite phones, VSAT terminals, satellite internet; Radar systems, speed guns, weather radar; Atomic clocks, time receivers (DCF77, WWVB); Deep space probes, scientific satellites",FCC 47 CFR 2.106 (Non-Fed),EU/Europe follows ITU Region 1 (largely identical to Region 1/2 primary services shown). Source: FCC 47 CFR 2.106 / ITU Radio Regulations 2016
0.013400,0.013500,USA,USA,FIXED,PRIMARY,,US340,"Point-to-point microwave links, satellite earth stations; Mobile phones, cellular base stations (2G/3G/4G/5G)",FCC 47 CFR 2.106 (Federal),EU/Europe follows ITU Region 1 (largely identical to Region 1/2 primary services shown). Source: FCC 47 CFR 2.106 / ITU Radio Regulations 2016
0.013400,0.013500,USA,USA,Mobile except aeronautical mobile (R),Secondary,,US340,"Point-to-point microwave links, satellite earth stations; Mobile phones, cellular base stations (2G/3G/4G/5G)",FCC 47 CFR 2.106 (Federal),EU/Europe follows ITU Region 1 (largely identical to Region 1/2 primary services shown). Source: FCC 47 CFR 2.106 / ITU Radio Regulations 2016
0.013400,0.013500,USA,USA,FIXED,PRIMARY,,US340,"Point-to-point microwave links, satellite earth stations; Mobile phones, cellular base stations (2G/3G/4G/5G)",FCC 47 CFR 2.106 (Non-Fed),EU/Europe follows ITU Region 1 (largely identical to Region 1/2 primary services shown). Source: FCC 47 CFR 2.106 / ITU Radio Regulations 2016
0.013500,0.013600,ITU,Region 1/2,FIXED,PRIMARY,,,"Radar systems, speed guns, weather radar; Point-to-point microwave links, satellite earth stations; Mobile phones, cellular base stations (2G/3G/4G/5G)",ITU Radio Regulations,EU/Europe follows ITU Region 1 (largely identical to Region 1/2 primary services shown). Source: FCC 47 CFR 2.106 / ITU Radio Regulations 2016
0.013500,0.013600,ITU,Region 1/2,Mobile except aeronautical mobile (R),Secondary,,,"Radar systems, speed guns, weather radar; Point-to-point microwave links, satellite earth stations; Mobile phones, cellular base stations (2G/3G/4G/5G)",ITU Radio Regulations,EU/Europe follows ITU Region 1 (largely identical to Region 1/2 primary services shown). Source: FCC 47 CFR 2.106 / ITU Radio Regulations 2016
0.013500,0.013600,ITU,Region 1/2,Radiolocation,Secondary,,5.132A,"Radar systems, speed guns, weather radar; Point-to-point microwave links, satellite earth stations; Mobile phones, cellular base stations (2G/3G/4G/5G)",ITU Radio Regulations,EU/Europe follows ITU Region 1 (largely identical to Region 1/2 primary services shown). Source: FCC 47 CFR 2.106 / ITU Radio Regulations 2016
0.013500,0.013600,ITU,Region 3,FIXED,PRIMARY,,,"Radar systems, speed guns, weather radar; Point-to-point microwave links, satellite earth stations; Mobile phones, cellular base stations (2G/3G/4G/5G)",ITU Radio Regulations,EU/Europe follows ITU Region 1 (largely identical to Region 1/2 primary services shown). Source: FCC 47 CFR 2.106 / ITU Radio Regulations 2016
0.013500,0.013600,ITU,Region 3,Mobile except aeronautical mobile (R),Secondary,,,"Radar systems, speed guns, weather radar; Point-to-point microwave links, satellite earth stations; Mobile phones, cellular base stations (2G/3G/4G/5G)",ITU Radio Regulations,EU/Europe follows ITU Region 1 (largely identical to Region 1/2 primary services shown). Source: FCC 47 CFR 2.106 / ITU Radio Regulations 2016
0.013500,0.013600,ITU,Region 3,Radiolocation,Secondary,,5.132A,"Radar systems, speed guns, weather radar; Point-to-point microwave links, satellite earth stations; Mobile phones, cellular base stations (2G/3G/4G/5G)",ITU Radio Regulations,EU/Europe follows ITU Region 1 (largely identical to Region 1/2 primary services shown). Source: FCC 47 CFR 2.106 / ITU Radio Regulations 2016
0.013500,0.013600,USA,USA,FIXED,PRIMARY,,US340,"Radar systems, speed guns, weather radar; Point-to-point microwave links, satellite earth stations; Mobile phones, cellular base stations (2G/3G/4G/5G)",FCC 47 CFR 2.106 (Federal),EU/Europe follows ITU Region 1 (largely identical to Region 1/2 primary services shown). Source: FCC 47 CFR 2.106 / ITU Radio Regulations 2016
0.013500,0.013600,USA,USA,Radiolocation,Secondary,,5.132A US340,"Radar systems, speed guns, weather radar; Point-to-point microwave links, satellite earth stations; Mobile phones, cellular base stations (2G/3G/4G/5G)",FCC 47 CFR 2.106 (Federal),EU/Europe follows ITU Region 1 (largely identical to Region 1/2 primary services shown). Source: FCC 47 CFR 2.106 / ITU Radio Regulations 2016
0.013600,0.013600,ITU,Region 3,FIXED,PRIMARY,,,"Point-to-point microwave links, satellite earth stations",ITU Radio Regulations,EU/Europe follows ITU Region 1 (largely identical to Region 1/2 primary services shown). Source: FCC 47 CFR 2.106 / ITU Radio Regulations 2016
0.013600,0.013600,ITU,Region 3,Mobile except aeronautical mobile (R),Secondary,,,"Point-to-point microwave links, satellite earth stations",ITU Radio Regulations,EU/Europe follows ITU Region 1 (largely identical to Region 1/2 primary services shown). Source: FCC 47 CFR 2.106 / ITU Radio Regulations 2016
0.013600,0.013600,USA,USA,FIXED,PRIMARY,,5.150 US340,"Point-to-point microwave links, satellite earth stations",FCC 47 CFR 2.106 (Federal),EU/Europe follows ITU Region 1 (largely identical to Region 1/2 primary services shown). Source: FCC 47 CFR 2.106 / ITU Radio Regulations 2016
0.013800,0.014000,USA,USA,RADIOLOCATION,PRIMARY,,G59 US356 US357,"Point-to-point microwave links, satellite earth stations; Satellite phones, VSAT terminals, satellite internet; Radar systems, speed guns, weather radar; Deep space probes, scientific satellites",FCC 47 CFR 2.106 (Federal),EU/Europe follows ITU Region 1 (largely identical to Region 1/2 primary services shown). Source: FCC 47 CFR 2.106 / ITU Radio Regulations 2016
0.013800,0.014000,USA,USA,Standard frequency and time,Secondary,,US356 US357,"Point-to-point microwave links, satellite earth stations; Satellite phones, VSAT terminals, satellite internet; Radar systems, speed guns, weather radar; Deep space probes, scientific satellites",FCC 47 CFR 2.106 (Federal),EU/Europe follows ITU Region 1 (largely identical to Region 1/2 primary services shown). Source: FCC 47 CFR 2.106 / ITU Radio Regulations 2016
0.013800,0.014000,USA,USA,signal-satellite (Earth-to-space),Secondary,,US356 US357,"Point-to-point microwave links, satellite earth stations; Satellite phones, VSAT terminals, satellite internet; Radar systems, speed guns, weather radar; Deep space probes, scientific satellites",FCC 47 CFR 2.106 (Federal),EU/Europe follows ITU Region 1 (largely identical to Region 1/2 primary services shown). Source: FCC 47 CFR 2.106 / ITU Radio Regulations 2016
0.013800,0.014000,USA,USA,Space research,Secondary,,US337 US356 US357,"Point-to-point microwave links, satellite earth stations; Satellite phones, VSAT terminals, satellite internet; Radar systems, speed guns, weather radar; Deep space probes, scientific satellites",FCC 47 CFR 2.106 (Federal),EU/Europe follows ITU Region 1 (largely identical to Region 1/2 primary services shown). Source: FCC 47 CFR 2.106 / ITU Radio Regulations 2016
0.013800,0.014000,USA,USA,FIXED-SATELLITE,PRIMARY,,US356 US357,"Point-to-point microwave links, satellite earth stations; Satellite phones, VSAT terminals, satellite internet; Radar systems, speed guns, weather radar; Deep space probes, scientific satellites",FCC 47 CFR 2.106 (Non-Fed),EU/Europe follows ITU Region 1 (largely identical to Region 1/2 primary services shown). Source: FCC 47 CFR 2.106 / ITU Radio Regulations 2016
0.013800,0.014000,USA,USA,(Earth-to-space),Secondary,,US337 US356 US357,"Point-to-point microwave links, satellite earth stations; Satellite phones, VSAT terminals, satellite internet; Radar systems, speed guns, weather radar; Deep space probes, scientific satellites",FCC 47 CFR 2.106 (Non-Fed),EU/Europe follows ITU Region 1 (largely identical to Region 1/2 primary services shown). Source: FCC 47 CFR 2.106 / ITU Radio Regulations 2016
0.013800,0.014000,USA,USA,Standard frequency and time,Secondary,,US356 US357,"Point-to-point microwave links, satellite earth stations; Satellite phones, VSAT terminals, satellite internet; Radar systems, speed guns, weather radar; Deep space probes, scientific satellites",FCC 47 CFR 2.106 (Non-Fed),EU/Europe follows ITU Region 1 (largely identical to Region 1/2 primary services shown). Source: FCC 47 CFR 2.106 / ITU Radio Regulations 2016
0.013800,0.014000,USA,USA,signal-satellite (Earth-to-space),Secondary,,US356 US357,"Point-to-point microwave links, satellite earth stations; Satellite phones, VSAT terminals, satellite internet; Radar systems, speed guns, weather radar; Deep space probes, scientific satellites",FCC 47 CFR 2.106 (Non-Fed),EU/Europe follows ITU Region 1 (largely identical to Region 1/2 primary services shown). Source: FCC 47 CFR 2.106 / ITU Radio Regulations 2016
0.013800,0.014000,USA,USA,Space research,Secondary,,US356 US357,"Point-to-point microwave links, satellite earth stations; Satellite phones, VSAT terminals, satellite internet; Radar systems, speed guns, weather radar; Deep space probes, scientific satellites",FCC 47 CFR 2.106 (Non-Fed),EU/Europe follows ITU Region 1 (largely identical to Region 1/2 primary services shown). Source: FCC 47 CFR 2.106 / ITU Radio Regulations 2016
0.013800,0.014000,USA,USA,Radiolocation,Secondary,,US356 US357,"Point-to-point microwave links, satellite earth stations; Satellite phones, VSAT terminals, satellite internet; Radar systems, speed guns, weather radar; Deep space probes, scientific satellites",FCC 47 CFR 2.106 (Non-Fed),EU/Europe follows ITU Region 1 (largely identical to Region 1/2 primary services shown). Source: FCC 47 CFR 2.106 / ITU Radio Regulations 2016
0.013900,0.014000,ITU,Region 3,FIXED,PRIMARY,,,"Point-to-point microwave links, satellite earth stations",ITU Radio Regulations,EU/Europe follows ITU Region 1 (largely identical to Region 1/2 primary services shown). Source: FCC 47 CFR 2.106 / ITU Radio Regulations 2016
0.013900,0.014000,ITU,Region 3,Mobile except aeronautical mobile (R),Secondary,,,"Point-to-point microwave links, satellite earth stations",ITU Radio Regulations,EU/Europe follows ITU Region 1 (largely identical to Region 1/2 primary services shown). Source: FCC 47 CFR 2.106 / ITU Radio Regulations 2016
0.013900,0.014000,USA,USA,FIXED,PRIMARY,,US340,"Point-to-point microwave links, satellite earth stations",FCC 47 CFR 2.106 (Federal),EU/Europe follows ITU Region 1 (largely identical to Region 1/2 primary services shown). Source: FCC 47 CFR 2.106 / ITU Radio Regulations 2016
0.014000,0.019900,USA,USA,FIXED,PRIMARY,,US2,"Point-to-point microwave links, satellite earth stations; Mobile phones, cellular base stations (2G/3G/4G/5G)",FCC 47 CFR 2.106 (Federal),EU/Europe follows ITU Region 1 (largely identical to Region 1/2 primary services shown). Source: FCC 47 CFR 2.106 / ITU Radio Regulations 2016
0.014000,0.019900,USA,USA,MARITIME MOBILE,PRIMARY,,5.57 US2,"Point-to-point microwave links, satellite earth stations; Mobile phones, cellular base stations (2G/3G/4G/5G)",FCC 47 CFR 2.106 (Federal),EU/Europe follows ITU Region 1 (largely identical to Region 1/2 primary services shown). Source: FCC 47 CFR 2.106 / ITU Radio Regulations 2016
0.014000,0.019900,USA,USA,Fixed,Secondary,,US2,"Point-to-point microwave links, satellite earth stations; Mobile phones, cellular base stations (2G/3G/4G/5G)",FCC 47 CFR 2.106 (Non-Fed),EU/Europe follows ITU Region 1 (largely identical to Region 1/2 primary services shown). Source: FCC 47 CFR 2.106 / ITU Radio Regulations 2016
0.014000,0.014300,USA,USA,AMATEUR,PRIMARY,,US340,"Ham radio transceivers, SDR receivers",FCC 47 CFR 2.106 (Federal),EU/Europe follows ITU Region 1 (largely identical to Region 1/2 primary services shown). Source: FCC 47 CFR 2.106 / ITU Radio Regulations 2016
0.014000,0.014300,USA,USA,AMATEUR-SATELLITE,PRIMARY,,US340,"Ham radio transceivers, SDR receivers",FCC 47 CFR 2.106 (Federal),EU/Europe follows ITU Region 1 (largely identical to Region 1/2 primary services shown). Source: FCC 47 CFR 2.106 / ITU Radio Regulations 2016
0.014000,0.014200,USA,USA,Space research,Secondary,,US133,"Point-to-point microwave links, satellite earth stations; Mobile phones, cellular base stations (2G/3G/4G/5G); Deep space probes, scientific satellites",FCC 47 CFR 2.106 (Federal),EU/Europe follows ITU Region 1 (largely identical to Region 1/2 primary services shown). Source: FCC 47 CFR 2.106 / ITU Radio Regulations 2016
0.014000,0.014200,USA,USA,FIXED-SATELLITE (Earth-to-space),Secondary,,NG527A US133,"Point-to-point microwave links, satellite earth stations; Mobile phones, cellular base stations (2G/3G/4G/5G); Deep space probes, scientific satellites",FCC 47 CFR 2.106 (Non-Fed),EU/Europe follows ITU Region 1 (largely identical to Region 1/2 primary services shown). Source: FCC 47 CFR 2.106 / ITU Radio Regulations 2016
0.014000,0.014200,USA,USA,Mobile-satellite (Earth-to-space),Secondary,,NG527A US133,"Point-to-point microwave links, satellite earth stations; Mobile phones, cellular base stations (2G/3G/4G/5G); Deep space probes, scientific satellites",FCC 47 CFR 2.106 (Non-Fed),EU/Europe follows ITU Region 1 (largely identical to Region 1/2 primary services shown). Source: FCC 47 CFR 2.106 / ITU Radio Regulations 2016
0.014000,0.014200,USA,USA,Space research,Secondary,,NG527A US133,"Point-to-point microwave links, satellite earth stations; Mobile phones, cellular base stations (2G/3G/4G/5G); Deep space probes, scientific satellites",FCC 47 CFR 2.106 (Non-Fed),EU/Europe follows ITU Region 1 (largely identical to Region 1/2 primary services shown). Source: FCC 47 CFR 2.106 / ITU Radio Regulations 2016
0.014200,0.014400,USA,USA,FIXED-SATELLITE (Earth-to-space),Secondary,,NG527A,"Point-to-point microwave links, satellite earth stations; Mobile phones, cellular base stations (2G/3G/4G/5G)",FCC 47 CFR 2.106 (Non-Fed),EU/Europe follows ITU Region 1 (largely identical to Region 1/2 primary services shown). Source: FCC 47 CFR 2.106 / ITU Radio Regulations 2016
0.014200,0.014400,USA,USA,Mobile-satellite (Earth-to-space),Secondary,,NG527A,"Point-to-point microwave links, satellite earth stations; Mobile phones, cellular base stations (2G/3G/4G/5G)",FCC 47 CFR 2.106 (Non-Fed),EU/Europe follows ITU Region 1 (largely identical to Region 1/2 primary services shown). Source: FCC 47 CFR 2.106 / ITU Radio Regulations 2016
0.014300,0.014300,USA,USA,AMATEUR,PRIMARY,,US340,"Ham radio transceivers, SDR receivers",FCC 47 CFR 2.106 (Federal),EU/Europe follows ITU Region 1 (largely identical to Region 1/2 primary services shown). Source: FCC 47 CFR 2.106 / ITU Radio Regulations 2016
0.014300,0.014400,ITU,Region 1/2,FIXED-SATELLITE (Earth-to-space),Secondary,,,"GPS receivers, GNSS devices; Point-to-point microwave links, satellite earth stations; Mobile phones, cellular base stations (2G/3G/4G/5G)",ITU Radio Regulations,EU/Europe follows ITU Region 1 (largely identical to Region 1/2 primary services shown). Source: FCC 47 CFR 2.106 / ITU Radio Regulations 2016
0.014300,0.014400,ITU,Region 1/2,Mobile-satellite (Earth-to-space),Secondary,,5.506A,"GPS receivers, GNSS devices; Point-to-point microwave links, satellite earth stations; Mobile phones, cellular base stations (2G/3G/4G/5G)",ITU Radio Regulations,EU/Europe follows ITU Region 1 (largely identical to Region 1/2 primary services shown). Source: FCC 47 CFR 2.106 / ITU Radio Regulations 2016
0.014300,0.014400,ITU,Region 1/2,Radionavigation-satellite,Secondary,,,"GPS receivers, GNSS devices; Point-to-point microwave links, satellite earth stations; Mobile phones, cellular base stations (2G/3G/4G/5G)",ITU Radio Regulations,EU/Europe follows ITU Region 1 (largely identical to Region 1/2 primary services shown). Source: FCC 47 CFR 2.106 / ITU Radio Regulations 2016
0.014300,0.014400,ITU,Region 3,FIXED,PRIMARY,,,"GPS receivers, GNSS devices; Point-to-point microwave links, satellite earth stations; Mobile phones, cellular base stations (2G/3G/4G/5G)",ITU Radio Regulations,EU/Europe follows ITU Region 1 (largely identical to Region 1/2 primary services shown). Source: FCC 47 CFR 2.106 / ITU Radio Regulations 2016
0.014300,0.014400,ITU,Region 3,FIXED-SATELLITE (Earth-to-space),Secondary,,,"GPS receivers, GNSS devices; Point-to-point microwave links, satellite earth stations; Mobile phones, cellular base stations (2G/3G/4G/5G)",ITU Radio Regulations,EU/Europe follows ITU Region 1 (largely identical to Region 1/2 primary services shown). Source: FCC 47 CFR 2.106 / ITU Radio Regulations 2016
0.014300,0.014400,ITU,Region 3,MOBILE except aeronautical mobile,Secondary,,,"GPS receivers, GNSS devices; Point-to-point microwave links, satellite earth stations; Mobile phones, cellular base stations (2G/3G/4G/5G)",ITU Radio Regulations,EU/Europe follows ITU Region 1 (largely identical to Region 1/2 primary services shown). Source: FCC 47 CFR 2.106 / ITU Radio Regulations 2016
0.014300,0.014400,ITU,Region 3,Mobile-satellite (Earth-to-space),Secondary,,,"GPS receivers, GNSS devices; Point-to-point microwave links, satellite earth stations; Mobile phones, cellular base stations (2G/3G/4G/5G)",ITU Radio Regulations,EU/Europe follows ITU Region 1 (largely identical to Region 1/2 primary services shown). Source: FCC 47 CFR 2.106 / ITU Radio Regulations 2016
0.014300,0.014400,ITU,Region 3,Radionavigation-satellite,Secondary,,,"GPS receivers, GNSS devices; Point-to-point microwave links, satellite earth stations; Mobile phones, cellular base stations (2G/3G/4G/5G)",ITU Radio Regulations,EU/Europe follows ITU Region 1 (largely identical to Region 1/2 primary services shown). Source: FCC 47 CFR 2.106 / ITU Radio Regulations 2016
0.014300,0.015000,ITU,Region 3,FIXED,PRIMARY,,,"Point-to-point microwave links, satellite earth stations",ITU Radio Regulations,EU/Europe follows ITU Region 1 (largely identical to Region 1/2 primary services shown). Source: FCC 47 CFR 2.106 / ITU Radio Regulations 2016
0.014300,0.015000,ITU,Region 3,Mobile except aeronautical mobile (R),Secondary,,,"Point-to-point microwave links, satellite earth stations",ITU Radio Regulations,EU/Europe follows ITU Region 1 (largely identical to Region 1/2 primary services shown). Source: FCC 47 CFR 2.106 / ITU Radio Regulations 2016
0.014300,0.015000,USA,USA,FIXED,PRIMARY,,US340,"Point-to-point microwave links, satellite earth stations",FCC 47 CFR 2.106 (Federal),EU/Europe follows ITU Region 1 (largely identical to Region 1/2 primary services shown). Source: FCC 47 CFR 2.106 / ITU Radio Regulations 2016
0.014400,0.014500,USA,USA,Fixed,Secondary,,,"Point-to-point microwave links, satellite earth stations; Mobile phones, cellular base stations (2G/3G/4G/5G)",FCC 47 CFR 2.106 (Federal),EU/Europe follows ITU Region 1 (largely identical to Region 1/2 primary services shown). Source: FCC 47 CFR 2.106 / ITU Radio Regulations 2016
0.014400,0.014500,USA,USA,Mobile,Secondary,,,"Point-to-point microwave links, satellite earth stations; Mobile phones, cellular base stations (2G/3G/4G/5G)",FCC 47 CFR 2.106 (Federal),EU/Europe follows ITU Region 1 (largely identical to Region 1/2 primary services shown). Source: FCC 47 CFR 2.106 / ITU Radio Regulations 2016
0.014500,0.014500,USA,USA,Fixed,Secondary,,US113 US133 US342,"Point-to-point microwave links, satellite earth stations; Mobile phones, cellular base stations (2G/3G/4G/5G)",FCC 47 CFR 2.106 (Federal),EU/Europe follows ITU Region 1 (largely identical to Region 1/2 primary services shown). Source: FCC 47 CFR 2.106 / ITU Radio Regulations 2016
0.014500,0.014500,USA,USA,Mobile,Secondary,,US113 US133 US342,"Point-to-point microwave links, satellite earth stations; Mobile phones, cellular base stations (2G/3G/4G/5G)",FCC 47 CFR 2.106 (Federal),EU/Europe follows ITU Region 1 (largely identical to Region 1/2 primary services shown). Source: FCC 47 CFR 2.106 / ITU Radio Regulations 2016
0.014500,0.014500,USA,USA,FIXED-SATELLITE (Earth-to-space),Secondary,,NG527A US113 US133 US342,"Point-to-point microwave links, satellite earth stations; Mobile phones, cellular base stations (2G/3G/4G/5G)",FCC 47 CFR 2.106 (Non-Fed),EU/Europe follows ITU Region 1 (largely identical to Region 1/2 primary services shown). Source: FCC 47 CFR 2.106 / ITU Radio Regulations 2016
0.014500,0.014500,USA,USA,Mobile-satellite (Earth-to-space),Secondary,,NG527A US113 US133 US342,"Point-to-point microwave links, satellite earth stations; Mobile phones, cellular base stations (2G/3G/4G/5G)",FCC 47 CFR 2.106 (Non-Fed),EU/Europe follows ITU Region 1 (largely identical to Region 1/2 primary services shown). Source: FCC 47 CFR 2.106 / ITU Radio Regulations 2016
0.014500,0.014700,USA,USA,FIXED,PRIMARY,,,"Point-to-point microwave links, satellite earth stations; Mobile phones, cellular base stations (2G/3G/4G/5G); Deep space probes, scientific satellites",FCC 47 CFR 2.106 (Federal),EU/Europe follows ITU Region 1 (largely identical to Region 1/2 primary services shown). Source: FCC 47 CFR 2.106 / ITU Radio Regulations 2016
0.014500,0.014700,USA,USA,Mobile,Secondary,,,"Point-to-point microwave links, satellite earth stations; Mobile phones, cellular base stations (2G/3G/4G/5G); Deep space probes, scientific satellites",FCC 47 CFR 2.106 (Federal),EU/Europe follows ITU Region 1 (largely identical to Region 1/2 primary services shown). Source: FCC 47 CFR 2.106 / ITU Radio Regulations 2016
0.014500,0.014700,USA,USA,Space research,Secondary,,5.509G,"Point-to-point microwave links, satellite earth stations; Mobile phones, cellular base stations (2G/3G/4G/5G); Deep space probes, scientific satellites",FCC 47 CFR 2.106 (Federal),EU/Europe follows ITU Region 1 (largely identical to Region 1/2 primary services shown). Source: FCC 47 CFR 2.106 / ITU Radio Regulations 2016
0.014700,0.014800,USA,USA,MOBILE,PRIMARY,,,"Point-to-point microwave links, satellite earth stations; Mobile phones, cellular base stations (2G/3G/4G/5G); Deep space probes, scientific satellites",FCC 47 CFR 2.106 (Federal),EU/Europe follows ITU Region 1 (largely identical to Region 1/2 primary services shown). Source: FCC 47 CFR 2.106 / ITU Radio Regulations 2016
0.014700,0.014800,USA,USA,Fixed,Secondary,,,"Point-to-point microwave links, satellite earth stations; Mobile phones, cellular base stations (2G/3G/4G/5G); Deep space probes, scientific satellites",FCC 47 CFR 2.106 (Federal),EU/Europe follows ITU Region 1 (largely identical to Region 1/2 primary services shown). Source: FCC 47 CFR 2.106 / ITU Radio Regulations 2016
0.014700,0.014800,USA,USA,Space research,Secondary,,5.509G,"Point-to-point microwave links, satellite earth stations; Mobile phones, cellular base stations (2G/3G/4G/5G); Deep space probes, scientific satellites",FCC 47 CFR 2.106 (Federal),EU/Europe follows ITU Region 1 (largely identical to Region 1/2 primary services shown). Source: FCC 47 CFR 2.106 / ITU Radio Regulations 2016
0.014800,0.015100,USA,USA,MOBILE,PRIMARY,,US310,"Point-to-point microwave links, satellite earth stations; Mobile phones, cellular base stations (2G/3G/4G/5G); Deep space probes, scientific satellites",FCC 47 CFR 2.106 (Federal),EU/Europe follows ITU Region 1 (largely identical to Region 1/2 primary services shown). Source: FCC 47 CFR 2.106 / ITU Radio Regulations 2016
0.014800,0.015100,USA,USA,SPACE RESEARCH,PRIMARY,,US310,"Point-to-point microwave links, satellite earth stations; Mobile phones, cellular base stations (2G/3G/4G/5G); Deep space probes, scientific satellites",FCC 47 CFR 2.106 (Federal),EU/Europe follows ITU Region 1 (largely identical to Region 1/2 primary services shown). Source: FCC 47 CFR 2.106 / ITU Radio Regulations 2016
0.014800,0.015100,USA,USA,Fixed,Secondary,,US310,"Point-to-point microwave links, satellite earth stations; Mobile phones, cellular base stations (2G/3G/4G/5G); Deep space probes, scientific satellites",FCC 47 CFR 2.106 (Federal),EU/Europe follows ITU Region 1 (largely identical to Region 1/2 primary services shown). Source: FCC 47 CFR 2.106 / ITU Radio Regulations 2016
0.015100,0.015800,USA,USA,BROADCASTING,PRIMARY,,5.134 US136 US340,"AM/FM radios, DAB receivers, TV sets",FCC 47 CFR 2.106 (Federal),EU/Europe follows ITU Region 1 (largely identical to Region 1/2 primary services shown). Source: FCC 47 CFR 2.106 / ITU Radio Regulations 2016
0.015100,0.015300,USA,USA,FIXED,PRIMARY,,5.339 US211,"Point-to-point microwave links, satellite earth stations; Mobile phones, cellular base stations (2G/3G/4G/5G); Deep space probes, scientific satellites",FCC 47 CFR 2.106 (Federal),EU/Europe follows ITU Region 1 (largely identical to Region 1/2 primary services shown). Source: FCC 47 CFR 2.106 / ITU Radio Regulations 2016
0.015100,0.015300,USA,USA,SPACE RESEARCH,PRIMARY,,5.339 US211,"Point-to-point microwave links, satellite earth stations; Mobile phones, cellular base stations (2G/3G/4G/5G); Deep space probes, scientific satellites",FCC 47 CFR 2.106 (Federal),EU/Europe follows ITU Region 1 (largely identical to Region 1/2 primary services shown). Source: FCC 47 CFR 2.106 / ITU Radio Regulations 2016
0.015100,0.015300,USA,USA,Mobile,Secondary,,5.339 US211,"Point-to-point microwave links, satellite earth stations; Mobile phones, cellular base stations (2G/3G/4G/5G); Deep space probes, scientific satellites",FCC 47 CFR 2.106 (Federal),EU/Europe follows ITU Region 1 (largely identical to Region 1/2 primary services shown). Source: FCC 47 CFR 2.106 / ITU Radio Regulations 2016
0.015300,0.015400,USA,USA,EARTH EXPLORATION-SATELLITE (passive),Secondary,,US246,"Radio telescopes, scientific receivers; Satellite phones, VSAT terminals, satellite internet; Deep space probes, scientific satellites",FCC 47 CFR 2.106 (Federal),EU/Europe follows ITU Region 1 (largely identical to Region 1/2 primary services shown). Source: FCC 47 CFR 2.106 / ITU Radio Regulations 2016
0.015300,0.015400,USA,USA,RADIO ASTRONOMY,PRIMARY,,US74 US246,"Radio telescopes, scientific receivers; Satellite phones, VSAT terminals, satellite internet; Deep space probes, scientific satellites",FCC 47 CFR 2.106 (Federal),EU/Europe follows ITU Region 1 (largely identical to Region 1/2 primary services shown). Source: FCC 47 CFR 2.106 / ITU Radio Regulations 2016
0.015300,0.015400,USA,USA,SPACE RESEARCH (passive),Secondary,,US246,"Radio telescopes, scientific receivers; Satellite phones, VSAT terminals, satellite internet; Deep space probes, scientific satellites",FCC 47 CFR 2.106 (Federal),EU/Europe follows ITU Region 1 (largely identical to Region 1/2 primary services shown). Source: FCC 47 CFR 2.106 / ITU Radio Regulations 2016
0.015400,0.015400,USA,USA,RADIOLOCATION,PRIMARY,,5.511E 5.511F US511E US211,"GPS receivers, GNSS devices; Radar systems, speed guns, weather radar",FCC 47 CFR 2.106 (Federal),EU/Europe follows ITU Region 1 (largely identical to Region 1/2 primary services shown). Source: FCC 47 CFR 2.106 / ITU Radio Regulations 2016
0.015400,0.015400,USA,USA,AERONAUTICAL,PRIMARY,,5.511F US511E US211,"GPS receivers, GNSS devices; Radar systems, speed guns, weather radar",FCC 47 CFR 2.106 (Federal),EU/Europe follows ITU Region 1 (largely identical to Region 1/2 primary services shown). Source: FCC 47 CFR 2.106 / ITU Radio Regulations 2016
0.015400,0.015400,USA,USA,RADIONAVIGATION,PRIMARY,,US260 5.511F US511E US211,"GPS receivers, GNSS devices; Radar systems, speed guns, weather radar",FCC 47 CFR 2.106 (Federal),EU/Europe follows ITU Region 1 (largely identical to Region 1/2 primary services shown). Source: FCC 47 CFR 2.106 / ITU Radio Regulations 2016
0.015400,0.015400,USA,USA,AERONAUTICAL,PRIMARY,,US211 US511E,"GPS receivers, GNSS devices; Radar systems, speed guns, weather radar",FCC 47 CFR 2.106 (Non-Fed),EU/Europe follows ITU Region 1 (largely identical to Region 1/2 primary services shown). Source: FCC 47 CFR 2.106 / ITU Radio Regulations 2016
0.015400,0.015400,USA,USA,RADIONAVIGATION,PRIMARY,,US260 US211 US511E,"GPS receivers, GNSS devices; Radar systems, speed guns, weather radar",FCC 47 CFR 2.106 (Non-Fed),EU/Europe follows ITU Region 1 (largely identical to Region 1/2 primary services shown). Source: FCC 47 CFR 2.106 / ITU Radio Regulations 2016
0.015400,0.015600,USA,USA,RADIOLOCATION,PRIMARY,,5.511E 5.511F US511E 5.511C US211 US359,"GPS receivers, GNSS devices; Point-to-point microwave links, satellite earth stations; Radar systems, speed guns, weather radar",FCC 47 CFR 2.106 (Federal),EU/Europe follows ITU Region 1 (largely identical to Region 1/2 primary services shown). Source: FCC 47 CFR 2.106 / ITU Radio Regulations 2016
0.015400,0.015600,USA,USA,AERONAUTICAL,PRIMARY,,5.511F US511E 5.511C US211 US359,"GPS receivers, GNSS devices; Point-to-point microwave links, satellite earth stations; Radar systems, speed guns, weather radar",FCC 47 CFR 2.106 (Federal),EU/Europe follows ITU Region 1 (largely identical to Region 1/2 primary services shown). Source: FCC 47 CFR 2.106 / ITU Radio Regulations 2016
0.015400,0.015600,USA,USA,RADIONAVIGATION,PRIMARY,,US260 5.511F US511E 5.511C US211 US359,"GPS receivers, GNSS devices; Point-to-point microwave links, satellite earth stations; Radar systems, speed guns, weather radar",FCC 47 CFR 2.106 (Federal),EU/Europe follows ITU Region 1 (largely identical to Region 1/2 primary services shown). Source: FCC 47 CFR 2.106 / ITU Radio Regulations 2016
0.015400,0.015600,USA,USA,FIXED-SATELLITE (Earth-to-space),Secondary,,5.511C US211 US359 US511E,"GPS receivers, GNSS devices; Point-to-point microwave links, satellite earth stations; Radar systems, speed guns, weather radar",FCC 47 CFR 2.106 (Non-Fed),EU/Europe follows ITU Region 1 (largely identical to Region 1/2 primary services shown). Source: FCC 47 CFR 2.106 / ITU Radio Regulations 2016
0.015400,0.015600,USA,USA,AERONAUTICAL,PRIMARY,,5.511C US211 US359 US511E,"GPS receivers, GNSS devices; Point-to-point microwave links, satellite earth stations; Radar systems, speed guns, weather radar",FCC 47 CFR 2.106 (Non-Fed),EU/Europe follows ITU Region 1 (largely identical to Region 1/2 primary services shown). Source: FCC 47 CFR 2.106 / ITU Radio Regulations 2016
0.015400,0.015600,USA,USA,RADIONAVIGATION,PRIMARY,,US260 5.511C US211 US359 US511E,"GPS receivers, GNSS devices; Point-to-point microwave links, satellite earth stations; Radar systems, speed guns, weather radar",FCC 47 CFR 2.106 (Non-Fed),EU/Europe follows ITU Region 1 (largely identical to Region 1/2 primary services shown). Source: FCC 47 CFR 2.106 / ITU Radio Regulations 2016
0.015600,0.015700,USA,USA,RADIOLOCATION,PRIMARY,,5.511E 5.511F US511E US211,"GPS receivers, GNSS devices; Radar systems, speed guns, weather radar",FCC 47 CFR 2.106 (Federal),EU/Europe follows ITU Region 1 (largely identical to Region 1/2 primary services shown). Source: FCC 47 CFR 2.106 / ITU Radio Regulations 2016
0.015600,0.015700,USA,USA,AERONAUTICAL,PRIMARY,,5.511F US511E US211,"GPS receivers, GNSS devices; Radar systems, speed guns, weather radar",FCC 47 CFR 2.106 (Federal),EU/Europe follows ITU Region 1 (largely identical to Region 1/2 primary services shown). Source: FCC 47 CFR 2.106 / ITU Radio Regulations 2016
0.015600,0.015700,USA,USA,RADIONAVIGATION,PRIMARY,,US260 5.511F US511E US211,"GPS receivers, GNSS devices; Radar systems, speed guns, weather radar",FCC 47 CFR 2.106 (Federal),EU/Europe follows ITU Region 1 (largely identical to Region 1/2 primary services shown). Source: FCC 47 CFR 2.106 / ITU Radio Regulations 2016
0.015600,0.015700,USA,USA,AERONAUTICAL,PRIMARY,,US211 US511E,"GPS receivers, GNSS devices; Radar systems, speed guns, weather radar",FCC 47 CFR 2.106 (Non-Fed),EU/Europe follows ITU Region 1 (largely identical to Region 1/2 primary services shown). Source: FCC 47 CFR 2.106 / ITU Radio Regulations 2016
0.015600,0.015700,USA,USA,RADIONAVIGATION,PRIMARY,,US260 US211 US511E,"GPS receivers, GNSS devices; Radar systems, speed guns, weather radar",FCC 47 CFR 2.106 (Non-Fed),EU/Europe follows ITU Region 1 (largely identical to Region 1/2 primary services shown). Source: FCC 47 CFR 2.106 / ITU Radio Regulations 2016
0.015700,0.016600,USA,USA,RADIOLOCATION,PRIMARY,,G59,"Radar systems, speed guns, weather radar",FCC 47 CFR 2.106 (Federal),EU/Europe follows ITU Region 1 (largely identical to Region 1/2 primary services shown). Source: FCC 47 CFR 2.106 / ITU Radio Regulations 2016
0.015700,0.016600,USA,USA,Radiolocation,Secondary,,,"Radar systems, speed guns, weather radar",FCC 47 CFR 2.106 (Non-Fed),EU/Europe follows ITU Region 1 (largely identical to Region 1/2 primary services shown). Source: FCC 47 CFR 2.106 / ITU Radio Regulations 2016
0.015800,0.016100,USA,USA,FIXED,PRIMARY,,US340,"Point-to-point microwave links, satellite earth stations",FCC 47 CFR 2.106 (Federal),EU/Europe follows ITU Region 1 (largely identical to Region 1/2 primary services shown). Source: FCC 47 CFR 2.106 / ITU Radio Regulations 2016
0.016100,0.016200,ITU,Region 1/2,FIXED,PRIMARY,,,"Point-to-point microwave links, satellite earth stations; Radar systems, speed guns, weather radar",ITU Radio Regulations,EU/Europe follows ITU Region 1 (largely identical to Region 1/2 primary services shown). Source: FCC 47 CFR 2.106 / ITU Radio Regulations 2016
0.016100,0.016200,ITU,Region 1/2,RADIOLOCATION,PRIMARY,,5.145A,"Point-to-point microwave links, satellite earth stations; Radar systems, speed guns, weather radar",ITU Radio Regulations,EU/Europe follows ITU Region 1 (largely identical to Region 1/2 primary services shown). Source: FCC 47 CFR 2.106 / ITU Radio Regulations 2016
0.016100,0.016200,ITU,Region 3,FIXED,PRIMARY,,,"Point-to-point microwave links, satellite earth stations; Radar systems, speed guns, weather radar",ITU Radio Regulations,EU/Europe follows ITU Region 1 (largely identical to Region 1/2 primary services shown). Source: FCC 47 CFR 2.106 / ITU Radio Regulations 2016
0.016100,0.016200,ITU,Region 3,Radiolocation,Secondary,,5.145A,"Point-to-point microwave links, satellite earth stations; Radar systems, speed guns, weather radar",ITU Radio Regulations,EU/Europe follows ITU Region 1 (largely identical to Region 1/2 primary services shown). Source: FCC 47 CFR 2.106 / ITU Radio Regulations 2016
0.016100,0.016200,USA,USA,FIXED,PRIMARY,,US340,"Point-to-point microwave links, satellite earth stations; Radar systems, speed guns, weather radar",FCC 47 CFR 2.106 (Federal),EU/Europe follows ITU Region 1 (largely identical to Region 1/2 primary services shown). Source: FCC 47 CFR 2.106 / ITU Radio Regulations 2016
0.016100,0.016200,USA,USA,RADIOLOCATION,PRIMARY,,5.145A US340,"Point-to-point microwave links, satellite earth stations; Radar systems, speed guns, weather radar",FCC 47 CFR 2.106 (Federal),EU/Europe follows ITU Region 1 (largely identical to Region 1/2 primary services shown). Source: FCC 47 CFR 2.106 / ITU Radio Regulations 2016
0.016200,0.016400,USA,USA,FIXED,PRIMARY,,US340,"Point-to-point microwave links, satellite earth stations",FCC 47 CFR 2.106 (Federal),EU/Europe follows ITU Region 1 (largely identical to Region 1/2 primary services shown). Source: FCC 47 CFR 2.106 / ITU Radio Regulations 2016
0.016400,0.017400,USA,USA,MARITIME MOBILE,PRIMARY,,5.109 5.110 5.132 5.145 US82 US296 US340,"Mobile phones, cellular base stations (2G/3G/4G/5G)",FCC 47 CFR 2.106 (Federal),EU/Europe follows ITU Region 1 (largely identical to Region 1/2 primary services shown). Source: FCC 47 CFR 2.106 / ITU Radio Regulations 2016
0.016600,0.017100,USA,USA,RADIOLOCATION,PRIMARY,,G59,"Radar systems, speed guns, weather radar; Deep space probes, scientific satellites",FCC 47 CFR 2.106 (Federal),EU/Europe follows ITU Region 1 (largely identical to Region 1/2 primary services shown). Source: FCC 47 CFR 2.106 / ITU Radio Regulations 2016
0.016600,0.017100,USA,USA,Space research (deep space),Secondary,,,"Radar systems, speed guns, weather radar; Deep space probes, scientific satellites",FCC 47 CFR 2.106 (Federal),EU/Europe follows ITU Region 1 (largely identical to Region 1/2 primary services shown). Source: FCC 47 CFR 2.106 / ITU Radio Regulations 2016
0.016600,0.017100,USA,USA,(Earth-to-space),Secondary,,,"Radar systems, speed guns, weather radar; Deep space probes, scientific satellites",FCC 47 CFR 2.106 (Federal),EU/Europe follows ITU Region 1 (largely identical to Region 1/2 primary services shown). Source: FCC 47 CFR 2.106 / ITU Radio Regulations 2016
0.017100,0.017200,USA,USA,RADIOLOCATION,PRIMARY,,G59,"Radar systems, speed guns, weather radar",FCC 47 CFR 2.106 (Federal),EU/Europe follows ITU Region 1 (largely identical to Region 1/2 primary services shown). Source: FCC 47 CFR 2.106 / ITU Radio Regulations 2016
0.017200,0.017300,USA,USA,EARTH EXPLORATION-,PRIMARY,,,"Satellite phones, VSAT terminals, satellite internet; Radar systems, speed guns, weather radar; Deep space probes, scientific satellites",FCC 47 CFR 2.106 (Federal),EU/Europe follows ITU Region 1 (largely identical to Region 1/2 primary services shown). Source: FCC 47 CFR 2.106 / ITU Radio Regulations 2016
0.017200,0.017300,USA,USA,SATELLITE (active),Secondary,,,"Satellite phones, VSAT terminals, satellite internet; Radar systems, speed guns, weather radar; Deep space probes, scientific satellites",FCC 47 CFR 2.106 (Federal),EU/Europe follows ITU Region 1 (largely identical to Region 1/2 primary services shown). Source: FCC 47 CFR 2.106 / ITU Radio Regulations 2016
0.017200,0.017300,USA,USA,RADIOLOCATION,PRIMARY,,G59,"Satellite phones, VSAT terminals, satellite internet; Radar systems, speed guns, weather radar; Deep space probes, scientific satellites",FCC 47 CFR 2.106 (Federal),EU/Europe follows ITU Region 1 (largely identical to Region 1/2 primary services shown). Source: FCC 47 CFR 2.106 / ITU Radio Regulations 2016
0.017200,0.017300,USA,USA,SPACE RESEARCH (active),Secondary,,,"Satellite phones, VSAT terminals, satellite internet; Radar systems, speed guns, weather radar; Deep space probes, scientific satellites",FCC 47 CFR 2.106 (Federal),EU/Europe follows ITU Region 1 (largely identical to Region 1/2 primary services shown). Source: FCC 47 CFR 2.106 / ITU Radio Regulations 2016
0.017200,0.017300,USA,USA,Earth exploration-satellite (active),Secondary,,,"Satellite phones, VSAT terminals, satellite internet; Radar systems, speed guns, weather radar; Deep space probes, scientific satellites",FCC 47 CFR 2.106 (Non-Fed),EU/Europe follows ITU Region 1 (largely identical to Region 1/2 primary services shown). Source: FCC 47 CFR 2.106 / ITU Radio Regulations 2016
0.017200,0.017300,USA,USA,Radiolocation,Secondary,,,"Satellite phones, VSAT terminals, satellite internet; Radar systems, speed guns, weather radar; Deep space probes, scientific satellites",FCC 47 CFR 2.106 (Non-Fed),EU/Europe follows ITU Region 1 (largely identical to Region 1/2 primary services shown). Source: FCC 47 CFR 2.106 / ITU Radio Regulations 2016
0.017200,0.017300,USA,USA,Space research (active),Secondary,,,"Satellite phones, VSAT terminals, satellite internet; Radar systems, speed guns, weather radar; Deep space probes, scientific satellites",FCC 47 CFR 2.106 (Non-Fed),EU/Europe follows ITU Region 1 (largely identical to Region 1/2 primary services shown). Source: FCC 47 CFR 2.106 / ITU Radio Regulations 2016
0.017300,0.017700,ITU,Region 1/2,FIXED-SATELLITE (Earth-to-space),Secondary,,,"AM/FM radios, DAB receivers, TV sets; Point-to-point microwave links, satellite earth stations; Radar systems, speed guns, weather radar",ITU Radio Regulations,EU/Europe follows ITU Region 1 (largely identical to Region 1/2 primary services shown). Source: FCC 47 CFR 2.106 / ITU Radio Regulations 2016
0.017300,0.017700,ITU,Region 1/2,BROADCASTING-SATELLITE,PRIMARY,,,"AM/FM radios, DAB receivers, TV sets; Point-to-point microwave links, satellite earth stations; Radar systems, speed guns, weather radar",ITU Radio Regulations,EU/Europe follows ITU Region 1 (largely identical to Region 1/2 primary services shown). Source: FCC 47 CFR 2.106 / ITU Radio Regulations 2016
0.017300,0.017700,ITU,Region 1/2,Radiolocation,Secondary,,,"AM/FM radios, DAB receivers, TV sets; Point-to-point microwave links, satellite earth stations; Radar systems, speed guns, weather radar",ITU Radio Regulations,EU/Europe follows ITU Region 1 (largely identical to Region 1/2 primary services shown). Source: FCC 47 CFR 2.106 / ITU Radio Regulations 2016
0.017300,0.017700,ITU,Region 3,FIXED-SATELLITE (Earth-to-space),Secondary,,,"AM/FM radios, DAB receivers, TV sets; Point-to-point microwave links, satellite earth stations; Radar systems, speed guns, weather radar",ITU Radio Regulations,EU/Europe follows ITU Region 1 (largely identical to Region 1/2 primary services shown). Source: FCC 47 CFR 2.106 / ITU Radio Regulations 2016
0.017300,0.017700,ITU,Region 3,Radiolocation,Secondary,,,"AM/FM radios, DAB receivers, TV sets; Point-to-point microwave links, satellite earth stations; Radar systems, speed guns, weather radar",ITU Radio Regulations,EU/Europe follows ITU Region 1 (largely identical to Region 1/2 primary services shown). Source: FCC 47 CFR 2.106 / ITU Radio Regulations 2016
0.017300,0.017700,USA,USA,Radiolocation,Secondary,,US259 G59 US402 G117,"AM/FM radios, DAB receivers, TV sets; Point-to-point microwave links, satellite earth stations; Radar systems, speed guns, weather radar",FCC 47 CFR 2.106 (Federal),EU/Europe follows ITU Region 1 (largely identical to Region 1/2 primary services shown). Source: FCC 47 CFR 2.106 / ITU Radio Regulations 2016
0.017300,0.017700,USA,USA,FIXED-SATELLITE (Earth-to-space),Secondary,,US271 US402 NG163 US259,"AM/FM radios, DAB receivers, TV sets; Point-to-point microwave links, satellite earth stations; Radar systems, speed guns, weather radar",FCC 47 CFR 2.106 (Non-Fed),EU/Europe follows ITU Region 1 (largely identical to Region 1/2 primary services shown). Source: FCC 47 CFR 2.106 / ITU Radio Regulations 2016
0.017300,0.017700,USA,USA,BROADCASTING-SATELLITE,PRIMARY,,US271 US402 NG163 US259,"AM/FM radios, DAB receivers, TV sets; Point-to-point microwave links, satellite earth stations; Radar systems, speed guns, weather radar",FCC 47 CFR 2.106 (Non-Fed),EU/Europe follows ITU Region 1 (largely identical to Region 1/2 primary services shown). Source: FCC 47 CFR 2.106 / ITU Radio Regulations 2016
0.017400,0.017500,USA,USA,FIXED,PRIMARY,,US340,"Point-to-point microwave links, satellite earth stations",FCC 47 CFR 2.106 (Federal),EU/Europe follows ITU Region 1 (largely identical to Region 1/2 primary services shown). Source: FCC 47 CFR 2.106 / ITU Radio Regulations 2016
0.017500,0.017900,USA,USA,BROADCASTING,PRIMARY,,5.134 US136 US340,"AM/FM radios, DAB receivers, TV sets",FCC 47 CFR 2.106 (Federal),EU/Europe follows ITU Region 1 (largely identical to Region 1/2 primary services shown). Source: FCC 47 CFR 2.106 / ITU Radio Regulations 2016
0.017700,0.017800,ITU,Region 1/2,FIXED,PRIMARY,,,"AM/FM radios, DAB receivers, TV sets; Point-to-point microwave links, satellite earth stations; Mobile phones, cellular base stations (2G/3G/4G/5G)",ITU Radio Regulations,EU/Europe follows ITU Region 1 (largely identical to Region 1/2 primary services shown). Source: FCC 47 CFR 2.106 / ITU Radio Regulations 2016
0.017700,0.017800,ITU,Region 1/2,FIXED-SATELLITE (space-to-Earth),Secondary,,,"AM/FM radios, DAB receivers, TV sets; Point-to-point microwave links, satellite earth stations; Mobile phones, cellular base stations (2G/3G/4G/5G)",ITU Radio Regulations,EU/Europe follows ITU Region 1 (largely identical to Region 1/2 primary services shown). Source: FCC 47 CFR 2.106 / ITU Radio Regulations 2016
0.017700,0.017800,ITU,Region 1/2,BROADCASTING-SATELLITE,PRIMARY,,,"AM/FM radios, DAB receivers, TV sets; Point-to-point microwave links, satellite earth stations; Mobile phones, cellular base stations (2G/3G/4G/5G)",ITU Radio Regulations,EU/Europe follows ITU Region 1 (largely identical to Region 1/2 primary services shown). Source: FCC 47 CFR 2.106 / ITU Radio Regulations 2016
0.017700,0.017800,ITU,Region 1/2,Mobile,Secondary,,,"AM/FM radios, DAB receivers, TV sets; Point-to-point microwave links, satellite earth stations; Mobile phones, cellular base stations (2G/3G/4G/5G)",ITU Radio Regulations,EU/Europe follows ITU Region 1 (largely identical to Region 1/2 primary services shown). Source: FCC 47 CFR 2.106 / ITU Radio Regulations 2016
0.017700,0.017800,ITU,Region 3,FIXED,PRIMARY,,,"AM/FM radios, DAB receivers, TV sets; Point-to-point microwave links, satellite earth stations; Mobile phones, cellular base stations (2G/3G/4G/5G)",ITU Radio Regulations,EU/Europe follows ITU Region 1 (largely identical to Region 1/2 primary services shown). Source: FCC 47 CFR 2.106 / ITU Radio Regulations 2016
0.017700,0.017800,ITU,Region 3,FIXED-SATELLITE (space-to-Earth),Secondary,,,"AM/FM radios, DAB receivers, TV sets; Point-to-point microwave links, satellite earth stations; Mobile phones, cellular base stations (2G/3G/4G/5G)",ITU Radio Regulations,EU/Europe follows ITU Region 1 (largely identical to Region 1/2 primary services shown). Source: FCC 47 CFR 2.106 / ITU Radio Regulations 2016
0.017700,0.017800,ITU,Region 3,MOBILE,PRIMARY,,,"AM/FM radios, DAB receivers, TV sets; Point-to-point microwave links, satellite earth stations; Mobile phones, cellular base stations (2G/3G/4G/5G)",ITU Radio Regulations,EU/Europe follows ITU Region 1 (largely identical to Region 1/2 primary services shown). Source: FCC 47 CFR 2.106 / ITU Radio Regulations 2016
0.017700,0.017800,USA,USA,FIXED,PRIMARY,,US271 US334,"AM/FM radios, DAB receivers, TV sets; Point-to-point microwave links, satellite earth stations; Mobile phones, cellular base stations (2G/3G/4G/5G)",FCC 47 CFR 2.106 (Non-Fed),EU/Europe follows ITU Region 1 (largely identical to Region 1/2 primary services shown). Source: FCC 47 CFR 2.106 / ITU Radio Regulations 2016
0.017700,0.017800,USA,USA,FIXED-SATELLITE (Earth-to-space),Secondary,,US271 US334,"AM/FM radios, DAB receivers, TV sets; Point-to-point microwave links, satellite earth stations; Mobile phones, cellular base stations (2G/3G/4G/5G)",FCC 47 CFR 2.106 (Non-Fed),EU/Europe follows ITU Region 1 (largely identical to Region 1/2 primary services shown). Source: FCC 47 CFR 2.106 / ITU Radio Regulations 2016
0.017800,0.018100,ITU,Region 1/2,FIXED,PRIMARY,,,"Point-to-point microwave links, satellite earth stations; Mobile phones, cellular base stations (2G/3G/4G/5G)",ITU Radio Regulations,EU/Europe follows ITU Region 1 (largely identical to Region 1/2 primary services shown). Source: FCC 47 CFR 2.106 / ITU Radio Regulations 2016
0.017800,0.018100,ITU,Region 1/2,FIXED-SATELLITE (space-to-Earth),Secondary,,,"Point-to-point microwave links, satellite earth stations; Mobile phones, cellular base stations (2G/3G/4G/5G)",ITU Radio Regulations,EU/Europe follows ITU Region 1 (largely identical to Region 1/2 primary services shown). Source: FCC 47 CFR 2.106 / ITU Radio Regulations 2016
0.017800,0.018100,ITU,Region 1/2,MOBILE,PRIMARY,,,"Point-to-point microwave links, satellite earth stations; Mobile phones, cellular base stations (2G/3G/4G/5G)",ITU Radio Regulations,EU/Europe follows ITU Region 1 (largely identical to Region 1/2 primary services shown). Source: FCC 47 CFR 2.106 / ITU Radio Regulations 2016
0.017800,0.018100,USA,USA,FIXED-SATELLITE (space-to-,Secondary,,US519,"Point-to-point microwave links, satellite earth stations; Mobile phones, cellular base stations (2G/3G/4G/5G)",FCC 47 CFR 2.106 (Federal),EU/Europe follows ITU Region 1 (largely identical to Region 1/2 primary services shown). Source: FCC 47 CFR 2.106 / ITU Radio Regulations 2016
0.017800,0.018100,USA,USA,Earth),Secondary,,US334 G117 US519,"Point-to-point microwave links, satellite earth stations; Mobile phones, cellular base stations (2G/3G/4G/5G)",FCC 47 CFR 2.106 (Federal),EU/Europe follows ITU Region 1 (largely identical to Region 1/2 primary services shown). Source: FCC 47 CFR 2.106 / ITU Radio Regulations 2016
0.017800,0.018100,USA,USA,FIXED,PRIMARY,,US334 US519 NG527A,"Point-to-point microwave links, satellite earth stations; Mobile phones, cellular base stations (2G/3G/4G/5G)",FCC 47 CFR 2.106 (Non-Fed),EU/Europe follows ITU Region 1 (largely identical to Region 1/2 primary services shown). Source: FCC 47 CFR 2.106 / ITU Radio Regulations 2016
0.017800,0.018100,USA,USA,Fixed-satellite (space-to-Earth),Secondary,,US334 US519 NG527A,"Point-to-point microwave links, satellite earth stations; Mobile phones, cellular base stations (2G/3G/4G/5G)",FCC 47 CFR 2.106 (Non-Fed),EU/Europe follows ITU Region 1 (largely identical to Region 1/2 primary services shown). Source: FCC 47 CFR 2.106 / ITU Radio Regulations 2016
0.017900,0.018000,USA,USA,AERONAUTICAL MOBILE (R),PRIMARY,,US283 US340,"Mobile phones, cellular base stations (2G/3G/4G/5G)",FCC 47 CFR 2.106 (Federal),EU/Europe follows ITU Region 1 (largely identical to Region 1/2 primary services shown). Source: FCC 47 CFR 2.106 / ITU Radio Regulations 2016
0.018000,0.018000,USA,USA,AERONAUTICAL MOBILE (OR),PRIMARY,,US340,"Mobile phones, cellular base stations (2G/3G/4G/5G)",FCC 47 CFR 2.106 (Federal),EU/Europe follows ITU Region 1 (largely identical to Region 1/2 primary services shown). Source: FCC 47 CFR 2.106 / ITU Radio Regulations 2016
0.018000,0.018100,USA,USA,FIXED,PRIMARY,,US340,"Point-to-point microwave links, satellite earth stations",FCC 47 CFR 2.106 (Federal),EU/Europe follows ITU Region 1 (largely identical to Region 1/2 primary services shown). Source: FCC 47 CFR 2.106 / ITU Radio Regulations 2016
0.018100,0.018200,USA,USA,AMATEUR,PRIMARY,,US340,"Ham radio transceivers, SDR receivers",FCC 47 CFR 2.106 (Non-Fed),EU/Europe follows ITU Region 1 (largely identical to Region 1/2 primary services shown). Source: FCC 47 CFR 2.106 / ITU Radio Regulations 2016
0.018100,0.018200,USA,USA,AMATEUR-SATELLITE,PRIMARY,,US340,"Ham radio transceivers, SDR receivers",FCC 47 CFR 2.106 (Non-Fed),EU/Europe follows ITU Region 1 (largely identical to Region 1/2 primary services shown). Source: FCC 47 CFR 2.106 / ITU Radio Regulations 2016
0.018200,0.018800,USA,USA,FIXED,PRIMARY,,US340,"Point-to-point microwave links, satellite earth stations; Mobile phones, cellular base stations (2G/3G/4G/5G)",FCC 47 CFR 2.106 (Federal),EU/Europe follows ITU Region 1 (largely identical to Region 1/2 primary services shown). Source: FCC 47 CFR 2.106 / ITU Radio Regulations 2016
0.018200,0.018800,USA,USA,Mobile,Secondary,,US340,"Point-to-point microwave links, satellite earth stations; Mobile phones, cellular base stations (2G/3G/4G/5G)",FCC 47 CFR 2.106 (Federal),EU/Europe follows ITU Region 1 (largely identical to Region 1/2 primary services shown). Source: FCC 47 CFR 2.106 / ITU Radio Regulations 2016
0.018300,0.018600,USA,USA,FIXED-SATELLITE (space-to-,Secondary,,US139,"Point-to-point microwave links, satellite earth stations",FCC 47 CFR 2.106 (Federal),EU/Europe follows ITU Region 1 (largely identical to Region 1/2 primary services shown). Source: FCC 47 CFR 2.106 / ITU Radio Regulations 2016
0.018300,0.018600,USA,USA,Earth),Secondary,,US334 G117 US139,"Point-to-point microwave links, satellite earth stations",FCC 47 CFR 2.106 (Federal),EU/Europe follows ITU Region 1 (largely identical to Region 1/2 primary services shown). Source: FCC 47 CFR 2.106 / ITU Radio Regulations 2016
0.018300,0.018600,USA,USA,FIXED-SATELLITE (space-to-Earth),Secondary,,NG527A US139 US334,"Point-to-point microwave links, satellite earth stations",FCC 47 CFR 2.106 (Non-Fed),EU/Europe follows ITU Region 1 (largely identical to Region 1/2 primary services shown). Source: FCC 47 CFR 2.106 / ITU Radio Regulations 2016
0.018600,0.018800,ITU,Region 1/2,EARTH EXPLORATION-,PRIMARY,,,"Point-to-point microwave links, satellite earth stations; Satellite phones, VSAT terminals, satellite internet; Mobile phones, cellular base stations (2G/3G/4G/5G); Deep space probes, scientific satellites",ITU Radio Regulations,EU/Europe follows ITU Region 1 (largely identical to Region 1/2 primary services shown). Source: FCC 47 CFR 2.106 / ITU Radio Regulations 2016
0.018600,0.018800,ITU,Region 1/2,SATELLITE (passive),Secondary,,,"Point-to-point microwave links, satellite earth stations; Satellite phones, VSAT terminals, satellite internet; Mobile phones, cellular base stations (2G/3G/4G/5G); Deep space probes, scientific satellites",ITU Radio Regulations,EU/Europe follows ITU Region 1 (largely identical to Region 1/2 primary services shown). Source: FCC 47 CFR 2.106 / ITU Radio Regulations 2016
0.018600,0.018800,ITU,Region 1/2,FIXED,PRIMARY,,,"Point-to-point microwave links, satellite earth stations; Satellite phones, VSAT terminals, satellite internet; Mobile phones, cellular base stations (2G/3G/4G/5G); Deep space probes, scientific satellites",ITU Radio Regulations,EU/Europe follows ITU Region 1 (largely identical to Region 1/2 primary services shown). Source: FCC 47 CFR 2.106 / ITU Radio Regulations 2016
0.018600,0.018800,ITU,Region 1/2,FIXED-SATELLITE (space-to-Earth),Secondary,,,"Point-to-point microwave links, satellite earth stations; Satellite phones, VSAT terminals, satellite internet; Mobile phones, cellular base stations (2G/3G/4G/5G); Deep space probes, scientific satellites",ITU Radio Regulations,EU/Europe follows ITU Region 1 (largely identical to Region 1/2 primary services shown). Source: FCC 47 CFR 2.106 / ITU Radio Regulations 2016
0.018600,0.018800,ITU,Region 1/2,MOBILE except aeronautical mobile,Secondary,,,"Point-to-point microwave links, satellite earth stations; Satellite phones, VSAT terminals, satellite internet; Mobile phones, cellular base stations (2G/3G/4G/5G); Deep space probes, scientific satellites",ITU Radio Regulations,EU/Europe follows ITU Region 1 (largely identical to Region 1/2 primary services shown). Source: FCC 47 CFR 2.106 / ITU Radio Regulations 2016
0.018600,0.018800,ITU,Region 1/2,SPACE RESEARCH (passive),Secondary,,,"Point-to-point microwave links, satellite earth stations; Satellite phones, VSAT terminals, satellite internet; Mobile phones, cellular base stations (2G/3G/4G/5G); Deep space probes, scientific satellites",ITU Radio Regulations,EU/Europe follows ITU Region 1 (largely identical to Region 1/2 primary services shown). Source: FCC 47 CFR 2.106 / ITU Radio Regulations 2016
0.018600,0.018800,ITU,Region 3,EARTH EXPLORATION-,PRIMARY,,,"Point-to-point microwave links, satellite earth stations; Satellite phones, VSAT terminals, satellite internet; Mobile phones, cellular base stations (2G/3G/4G/5G); Deep space probes, scientific satellites",ITU Radio Regulations,EU/Europe follows ITU Region 1 (largely identical to Region 1/2 primary services shown). Source: FCC 47 CFR 2.106 / ITU Radio Regulations 2016
0.018600,0.018800,ITU,Region 3,SATELLITE (passive),Secondary,,,"Point-to-point microwave links, satellite earth stations; Satellite phones, VSAT terminals, satellite internet; Mobile phones, cellular base stations (2G/3G/4G/5G); Deep space probes, scientific satellites",ITU Radio Regulations,EU/Europe follows ITU Region 1 (largely identical to Region 1/2 primary services shown). Source: FCC 47 CFR 2.106 / ITU Radio Regulations 2016
0.018600,0.018800,ITU,Region 3,FIXED,PRIMARY,,,"Point-to-point microwave links, satellite earth stations; Satellite phones, VSAT terminals, satellite internet; Mobile phones, cellular base stations (2G/3G/4G/5G); Deep space probes, scientific satellites",ITU Radio Regulations,EU/Europe follows ITU Region 1 (largely identical to Region 1/2 primary services shown). Source: FCC 47 CFR 2.106 / ITU Radio Regulations 2016
0.018600,0.018800,ITU,Region 3,FIXED-SATELLITE (space-to-Earth),Secondary,,,"Point-to-point microwave links, satellite earth stations; Satellite phones, VSAT terminals, satellite internet; Mobile phones, cellular base stations (2G/3G/4G/5G); Deep space probes, scientific satellites",ITU Radio Regulations,EU/Europe follows ITU Region 1 (largely identical to Region 1/2 primary services shown). Source: FCC 47 CFR 2.106 / ITU Radio Regulations 2016
0.018600,0.018800,ITU,Region 3,MOBILE except aeronautical mobile,Secondary,,,"Point-to-point microwave links, satellite earth stations; Satellite phones, VSAT terminals, satellite internet; Mobile phones, cellular base stations (2G/3G/4G/5G); Deep space probes, scientific satellites",ITU Radio Regulations,EU/Europe follows ITU Region 1 (largely identical to Region 1/2 primary services shown). Source: FCC 47 CFR 2.106 / ITU Radio Regulations 2016
0.018600,0.018800,ITU,Region 3,Space research (passive),Secondary,,,"Point-to-point microwave links, satellite earth stations; Satellite phones, VSAT terminals, satellite internet; Mobile phones, cellular base stations (2G/3G/4G/5G); Deep space probes, scientific satellites",ITU Radio Regulations,EU/Europe follows ITU Region 1 (largely identical to Region 1/2 primary services shown). Source: FCC 47 CFR 2.106 / ITU Radio Regulations 2016
0.018600,0.018800,USA,USA,EARTH EXPLORATION-,PRIMARY,,US139 US254,"Point-to-point microwave links, satellite earth stations; Satellite phones, VSAT terminals, satellite internet; Mobile phones, cellular base stations (2G/3G/4G/5G); Deep space probes, scientific satellites",FCC 47 CFR 2.106 (Federal),EU/Europe follows ITU Region 1 (largely identical to Region 1/2 primary services shown). Source: FCC 47 CFR 2.106 / ITU Radio Regulations 2016
0.018600,0.018800,USA,USA,SATELLITE (passive),Secondary,,US139 US254,"Point-to-point microwave links, satellite earth stations; Satellite phones, VSAT terminals, satellite internet; Mobile phones, cellular base stations (2G/3G/4G/5G); Deep space probes, scientific satellites",FCC 47 CFR 2.106 (Federal),EU/Europe follows ITU Region 1 (largely identical to Region 1/2 primary services shown). Source: FCC 47 CFR 2.106 / ITU Radio Regulations 2016
0.018600,0.018800,USA,USA,FIXED-SATELLITE (space-to-,Secondary,,US139 US254,"Point-to-point microwave links, satellite earth stations; Satellite phones, VSAT terminals, satellite internet; Mobile phones, cellular base stations (2G/3G/4G/5G); Deep space probes, scientific satellites",FCC 47 CFR 2.106 (Federal),EU/Europe follows ITU Region 1 (largely identical to Region 1/2 primary services shown). Source: FCC 47 CFR 2.106 / ITU Radio Regulations 2016
0.018600,0.018800,USA,USA,Earth),Secondary,,US255 US334 G117 US139 US254,"Point-to-point microwave links, satellite earth stations; Satellite phones, VSAT terminals, satellite internet; Mobile phones, cellular base stations (2G/3G/4G/5G); Deep space probes, scientific satellites",FCC 47 CFR 2.106 (Federal),EU/Europe follows ITU Region 1 (largely identical to Region 1/2 primary services shown). Source: FCC 47 CFR 2.106 / ITU Radio Regulations 2016
0.018600,0.018800,USA,USA,SPACE RESEARCH (passive),Secondary,,US139 US254,"Point-to-point microwave links, satellite earth stations; Satellite phones, VSAT terminals, satellite internet; Mobile phones, cellular base stations (2G/3G/4G/5G); Deep space probes, scientific satellites",FCC 47 CFR 2.106 (Federal),EU/Europe follows ITU Region 1 (largely identical to Region 1/2 primary services shown). Source: FCC 47 CFR 2.106 / ITU Radio Regulations 2016
0.018600,0.018800,USA,USA,EARTH EXPLORATION-,PRIMARY,,US255 NG164 NG527A US139 US254 US334,"Point-to-point microwave links, satellite earth stations; Satellite phones, VSAT terminals, satellite internet; Mobile phones, cellular base stations (2G/3G/4G/5G); Deep space probes, scientific satellites",FCC 47 CFR 2.106 (Non-Fed),EU/Europe follows ITU Region 1 (largely identical to Region 1/2 primary services shown). Source: FCC 47 CFR 2.106 / ITU Radio Regulations 2016
0.018600,0.018800,USA,USA,SATELLITE (passive),Secondary,,US255 NG164 NG527A US139 US254 US334,"Point-to-point microwave links, satellite earth stations; Satellite phones, VSAT terminals, satellite internet; Mobile phones, cellular base stations (2G/3G/4G/5G); Deep space probes, scientific satellites",FCC 47 CFR 2.106 (Non-Fed),EU/Europe follows ITU Region 1 (largely identical to Region 1/2 primary services shown). Source: FCC 47 CFR 2.106 / ITU Radio Regulations 2016
0.018600,0.018800,USA,USA,FIXED-SATELLITE (space-to-Earth),Secondary,,US255 NG164 NG527A US139 US254 US334,"Point-to-point microwave links, satellite earth stations; Satellite phones, VSAT terminals, satellite internet; Mobile phones, cellular base stations (2G/3G/4G/5G); Deep space probes, scientific satellites",FCC 47 CFR 2.106 (Non-Fed),EU/Europe follows ITU Region 1 (largely identical to Region 1/2 primary services shown). Source: FCC 47 CFR 2.106 / ITU Radio Regulations 2016
0.018600,0.018800,USA,USA,SPACE RESEARCH (passive),Secondary,,US255 NG164 NG527A US139 US254 US334,"Point-to-point microwave links, satellite earth stations; Satellite phones, VSAT terminals, satellite internet; Mobile phones, cellular base stations (2G/3G/4G/5G); Deep space probes, scientific satellites",FCC 47 CFR 2.106 (Non-Fed),EU/Europe follows ITU Region 1 (largely identical to Region 1/2 primary services shown). Source: FCC 47 CFR 2.106 / ITU Radio Regulations 2016
0.018800,0.018900,ITU,Region 1/2,MARITIME MOBILE,PRIMARY,,US82,"Mobile phones, cellular base stations (2G/3G/4G/5G)",ITU Radio Regulations,EU/Europe follows ITU Region 1 (largely identical to Region 1/2 primary services shown). Source: FCC 47 CFR 2.106 / ITU Radio Regulations 2016
0.018800,0.020200,USA,USA,FIXED-SATELLITE (space-to-,Secondary,,US139,"Point-to-point microwave links, satellite earth stations",FCC 47 CFR 2.106 (Federal),EU/Europe follows ITU Region 1 (largely identical to Region 1/2 primary services shown). Source: FCC 47 CFR 2.106 / ITU Radio Regulations 2016
0.018800,0.020200,USA,USA,Earth),Secondary,,US334 G117 US139,"Point-to-point microwave links, satellite earth stations",FCC 47 CFR 2.106 (Federal),EU/Europe follows ITU Region 1 (largely identical to Region 1/2 primary services shown). Source: FCC 47 CFR 2.106 / ITU Radio Regulations 2016
0.018800,0.020200,USA,USA,FIXED-SATELLITE (space-to-Earth),Secondary,,NG165 NG527A US139 US334,"Point-to-point microwave links, satellite earth stations",FCC 47 CFR 2.106 (Non-Fed),EU/Europe follows ITU Region 1 (largely identical to Region 1/2 primary services shown). Source: FCC 47 CFR 2.106 / ITU Radio Regulations 2016
0.018900,0.019000,ITU,Region 1/2,BROADCASTING,PRIMARY,,5.134,"AM/FM radios, DAB receivers, TV sets",ITU Radio Regulations,EU/Europe follows ITU Region 1 (largely identical to Region 1/2 primary services shown). Source: FCC 47 CFR 2.106 / ITU Radio Regulations 2016
0.018900,0.019000,ITU,Region 1/2,VLBA Station,Secondary,,,,ITU Radio Regulations,EU/Europe follows ITU Region 1 (largely identical to Region 1/2 primary services shown). Source: FCC 47 CFR 2.106 / ITU Radio Regulations 2016
0.018900,0.019000,ITU,Region 3,Lat. (N),Secondary,,,,ITU Radio Regulations,EU/Europe follows ITU Region 1 (largely identical to Region 1/2 primary services shown). Source: FCC 47 CFR 2.106 / ITU Radio Regulations 2016
0.019000,0.019700,ITU,Region 1/2,FIXED,PRIMARY,,,"Point-to-point microwave links, satellite earth stations",ITU Radio Regulations,EU/Europe follows ITU Region 1 (largely identical to Region 1/2 primary services shown). Source: FCC 47 CFR 2.106 / ITU Radio Regulations 2016
0.019700,0.019800,ITU,Region 1/2,MARITIME MOBILE,PRIMARY,,5.132,"Mobile phones, cellular base stations (2G/3G/4G/5G)",ITU Radio Regulations,EU/Europe follows ITU Region 1 (largely identical to Region 1/2 primary services shown). Source: FCC 47 CFR 2.106 / ITU Radio Regulations 2016
0.019700,0.020100,ITU,Region 1/2,FIXED-SATELLITE (space-to-Earth),Secondary,,,"Point-to-point microwave links, satellite earth stations; Mobile phones, cellular base stations (2G/3G/4G/5G)",ITU Radio Regulations,EU/Europe follows ITU Region 1 (largely identical to Region 1/2 primary services shown). Source: FCC 47 CFR 2.106 / ITU Radio Regulations 2016
0.019700,0.020100,ITU,Region 1/2,MOBILE-SATELLITE (space-to-Earth),Secondary,,,"Point-to-point microwave links, satellite earth stations; Mobile phones, cellular base stations (2G/3G/4G/5G)",ITU Radio Regulations,EU/Europe follows ITU Region 1 (largely identical to Region 1/2 primary services shown). Source: FCC 47 CFR 2.106 / ITU Radio Regulations 2016
0.019700,0.020100,ITU,Region 3,FIXED-SATELLITE (space-to-Earth),Secondary,,,"Point-to-point microwave links, satellite earth stations; Mobile phones, cellular base stations (2G/3G/4G/5G)",ITU Radio Regulations,EU/Europe follows ITU Region 1 (largely identical to Region 1/2 primary services shown). Source: FCC 47 CFR 2.106 / ITU Radio Regulations 2016
0.019700,0.020100,ITU,Region 3,Mobile-satellite (space-to-Earth),Secondary,,,"Point-to-point microwave links, satellite earth stations; Mobile phones, cellular base stations (2G/3G/4G/5G)",ITU Radio Regulations,EU/Europe follows ITU Region 1 (largely identical to Region 1/2 primary services shown). Source: FCC 47 CFR 2.106 / ITU Radio Regulations 2016
0.019800,0.020000,ITU,Region 1/2,FIXED,PRIMARY,,,"Point-to-point microwave links, satellite earth stations",ITU Radio Regulations,EU/Europe follows ITU Region 1 (largely identical to Region 1/2 primary services shown). Source: FCC 47 CFR 2.106 / ITU Radio Regulations 2016
0.019900,0.020100,USA,USA,STANDARD FREQUENCY AND TIME SIGNAL (20 kHz),Secondary,,US2,"Atomic clocks, time receivers (DCF77, WWVB)",FCC 47 CFR 2.106 (Federal),EU/Europe follows ITU Region 1 (largely identical to Region 1/2 primary services shown). Source: FCC 47 CFR 2.106 / ITU Radio Regulations 2016
0.020000,0.020000,ITU,Region 1/2,STANDARD FREQUENCY AND TIME SIGNAL (20 MHz),Secondary,,,"Atomic clocks, time receivers (DCF77, WWVB)",ITU Radio Regulations,EU/Europe follows ITU Region 1 (largely identical to Region 1/2 primary services shown). Source: FCC 47 CFR 2.106 / ITU Radio Regulations 2016
0.020000,0.021000,ITU,Region 1/2,FIXED,PRIMARY,,,"Point-to-point microwave links, satellite earth stations; Mobile phones, cellular base stations (2G/3G/4G/5G)",ITU Radio Regulations,EU/Europe follows ITU Region 1 (largely identical to Region 1/2 primary services shown). Source: FCC 47 CFR 2.106 / ITU Radio Regulations 2016
0.020000,0.021000,ITU,Region 1/2,Mobile,Secondary,,,"Point-to-point microwave links, satellite earth stations; Mobile phones, cellular base stations (2G/3G/4G/5G)",ITU Radio Regulations,EU/Europe follows ITU Region 1 (largely identical to Region 1/2 primary services shown). Source: FCC 47 CFR 2.106 / ITU Radio Regulations 2016
0.020000,0.021000,ITU,Region 3,FIXED,PRIMARY,,,"Point-to-point microwave links, satellite earth stations; Mobile phones, cellular base stations (2G/3G/4G/5G)",ITU Radio Regulations,EU/Europe follows ITU Region 1 (largely identical to Region 1/2 primary services shown). Source: FCC 47 CFR 2.106 / ITU Radio Regulations 2016
0.020100,0.059000,USA,USA,FIXED,PRIMARY,,US2,"Point-to-point microwave links, satellite earth stations; Mobile phones, cellular base stations (2G/3G/4G/5G)",FCC 47 CFR 2.106 (Federal),EU/Europe follows ITU Region 1 (largely identical to Region 1/2 primary services shown). Source: FCC 47 CFR 2.106 / ITU Radio Regulations 2016
0.020100,0.059000,USA,USA,MARITIME MOBILE,PRIMARY,,5.57 US2,"Point-to-point microwave links, satellite earth stations; Mobile phones, cellular base stations (2G/3G/4G/5G)",FCC 47 CFR 2.106 (Federal),EU/Europe follows ITU Region 1 (largely identical to Region 1/2 primary services shown). Source: FCC 47 CFR 2.106 / ITU Radio Regulations 2016
0.020100,0.059000,USA,USA,FIXED,PRIMARY,,US2,"Point-to-point microwave links, satellite earth stations; Mobile phones, cellular base stations (2G/3G/4G/5G)",FCC 47 CFR 2.106 (Non-Fed),EU/Europe follows ITU Region 1 (largely identical to Region 1/2 primary services shown). Source: FCC 47 CFR 2.106 / ITU Radio Regulations 2016
0.020200,0.021200,USA,USA,FIXED-SATELLITE,PRIMARY,,G117,"Point-to-point microwave links, satellite earth stations; Satellite phones, VSAT terminals, satellite internet; Mobile phones, cellular base stations (2G/3G/4G/5G)",FCC 47 CFR 2.106 (Federal),EU/Europe follows ITU Region 1 (largely identical to Region 1/2 primary services shown). Source: FCC 47 CFR 2.106 / ITU Radio Regulations 2016
0.020200,0.021200,USA,USA,(space-to-Earth),Secondary,,G117,"Point-to-point microwave links, satellite earth stations; Satellite phones, VSAT terminals, satellite internet; Mobile phones, cellular base stations (2G/3G/4G/5G)",FCC 47 CFR 2.106 (Federal),EU/Europe follows ITU Region 1 (largely identical to Region 1/2 primary services shown). Source: FCC 47 CFR 2.106 / ITU Radio Regulations 2016
0.020200,0.021200,USA,USA,MOBILE-SATELLITE,PRIMARY,,G117,"Point-to-point microwave links, satellite earth stations; Satellite phones, VSAT terminals, satellite internet; Mobile phones, cellular base stations (2G/3G/4G/5G)",FCC 47 CFR 2.106 (Federal),EU/Europe follows ITU Region 1 (largely identical to Region 1/2 primary services shown). Source: FCC 47 CFR 2.106 / ITU Radio Regulations 2016
0.020200,0.021200,USA,USA,(space-to-Earth),Secondary,,G117,"Point-to-point microwave links, satellite earth stations; Satellite phones, VSAT terminals, satellite internet; Mobile phones, cellular base stations (2G/3G/4G/5G)",FCC 47 CFR 2.106 (Federal),EU/Europe follows ITU Region 1 (largely identical to Region 1/2 primary services shown). Source: FCC 47 CFR 2.106 / ITU Radio Regulations 2016
0.020200,0.021200,USA,USA,Standard frequency and time,Secondary,,G117,"Point-to-point microwave links, satellite earth stations; Satellite phones, VSAT terminals, satellite internet; Mobile phones, cellular base stations (2G/3G/4G/5G)",FCC 47 CFR 2.106 (Federal),EU/Europe follows ITU Region 1 (largely identical to Region 1/2 primary services shown). Source: FCC 47 CFR 2.106 / ITU Radio Regulations 2016
0.020200,0.021200,USA,USA,signal-satellite (space-to-Earth),Secondary,,G117,"Point-to-point microwave links, satellite earth stations; Satellite phones, VSAT terminals, satellite internet; Mobile phones, cellular base stations (2G/3G/4G/5G)",FCC 47 CFR 2.106 (Federal),EU/Europe follows ITU Region 1 (largely identical to Region 1/2 primary services shown). Source: FCC 47 CFR 2.106 / ITU Radio Regulations 2016
0.020200,0.021200,USA,USA,Standard frequency and time,Secondary,,,"Point-to-point microwave links, satellite earth stations; Satellite phones, VSAT terminals, satellite internet; Mobile phones, cellular base stations (2G/3G/4G/5G)",FCC 47 CFR 2.106 (Non-Fed),EU/Europe follows ITU Region 1 (largely identical to Region 1/2 primary services shown). Source: FCC 47 CFR 2.106 / ITU Radio Regulations 2016
0.020200,0.021200,USA,USA,signal-satellite (space-to-Earth),Secondary,,,"Point-to-point microwave links, satellite earth stations; Satellite phones, VSAT terminals, satellite internet; Mobile phones, cellular base stations (2G/3G/4G/5G)",FCC 47 CFR 2.106 (Non-Fed),EU/Europe follows ITU Region 1 (largely identical to Region 1/2 primary services shown). Source: FCC 47 CFR 2.106 / ITU Radio Regulations 2016
0.021200,0.021400,USA,USA,EARTH EXPLORATION-SATELLITE (passive),Secondary,,US532,"Point-to-point microwave links, satellite earth stations; Satellite phones, VSAT terminals, satellite internet; Mobile phones, cellular base stations (2G/3G/4G/5G); Deep space probes, scientific satellites",FCC 47 CFR 2.106 (Federal),EU/Europe follows ITU Region 1 (largely identical to Region 1/2 primary services shown). Source: FCC 47 CFR 2.106 / ITU Radio Regulations 2016
0.021200,0.021400,USA,USA,FIXED,PRIMARY,,US532,"Point-to-point microwave links, satellite earth stations; Satellite phones, VSAT terminals, satellite internet; Mobile phones, cellular base stations (2G/3G/4G/5G); Deep space probes, scientific satellites",FCC 47 CFR 2.106 (Federal),EU/Europe follows ITU Region 1 (largely identical to Region 1/2 primary services shown). Source: FCC 47 CFR 2.106 / ITU Radio Regulations 2016
0.021200,0.021400,USA,USA,MOBILE,PRIMARY,,US532,"Point-to-point microwave links, satellite earth stations; Satellite phones, VSAT terminals, satellite internet; Mobile phones, cellular base stations (2G/3G/4G/5G); Deep space probes, scientific satellites",FCC 47 CFR 2.106 (Federal),EU/Europe follows ITU Region 1 (largely identical to Region 1/2 primary services shown). Source: FCC 47 CFR 2.106 / ITU Radio Regulations 2016
0.021200,0.021400,USA,USA,SPACE RESEARCH (passive),Secondary,,US532,"Point-to-point microwave links, satellite earth stations; Satellite phones, VSAT terminals, satellite internet; Mobile phones, cellular base stations (2G/3G/4G/5G); Deep space probes, scientific satellites",FCC 47 CFR 2.106 (Federal),EU/Europe follows ITU Region 1 (largely identical to Region 1/2 primary services shown). Source: FCC 47 CFR 2.106 / ITU Radio Regulations 2016
0.021400,0.022000,ITU,Region 1/2,FIXED,PRIMARY,,,"Point-to-point microwave links, satellite earth stations; Mobile phones, cellular base stations (2G/3G/4G/5G)",ITU Radio Regulations,EU/Europe follows ITU Region 1 (largely identical to Region 1/2 primary services shown). Source: FCC 47 CFR 2.106 / ITU Radio Regulations 2016
0.021400,0.022000,ITU,Region 1/2,MOBILE,PRIMARY,,,"Point-to-point microwave links, satellite earth stations; Mobile phones, cellular base stations (2G/3G/4G/5G)",ITU Radio Regulations,EU/Europe follows ITU Region 1 (largely identical to Region 1/2 primary services shown). Source: FCC 47 CFR 2.106 / ITU Radio Regulations 2016
0.021400,0.022000,ITU,Region 3,FIXED,PRIMARY,,,"Point-to-point microwave links, satellite earth stations; Mobile phones, cellular base stations (2G/3G/4G/5G)",ITU Radio Regulations,EU/Europe follows ITU Region 1 (largely identical to Region 1/2 primary services shown). Source: FCC 47 CFR 2.106 / ITU Radio Regulations 2016
0.021400,0.022000,ITU,Region 3,MOBILE,PRIMARY,,,"Point-to-point microwave links, satellite earth stations; Mobile phones, cellular base stations (2G/3G/4G/5G)",ITU Radio Regulations,EU/Europe follows ITU Region 1 (largely identical to Region 1/2 primary services shown). Source: FCC 47 CFR 2.106 / ITU Radio Regulations 2016
0.021400,0.022000,ITU,Region 3,BROADCASTING-SATELLITE,PRIMARY,,5.208B,"Point-to-point microwave links, satellite earth stations; Mobile phones, cellular base stations (2G/3G/4G/5G)",ITU Radio Regulations,EU/Europe follows ITU Region 1 (largely identical to Region 1/2 primary services shown). Source: FCC 47 CFR 2.106 / ITU Radio Regulations 2016
0.021400,0.022000,USA,USA,FIXED,PRIMARY,,,"Point-to-point microwave links, satellite earth stations; Mobile phones, cellular base stations (2G/3G/4G/5G)",FCC 47 CFR 2.106 (Federal),EU/Europe follows ITU Region 1 (largely identical to Region 1/2 primary services shown). Source: FCC 47 CFR 2.106 / ITU Radio Regulations 2016
0.021400,0.022000,USA,USA,MOBILE,PRIMARY,,,"Point-to-point microwave links, satellite earth stations; Mobile phones, cellular base stations (2G/3G/4G/5G)",FCC 47 CFR 2.106 (Federal),EU/Europe follows ITU Region 1 (largely identical to Region 1/2 primary services shown). Source: FCC 47 CFR 2.106 / ITU Radio Regulations 2016
0.021500,0.021900,ITU,Region 1/2,BROADCASTING,PRIMARY,,,"AM/FM radios, DAB receivers, TV sets",ITU Radio Regulations,EU/Europe follows ITU Region 1 (largely identical to Region 1/2 primary services shown). Source: FCC 47 CFR 2.106 / ITU Radio Regulations 2016
0.021900,0.021900,ITU,Region 1/2,FIXED,PRIMARY,,,"Point-to-point microwave links, satellite earth stations",ITU Radio Regulations,EU/Europe follows ITU Region 1 (largely identical to Region 1/2 primary services shown). Source: FCC 47 CFR 2.106 / ITU Radio Regulations 2016
0.021900,0.022000,ITU,Region 1/2,AERONAUTICAL MOBILE (R),PRIMARY,,,"Mobile phones, cellular base stations (2G/3G/4G/5G)",ITU Radio Regulations,EU/Europe follows ITU Region 1 (largely identical to Region 1/2 primary services shown). Source: FCC 47 CFR 2.106 / ITU Radio Regulations 2016
0.022000,0.022900,ITU,Region 1/2,MARITIME MOBILE,PRIMARY,,5.132 US82,"Mobile phones, cellular base stations (2G/3G/4G/5G)",ITU Radio Regulations,EU/Europe follows ITU Region 1 (largely identical to Region 1/2 primary services shown). Source: FCC 47 CFR 2.106 / ITU Radio Regulations 2016
0.022000,0.022200,USA,USA,FIXED,PRIMARY,,US342,"Point-to-point microwave links, satellite earth stations; Mobile phones, cellular base stations (2G/3G/4G/5G)",FCC 47 CFR 2.106 (Federal),EU/Europe follows ITU Region 1 (largely identical to Region 1/2 primary services shown). Source: FCC 47 CFR 2.106 / ITU Radio Regulations 2016
0.022000,0.022200,USA,USA,MOBILE except aeronautical mobile,Secondary,,US342,"Point-to-point microwave links, satellite earth stations; Mobile phones, cellular base stations (2G/3G/4G/5G)",FCC 47 CFR 2.106 (Federal),EU/Europe follows ITU Region 1 (largely identical to Region 1/2 primary services shown). Source: FCC 47 CFR 2.106 / ITU Radio Regulations 2016
0.022200,0.022500,USA,USA,EARTH EXPLORATION-SATELLITE (passive),Secondary,,US342 US532,"Point-to-point microwave links, satellite earth stations; Satellite phones, VSAT terminals, satellite internet; Radio telescopes, scientific receivers; Mobile phones, cellular base stations (2G/3G/4G/5G); Deep space probes, scientific satellites",FCC 47 CFR 2.106 (Federal),EU/Europe follows ITU Region 1 (largely identical to Region 1/2 primary services shown). Source: FCC 47 CFR 2.106 / ITU Radio Regulations 2016
0.022200,0.022500,USA,USA,FIXED,PRIMARY,,US342 US532,"Point-to-point microwave links, satellite earth stations; Satellite phones, VSAT terminals, satellite internet; Radio telescopes, scientific receivers; Mobile phones, cellular base stations (2G/3G/4G/5G); Deep space probes, scientific satellites",FCC 47 CFR 2.106 (Federal),EU/Europe follows ITU Region 1 (largely identical to Region 1/2 primary services shown). Source: FCC 47 CFR 2.106 / ITU Radio Regulations 2016
0.022200,0.022500,USA,USA,MOBILE except aeronautical mobile,Secondary,,US342 US532,"Point-to-point microwave links, satellite earth stations; Satellite phones, VSAT terminals, satellite internet; Radio telescopes, scientific receivers; Mobile phones, cellular base stations (2G/3G/4G/5G); Deep space probes, scientific satellites",FCC 47 CFR 2.106 (Federal),EU/Europe follows ITU Region 1 (largely identical to Region 1/2 primary services shown). Source: FCC 47 CFR 2.106 / ITU Radio Regulations 2016
0.022200,0.022500,USA,USA,RADIO ASTRONOMY,PRIMARY,,US342 US532,"Point-to-point microwave links, satellite earth stations; Satellite phones, VSAT terminals, satellite internet; Radio telescopes, scientific receivers; Mobile phones, cellular base stations (2G/3G/4G/5G); Deep space probes, scientific satellites",FCC 47 CFR 2.106 (Federal),EU/Europe follows ITU Region 1 (largely identical to Region 1/2 primary services shown). Source: FCC 47 CFR 2.106 / ITU Radio Regulations 2016
0.022200,0.022500,USA,USA,SPACE RESEARCH (passive),Secondary,,US342 US532,"Point-to-point microwave links, satellite earth stations; Satellite phones, VSAT terminals, satellite internet; Radio telescopes, scientific receivers; Mobile phones, cellular base stations (2G/3G/4G/5G); Deep space probes, scientific satellites",FCC 47 CFR 2.106 (Federal),EU/Europe follows ITU Region 1 (largely identical to Region 1/2 primary services shown). Source: FCC 47 CFR 2.106 / ITU Radio Regulations 2016
0.022500,0.022600,USA,USA,FIXED,PRIMARY,,US211,"Point-to-point microwave links, satellite earth stations; Mobile phones, cellular base stations (2G/3G/4G/5G)",FCC 47 CFR 2.106 (Federal),EU/Europe follows ITU Region 1 (largely identical to Region 1/2 primary services shown). Source: FCC 47 CFR 2.106 / ITU Radio Regulations 2016
0.022500,0.022600,USA,USA,MOBILE,PRIMARY,,US211,"Point-to-point microwave links, satellite earth stations; Mobile phones, cellular base stations (2G/3G/4G/5G)",FCC 47 CFR 2.106 (Federal),EU/Europe follows ITU Region 1 (largely identical to Region 1/2 primary services shown). Source: FCC 47 CFR 2.106 / ITU Radio Regulations 2016
0.022600,0.023100,USA,USA,FIXED,PRIMARY,,US342,"Point-to-point microwave links, satellite earth stations; Satellite phones, VSAT terminals, satellite internet; Mobile phones, cellular base stations (2G/3G/4G/5G); Deep space probes, scientific satellites",FCC 47 CFR 2.106 (Federal),EU/Europe follows ITU Region 1 (largely identical to Region 1/2 primary services shown). Source: FCC 47 CFR 2.106 / ITU Radio Regulations 2016
0.022600,0.023100,USA,USA,INTER-SATELLITE,PRIMARY,,US145 US278 US342,"Point-to-point microwave links, satellite earth stations; Satellite phones, VSAT terminals, satellite internet; Mobile phones, cellular base stations (2G/3G/4G/5G); Deep space probes, scientific satellites",FCC 47 CFR 2.106 (Federal),EU/Europe follows ITU Region 1 (largely identical to Region 1/2 primary services shown). Source: FCC 47 CFR 2.106 / ITU Radio Regulations 2016
0.022600,0.023100,USA,USA,MOBILE,PRIMARY,,US342,"Point-to-point microwave links, satellite earth stations; Satellite phones, VSAT terminals, satellite internet; Mobile phones, cellular base stations (2G/3G/4G/5G); Deep space probes, scientific satellites",FCC 47 CFR 2.106 (Federal),EU/Europe follows ITU Region 1 (largely identical to Region 1/2 primary services shown). Source: FCC 47 CFR 2.106 / ITU Radio Regulations 2016
0.022600,0.023100,USA,USA,SPACE RESEARCH (Earth-to-space),Secondary,,5.532A US342,"Point-to-point microwave links, satellite earth stations; Satellite phones, VSAT terminals, satellite internet; Mobile phones, cellular base stations (2G/3G/4G/5G); Deep space probes, scientific satellites",FCC 47 CFR 2.106 (Federal),EU/Europe follows ITU Region 1 (largely identical to Region 1/2 primary services shown). Source: FCC 47 CFR 2.106 / ITU Radio Regulations 2016
0.022900,0.023000,USA,USA,FIXED,PRIMARY,,US340,"Point-to-point microwave links, satellite earth stations",FCC 47 CFR 2.106 (Federal),EU/Europe follows ITU Region 1 (largely identical to Region 1/2 primary services shown). Source: FCC 47 CFR 2.106 / ITU Radio Regulations 2016
0.023000,0.023200,USA,USA,FIXED,PRIMARY,,US340,"Point-to-point microwave links, satellite earth stations; Mobile phones, cellular base stations (2G/3G/4G/5G)",FCC 47 CFR 2.106 (Federal),EU/Europe follows ITU Region 1 (largely identical to Region 1/2 primary services shown). Source: FCC 47 CFR 2.106 / ITU Radio Regulations 2016
0.023000,0.023200,USA,USA,Mobile except aeronautical mobile (R),Secondary,,US340,"Point-to-point microwave links, satellite earth stations; Mobile phones, cellular base stations (2G/3G/4G/5G)",FCC 47 CFR 2.106 (Federal),EU/Europe follows ITU Region 1 (largely identical to Region 1/2 primary services shown). Source: FCC 47 CFR 2.106 / ITU Radio Regulations 2016
0.023000,0.023200,USA,USA,FIXED,PRIMARY,,US340,"Point-to-point microwave links, satellite earth stations; Mobile phones, cellular base stations (2G/3G/4G/5G)",FCC 47 CFR 2.106 (Non-Fed),EU/Europe follows ITU Region 1 (largely identical to Region 1/2 primary services shown). Source: FCC 47 CFR 2.106 / ITU Radio Regulations 2016
0.023100,0.023600,USA,USA,FIXED,PRIMARY,,,"Point-to-point microwave links, satellite earth stations; Satellite phones, VSAT terminals, satellite internet; Mobile phones, cellular base stations (2G/3G/4G/5G)",FCC 47 CFR 2.106 (Federal),EU/Europe follows ITU Region 1 (largely identical to Region 1/2 primary services shown). Source: FCC 47 CFR 2.106 / ITU Radio Regulations 2016
0.023100,0.023600,USA,USA,INTER-SATELLITE,PRIMARY,,US145 US278,"Point-to-point microwave links, satellite earth stations; Satellite phones, VSAT terminals, satellite internet; Mobile phones, cellular base stations (2G/3G/4G/5G)",FCC 47 CFR 2.106 (Federal),EU/Europe follows ITU Region 1 (largely identical to Region 1/2 primary services shown). Source: FCC 47 CFR 2.106 / ITU Radio Regulations 2016
0.023100,0.023600,USA,USA,MOBILE,PRIMARY,,,"Point-to-point microwave links, satellite earth stations; Satellite phones, VSAT terminals, satellite internet; Mobile phones, cellular base stations (2G/3G/4G/5G)",FCC 47 CFR 2.106 (Federal),EU/Europe follows ITU Region 1 (largely identical to Region 1/2 primary services shown). Source: FCC 47 CFR 2.106 / ITU Radio Regulations 2016
0.023200,0.023400,USA,USA,AERONAUTICAL MOBILE (OR),PRIMARY,,US340,"Mobile phones, cellular base stations (2G/3G/4G/5G)",FCC 47 CFR 2.106 (Federal),EU/Europe follows ITU Region 1 (largely identical to Region 1/2 primary services shown). Source: FCC 47 CFR 2.106 / ITU Radio Regulations 2016
0.023400,0.024400,USA,USA,FIXED,PRIMARY,,US340,"Point-to-point microwave links, satellite earth stations; Mobile phones, cellular base stations (2G/3G/4G/5G)",FCC 47 CFR 2.106 (Federal),EU/Europe follows ITU Region 1 (largely identical to Region 1/2 primary services shown). Source: FCC 47 CFR 2.106 / ITU Radio Regulations 2016
0.023400,0.024400,USA,USA,MOBILE except aeronautical mobile,Secondary,,US340,"Point-to-point microwave links, satellite earth stations; Mobile phones, cellular base stations (2G/3G/4G/5G)",FCC 47 CFR 2.106 (Federal),EU/Europe follows ITU Region 1 (largely identical to Region 1/2 primary services shown). Source: FCC 47 CFR 2.106 / ITU Radio Regulations 2016
0.023400,0.024400,USA,USA,FIXED,PRIMARY,,US340,"Point-to-point microwave links, satellite earth stations; Mobile phones, cellular base stations (2G/3G/4G/5G)",FCC 47 CFR 2.106 (Non-Fed),EU/Europe follows ITU Region 1 (largely identical to Region 1/2 primary services shown). Source: FCC 47 CFR 2.106 / ITU Radio Regulations 2016
0.023600,0.023600,USA,USA,FIXED,PRIMARY,,,"Point-to-point microwave links, satellite earth stations; Mobile phones, cellular base stations (2G/3G/4G/5G)",FCC 47 CFR 2.106 (Federal),EU/Europe follows ITU Region 1 (largely identical to Region 1/2 primary services shown). Source: FCC 47 CFR 2.106 / ITU Radio Regulations 2016
0.023600,0.023600,USA,USA,MOBILE,PRIMARY,,,"Point-to-point microwave links, satellite earth stations; Mobile phones, cellular base stations (2G/3G/4G/5G)",FCC 47 CFR 2.106 (Federal),EU/Europe follows ITU Region 1 (largely identical to Region 1/2 primary services shown). Source: FCC 47 CFR 2.106 / ITU Radio Regulations 2016
0.023600,0.024000,USA,USA,EARTH EXPLORATION-SATELLITE (passive),Secondary,,US246,"Radio telescopes, scientific receivers; Satellite phones, VSAT terminals, satellite internet; Deep space probes, scientific satellites",FCC 47 CFR 2.106 (Federal),EU/Europe follows ITU Region 1 (largely identical to Region 1/2 primary services shown). Source: FCC 47 CFR 2.106 / ITU Radio Regulations 2016
0.023600,0.024000,USA,USA,RADIO ASTRONOMY,PRIMARY,,US74 US246,"Radio telescopes, scientific receivers; Satellite phones, VSAT terminals, satellite internet; Deep space probes, scientific satellites",FCC 47 CFR 2.106 (Federal),EU/Europe follows ITU Region 1 (largely identical to Region 1/2 primary services shown). Source: FCC 47 CFR 2.106 / ITU Radio Regulations 2016
0.023600,0.024000,USA,USA,SPACE RESEARCH (passive),Secondary,,US246,"Radio telescopes, scientific receivers; Satellite phones, VSAT terminals, satellite internet; Deep space probes, scientific satellites",FCC 47 CFR 2.106 (Federal),EU/Europe follows ITU Region 1 (largely identical to Region 1/2 primary services shown). Source: FCC 47 CFR 2.106 / ITU Radio Regulations 2016
0.024000,0.024100,USA,USA,AMATEUR,PRIMARY,,5.150 US211,"Ham radio transceivers, SDR receivers",FCC 47 CFR 2.106 (Non-Fed),EU/Europe follows ITU Region 1 (largely identical to Region 1/2 primary services shown). Source: FCC 47 CFR 2.106 / ITU Radio Regulations 2016
0.024000,0.024100,USA,USA,AMATEUR-SATELLITE,PRIMARY,,5.150 US211,"Ham radio transceivers, SDR receivers",FCC 47 CFR 2.106 (Non-Fed),EU/Europe follows ITU Region 1 (largely identical to Region 1/2 primary services shown). Source: FCC 47 CFR 2.106 / ITU Radio Regulations 2016
0.024100,0.024300,USA,USA,RADIOLOCATION,PRIMARY,,G59 5.150,"Ham radio transceivers, SDR receivers; Satellite phones, VSAT terminals, satellite internet; Radar systems, speed guns, weather radar",FCC 47 CFR 2.106 (Federal),EU/Europe follows ITU Region 1 (largely identical to Region 1/2 primary services shown). Source: FCC 47 CFR 2.106 / ITU Radio Regulations 2016
0.024100,0.024300,USA,USA,Earth exploration-satellite (active),Secondary,,5.150,"Ham radio transceivers, SDR receivers; Satellite phones, VSAT terminals, satellite internet; Radar systems, speed guns, weather radar",FCC 47 CFR 2.106 (Federal),EU/Europe follows ITU Region 1 (largely identical to Region 1/2 primary services shown). Source: FCC 47 CFR 2.106 / ITU Radio Regulations 2016
0.024100,0.024300,USA,USA,Amateur,Secondary,,5.150,"Ham radio transceivers, SDR receivers; Satellite phones, VSAT terminals, satellite internet; Radar systems, speed guns, weather radar",FCC 47 CFR 2.106 (Non-Fed),EU/Europe follows ITU Region 1 (largely identical to Region 1/2 primary services shown). Source: FCC 47 CFR 2.106 / ITU Radio Regulations 2016
0.024100,0.024300,USA,USA,Earth exploration-satellite (active),Secondary,,5.150,"Ham radio transceivers, SDR receivers; Satellite phones, VSAT terminals, satellite internet; Radar systems, speed guns, weather radar",FCC 47 CFR 2.106 (Non-Fed),EU/Europe follows ITU Region 1 (largely identical to Region 1/2 primary services shown). Source: FCC 47 CFR 2.106 / ITU Radio Regulations 2016
0.024100,0.024300,USA,USA,Radiolocation,Secondary,,5.150,"Ham radio transceivers, SDR receivers; Satellite phones, VSAT terminals, satellite internet; Radar systems, speed guns, weather radar",FCC 47 CFR 2.106 (Non-Fed),EU/Europe follows ITU Region 1 (largely identical to Region 1/2 primary services shown). Source: FCC 47 CFR 2.106 / ITU Radio Regulations 2016
0.024300,0.024400,ITU,Region 1/2,RADIONAVIGATION,PRIMARY,,,"GPS receivers, GNSS devices; Point-to-point microwave links, satellite earth stations; Mobile phones, cellular base stations (2G/3G/4G/5G)",ITU Radio Regulations,EU/Europe follows ITU Region 1 (largely identical to Region 1/2 primary services shown). Source: FCC 47 CFR 2.106 / ITU Radio Regulations 2016
0.024300,0.024400,ITU,Region 3,FIXED,PRIMARY,,,"GPS receivers, GNSS devices; Point-to-point microwave links, satellite earth stations; Mobile phones, cellular base stations (2G/3G/4G/5G)",ITU Radio Regulations,EU/Europe follows ITU Region 1 (largely identical to Region 1/2 primary services shown). Source: FCC 47 CFR 2.106 / ITU Radio Regulations 2016
0.024300,0.024400,ITU,Region 3,MOBILE,PRIMARY,,,"GPS receivers, GNSS devices; Point-to-point microwave links, satellite earth stations; Mobile phones, cellular base stations (2G/3G/4G/5G)",ITU Radio Regulations,EU/Europe follows ITU Region 1 (largely identical to Region 1/2 primary services shown). Source: FCC 47 CFR 2.106 / ITU Radio Regulations 2016
0.024300,0.024400,ITU,Region 3,RADIONAVIGATION,PRIMARY,,,"GPS receivers, GNSS devices; Point-to-point microwave links, satellite earth stations; Mobile phones, cellular base stations (2G/3G/4G/5G)",ITU Radio Regulations,EU/Europe follows ITU Region 1 (largely identical to Region 1/2 primary services shown). Source: FCC 47 CFR 2.106 / ITU Radio Regulations 2016
0.024300,0.024400,USA,USA,FIXED,PRIMARY,,,"GPS receivers, GNSS devices; Point-to-point microwave links, satellite earth stations; Mobile phones, cellular base stations (2G/3G/4G/5G)",FCC 47 CFR 2.106 (Non-Fed),EU/Europe follows ITU Region 1 (largely identical to Region 1/2 primary services shown). Source: FCC 47 CFR 2.106 / ITU Radio Regulations 2016
0.024300,0.024400,USA,USA,MOBILE,PRIMARY,,,"GPS receivers, GNSS devices; Point-to-point microwave links, satellite earth stations; Mobile phones, cellular base stations (2G/3G/4G/5G)",FCC 47 CFR 2.106 (Non-Fed),EU/Europe follows ITU Region 1 (largely identical to Region 1/2 primary services shown). Source: FCC 47 CFR 2.106 / ITU Radio Regulations 2016
0.024400,0.024600,ITU,Region 1/2,FIXED,PRIMARY,,,"Point-to-point microwave links, satellite earth stations; Radar systems, speed guns, weather radar; Mobile phones, cellular base stations (2G/3G/4G/5G)",ITU Radio Regulations,EU/Europe follows ITU Region 1 (largely identical to Region 1/2 primary services shown). Source: FCC 47 CFR 2.106 / ITU Radio Regulations 2016
0.024400,0.024600,ITU,Region 1/2,LAND MOBILE,PRIMARY,,,"Point-to-point microwave links, satellite earth stations; Radar systems, speed guns, weather radar; Mobile phones, cellular base stations (2G/3G/4G/5G)",ITU Radio Regulations,EU/Europe follows ITU Region 1 (largely identical to Region 1/2 primary services shown). Source: FCC 47 CFR 2.106 / ITU Radio Regulations 2016
0.024400,0.024600,ITU,Region 1/2,RADIOLOCATION,PRIMARY,,5.132A,"Point-to-point microwave links, satellite earth stations; Radar systems, speed guns, weather radar; Mobile phones, cellular base stations (2G/3G/4G/5G)",ITU Radio Regulations,EU/Europe follows ITU Region 1 (largely identical to Region 1/2 primary services shown). Source: FCC 47 CFR 2.106 / ITU Radio Regulations 2016
0.024400,0.024600,ITU,Region 3,FIXED,PRIMARY,,,"Point-to-point microwave links, satellite earth stations; Radar systems, speed guns, weather radar; Mobile phones, cellular base stations (2G/3G/4G/5G)",ITU Radio Regulations,EU/Europe follows ITU Region 1 (largely identical to Region 1/2 primary services shown). Source: FCC 47 CFR 2.106 / ITU Radio Regulations 2016
0.024400,0.024600,ITU,Region 3,LAND MOBILE,PRIMARY,,,"Point-to-point microwave links, satellite earth stations; Radar systems, speed guns, weather radar; Mobile phones, cellular base stations (2G/3G/4G/5G)",ITU Radio Regulations,EU/Europe follows ITU Region 1 (largely identical to Region 1/2 primary services shown). Source: FCC 47 CFR 2.106 / ITU Radio Regulations 2016
0.024400,0.024600,ITU,Region 3,Radiolocation,Secondary,,5.132A,"Point-to-point microwave links, satellite earth stations; Radar systems, speed guns, weather radar; Mobile phones, cellular base stations (2G/3G/4G/5G)",ITU Radio Regulations,EU/Europe follows ITU Region 1 (largely identical to Region 1/2 primary services shown). Source: FCC 47 CFR 2.106 / ITU Radio Regulations 2016
0.024400,0.024600,USA,USA,FIXED,PRIMARY,,US340,"Point-to-point microwave links, satellite earth stations; Radar systems, speed guns, weather radar; Mobile phones, cellular base stations (2G/3G/4G/5G)",FCC 47 CFR 2.106 (Federal),EU/Europe follows ITU Region 1 (largely identical to Region 1/2 primary services shown). Source: FCC 47 CFR 2.106 / ITU Radio Regulations 2016
0.024400,0.024600,USA,USA,MOBILE except aeronautical mobile,Secondary,,US340,"Point-to-point microwave links, satellite earth stations; Radar systems, speed guns, weather radar; Mobile phones, cellular base stations (2G/3G/4G/5G)",FCC 47 CFR 2.106 (Federal),EU/Europe follows ITU Region 1 (largely identical to Region 1/2 primary services shown). Source: FCC 47 CFR 2.106 / ITU Radio Regulations 2016
0.024400,0.024600,USA,USA,RADIOLOCATION,PRIMARY,,5.132A US340,"Point-to-point microwave links, satellite earth stations; Radar systems, speed guns, weather radar; Mobile phones, cellular base stations (2G/3G/4G/5G)",FCC 47 CFR 2.106 (Federal),EU/Europe follows ITU Region 1 (largely identical to Region 1/2 primary services shown). Source: FCC 47 CFR 2.106 / ITU Radio Regulations 2016
0.024400,0.024600,USA,USA,FIXED,PRIMARY,,US340,"Point-to-point microwave links, satellite earth stations; Radar systems, speed guns, weather radar; Mobile phones, cellular base stations (2G/3G/4G/5G)",FCC 47 CFR 2.106 (Non-Fed),EU/Europe follows ITU Region 1 (largely identical to Region 1/2 primary services shown). Source: FCC 47 CFR 2.106 / ITU Radio Regulations 2016
0.024400,0.024600,USA,USA,RADIOLOCATION,PRIMARY,,5.132A US340,"Point-to-point microwave links, satellite earth stations; Radar systems, speed guns, weather radar; Mobile phones, cellular base stations (2G/3G/4G/5G)",FCC 47 CFR 2.106 (Non-Fed),EU/Europe follows ITU Region 1 (largely identical to Region 1/2 primary services shown). Source: FCC 47 CFR 2.106 / ITU Radio Regulations 2016
0.024600,0.024900,ITU,Region 1/2,FIXED,PRIMARY,,,"Point-to-point microwave links, satellite earth stations; Mobile phones, cellular base stations (2G/3G/4G/5G)",ITU Radio Regulations,EU/Europe follows ITU Region 1 (largely identical to Region 1/2 primary services shown). Source: FCC 47 CFR 2.106 / ITU Radio Regulations 2016
0.024600,0.024900,ITU,Region 1/2,LAND MOBILE,PRIMARY,,,"Point-to-point microwave links, satellite earth stations; Mobile phones, cellular base stations (2G/3G/4G/5G)",ITU Radio Regulations,EU/Europe follows ITU Region 1 (largely identical to Region 1/2 primary services shown). Source: FCC 47 CFR 2.106 / ITU Radio Regulations 2016
0.024600,0.024900,USA,USA,FIXED,PRIMARY,,US340,"Point-to-point microwave links, satellite earth stations; Mobile phones, cellular base stations (2G/3G/4G/5G)",FCC 47 CFR 2.106 (Federal),EU/Europe follows ITU Region 1 (largely identical to Region 1/2 primary services shown). Source: FCC 47 CFR 2.106 / ITU Radio Regulations 2016
0.024600,0.024900,USA,USA,MOBILE except aeronautical mobile,Secondary,,US340,"Point-to-point microwave links, satellite earth stations; Mobile phones, cellular base stations (2G/3G/4G/5G)",FCC 47 CFR 2.106 (Federal),EU/Europe follows ITU Region 1 (largely identical to Region 1/2 primary services shown). Source: FCC 47 CFR 2.106 / ITU Radio Regulations 2016
0.024600,0.024900,USA,USA,FIXED,PRIMARY,,US340,"Point-to-point microwave links, satellite earth stations; Mobile phones, cellular base stations (2G/3G/4G/5G)",FCC 47 CFR 2.106 (Non-Fed),EU/Europe follows ITU Region 1 (largely identical to Region 1/2 primary services shown). Source: FCC 47 CFR 2.106 / ITU Radio Regulations 2016
0.024600,0.024800,ITU,Region 1/2,INTER-SATELLITE,PRIMARY,,,"Satellite phones, VSAT terminals, satellite internet; Radar systems, speed guns, weather radar",ITU Radio Regulations,EU/Europe follows ITU Region 1 (largely identical to Region 1/2 primary services shown). Source: FCC 47 CFR 2.106 / ITU Radio Regulations 2016
0.024600,0.024800,ITU,Region 1/2,RADIOLOCATION-SATELLITE,PRIMARY,,,"Satellite phones, VSAT terminals, satellite internet; Radar systems, speed guns, weather radar",ITU Radio Regulations,EU/Europe follows ITU Region 1 (largely identical to Region 1/2 primary services shown). Source: FCC 47 CFR 2.106 / ITU Radio Regulations 2016
0.024600,0.024800,ITU,Region 1/2,(Earth-to-space),Secondary,,,"Satellite phones, VSAT terminals, satellite internet; Radar systems, speed guns, weather radar",ITU Radio Regulations,EU/Europe follows ITU Region 1 (largely identical to Region 1/2 primary services shown). Source: FCC 47 CFR 2.106 / ITU Radio Regulations 2016
0.024600,0.024800,ITU,Region 3,FIXED,PRIMARY,,,"Satellite phones, VSAT terminals, satellite internet; Radar systems, speed guns, weather radar",ITU Radio Regulations,EU/Europe follows ITU Region 1 (largely identical to Region 1/2 primary services shown). Source: FCC 47 CFR 2.106 / ITU Radio Regulations 2016
0.024600,0.024800,ITU,Region 3,FIXED-SATELLITE,PRIMARY,,,"Satellite phones, VSAT terminals, satellite internet; Radar systems, speed guns, weather radar",ITU Radio Regulations,EU/Europe follows ITU Region 1 (largely identical to Region 1/2 primary services shown). Source: FCC 47 CFR 2.106 / ITU Radio Regulations 2016
0.024600,0.024800,ITU,Region 3,(Earth-to-space),Secondary,,5.532B,"Satellite phones, VSAT terminals, satellite internet; Radar systems, speed guns, weather radar",ITU Radio Regulations,EU/Europe follows ITU Region 1 (largely identical to Region 1/2 primary services shown). Source: FCC 47 CFR 2.106 / ITU Radio Regulations 2016
0.024600,0.024800,ITU,Region 3,INTER-SATELLITE,PRIMARY,,,"Satellite phones, VSAT terminals, satellite internet; Radar systems, speed guns, weather radar",ITU Radio Regulations,EU/Europe follows ITU Region 1 (largely identical to Region 1/2 primary services shown). Source: FCC 47 CFR 2.106 / ITU Radio Regulations 2016
0.024600,0.024800,ITU,Region 3,MOBILE,PRIMARY,,,"Satellite phones, VSAT terminals, satellite internet; Radar systems, speed guns, weather radar",ITU Radio Regulations,EU/Europe follows ITU Region 1 (largely identical to Region 1/2 primary services shown). Source: FCC 47 CFR 2.106 / ITU Radio Regulations 2016
0.024600,0.024800,USA,USA,INTER-SATELLITE,PRIMARY,,,"Satellite phones, VSAT terminals, satellite internet; Radar systems, speed guns, weather radar",FCC 47 CFR 2.106 (Federal),EU/Europe follows ITU Region 1 (largely identical to Region 1/2 primary services shown). Source: FCC 47 CFR 2.106 / ITU Radio Regulations 2016
0.024600,0.024800,USA,USA,RADIOLOCATION-SATELLITE (Earth-to-space),Secondary,,,"Satellite phones, VSAT terminals, satellite internet; Radar systems, speed guns, weather radar",FCC 47 CFR 2.106 (Federal),EU/Europe follows ITU Region 1 (largely identical to Region 1/2 primary services shown). Source: FCC 47 CFR 2.106 / ITU Radio Regulations 2016
0.024800,0.025300,ITU,Region 1/2,FIXED-SATELLITE,PRIMARY,,,"Point-to-point microwave links, satellite earth stations; Mobile phones, cellular base stations (2G/3G/4G/5G)",ITU Radio Regulations,EU/Europe follows ITU Region 1 (largely identical to Region 1/2 primary services shown). Source: FCC 47 CFR 2.106 / ITU Radio Regulations 2016
0.024800,0.025300,ITU,Region 1/2,(Earth-to-space),Secondary,,5.535,"Point-to-point microwave links, satellite earth stations; Mobile phones, cellular base stations (2G/3G/4G/5G)",ITU Radio Regulations,EU/Europe follows ITU Region 1 (largely identical to Region 1/2 primary services shown). Source: FCC 47 CFR 2.106 / ITU Radio Regulations 2016
0.024800,0.025300,ITU,Region 3,FIXED,PRIMARY,,,"Point-to-point microwave links, satellite earth stations; Mobile phones, cellular base stations (2G/3G/4G/5G)",ITU Radio Regulations,EU/Europe follows ITU Region 1 (largely identical to Region 1/2 primary services shown). Source: FCC 47 CFR 2.106 / ITU Radio Regulations 2016
0.024800,0.025300,ITU,Region 3,FIXED-SATELLITE,PRIMARY,,,"Point-to-point microwave links, satellite earth stations; Mobile phones, cellular base stations (2G/3G/4G/5G)",ITU Radio Regulations,EU/Europe follows ITU Region 1 (largely identical to Region 1/2 primary services shown). Source: FCC 47 CFR 2.106 / ITU Radio Regulations 2016
0.024800,0.025300,ITU,Region 3,(Earth-to-space),Secondary,,5.535,"Point-to-point microwave links, satellite earth stations; Mobile phones, cellular base stations (2G/3G/4G/5G)",ITU Radio Regulations,EU/Europe follows ITU Region 1 (largely identical to Region 1/2 primary services shown). Source: FCC 47 CFR 2.106 / ITU Radio Regulations 2016
0.024800,0.025300,ITU,Region 3,MOBILE,PRIMARY,,,"Point-to-point microwave links, satellite earth stations; Mobile phones, cellular base stations (2G/3G/4G/5G)",ITU Radio Regulations,EU/Europe follows ITU Region 1 (largely identical to Region 1/2 primary services shown). Source: FCC 47 CFR 2.106 / ITU Radio Regulations 2016
0.024800,0.025300,USA,USA,FIXED,PRIMARY,,,"Point-to-point microwave links, satellite earth stations; Mobile phones, cellular base stations (2G/3G/4G/5G)",FCC 47 CFR 2.106 (Non-Fed),EU/Europe follows ITU Region 1 (largely identical to Region 1/2 primary services shown). Source: FCC 47 CFR 2.106 / ITU Radio Regulations 2016
0.024800,0.025300,USA,USA,FIXED-SATELLITE,PRIMARY,,,"Point-to-point microwave links, satellite earth stations; Mobile phones, cellular base stations (2G/3G/4G/5G)",FCC 47 CFR 2.106 (Non-Fed),EU/Europe follows ITU Region 1 (largely identical to Region 1/2 primary services shown). Source: FCC 47 CFR 2.106 / ITU Radio Regulations 2016
0.024800,0.025300,USA,USA,(Earth-to-space),Secondary,,NG65,"Point-to-point microwave links, satellite earth stations; Mobile phones, cellular base stations (2G/3G/4G/5G)",FCC 47 CFR 2.106 (Non-Fed),EU/Europe follows ITU Region 1 (largely identical to Region 1/2 primary services shown). Source: FCC 47 CFR 2.106 / ITU Radio Regulations 2016
0.024800,0.025300,USA,USA,MOBILE,PRIMARY,,,"Point-to-point microwave links, satellite earth stations; Mobile phones, cellular base stations (2G/3G/4G/5G)",FCC 47 CFR 2.106 (Non-Fed),EU/Europe follows ITU Region 1 (largely identical to Region 1/2 primary services shown). Source: FCC 47 CFR 2.106 / ITU Radio Regulations 2016
0.024900,0.025000,USA,USA,AMATEUR,PRIMARY,,US340,"Ham radio transceivers, SDR receivers",FCC 47 CFR 2.106 (Non-Fed),EU/Europe follows ITU Region 1 (largely identical to Region 1/2 primary services shown). Source: FCC 47 CFR 2.106 / ITU Radio Regulations 2016
0.024900,0.025000,USA,USA,AMATEUR-SATELLITE,PRIMARY,,US340,"Ham radio transceivers, SDR receivers",FCC 47 CFR 2.106 (Non-Fed),EU/Europe follows ITU Region 1 (largely identical to Region 1/2 primary services shown). Source: FCC 47 CFR 2.106 / ITU Radio Regulations 2016
0.025000,0.025000,USA,USA,STANDARD FREQUENCY AND TIME SIGNAL (25 MHz),Secondary,,US1 US340,"Atomic clocks, time receivers (DCF77, WWVB)",FCC 47 CFR 2.106 (Federal),EU/Europe follows ITU Region 1 (largely identical to Region 1/2 primary services shown). Source: FCC 47 CFR 2.106 / ITU Radio Regulations 2016
0.025000,0.025100,USA,USA,LAND MOBILE,PRIMARY,,US340 NG112,"Mobile phones, cellular base stations (2G/3G/4G/5G)",FCC 47 CFR 2.106 (Non-Fed),EU/Europe follows ITU Region 1 (largely identical to Region 1/2 primary services shown). Source: FCC 47 CFR 2.106 / ITU Radio Regulations 2016
0.025100,0.025200,USA,USA,MARITIME MOBILE,PRIMARY,,US82 US281 US296 US340,"Mobile phones, cellular base stations (2G/3G/4G/5G)",FCC 47 CFR 2.106 (Federal),EU/Europe follows ITU Region 1 (largely identical to Region 1/2 primary services shown). Source: FCC 47 CFR 2.106 / ITU Radio Regulations 2016
0.025100,0.025200,USA,USA,MARITIME MOBILE,PRIMARY,,US82 US281 US296 US340 NG112,"Mobile phones, cellular base stations (2G/3G/4G/5G)",FCC 47 CFR 2.106 (Non-Fed),EU/Europe follows ITU Region 1 (largely identical to Region 1/2 primary services shown). Source: FCC 47 CFR 2.106 / ITU Radio Regulations 2016
0.025200,0.025300,USA,USA,LAND MOBILE,PRIMARY,,US340,"Mobile phones, cellular base stations (2G/3G/4G/5G)",FCC 47 CFR 2.106 (Non-Fed),EU/Europe follows ITU Region 1 (largely identical to Region 1/2 primary services shown). Source: FCC 47 CFR 2.106 / ITU Radio Regulations 2016
0.025300,0.025500,USA,USA,FIXED,PRIMARY,,,"Point-to-point microwave links, satellite earth stations; Satellite phones, VSAT terminals, satellite internet; Mobile phones, cellular base stations (2G/3G/4G/5G)",FCC 47 CFR 2.106 (Federal),EU/Europe follows ITU Region 1 (largely identical to Region 1/2 primary services shown). Source: FCC 47 CFR 2.106 / ITU Radio Regulations 2016
0.025300,0.025500,USA,USA,INTER-SATELLITE,PRIMARY,,5.536,"Point-to-point microwave links, satellite earth stations; Satellite phones, VSAT terminals, satellite internet; Mobile phones, cellular base stations (2G/3G/4G/5G)",FCC 47 CFR 2.106 (Federal),EU/Europe follows ITU Region 1 (largely identical to Region 1/2 primary services shown). Source: FCC 47 CFR 2.106 / ITU Radio Regulations 2016
0.025300,0.025500,USA,USA,MOBILE,PRIMARY,,,"Point-to-point microwave links, satellite earth stations; Satellite phones, VSAT terminals, satellite internet; Mobile phones, cellular base stations (2G/3G/4G/5G)",FCC 47 CFR 2.106 (Federal),EU/Europe follows ITU Region 1 (largely identical to Region 1/2 primary services shown). Source: FCC 47 CFR 2.106 / ITU Radio Regulations 2016
0.025300,0.025500,USA,USA,Standard frequency and time,Secondary,,,"Point-to-point microwave links, satellite earth stations; Satellite phones, VSAT terminals, satellite internet; Mobile phones, cellular base stations (2G/3G/4G/5G)",FCC 47 CFR 2.106 (Federal),EU/Europe follows ITU Region 1 (largely identical to Region 1/2 primary services shown). Source: FCC 47 CFR 2.106 / ITU Radio Regulations 2016
0.025300,0.025500,USA,USA,signal-satellite (Earth-to-space),Secondary,,,"Point-to-point microwave links, satellite earth stations; Satellite phones, VSAT terminals, satellite internet; Mobile phones, cellular base stations (2G/3G/4G/5G)",FCC 47 CFR 2.106 (Federal),EU/Europe follows ITU Region 1 (largely identical to Region 1/2 primary services shown). Source: FCC 47 CFR 2.106 / ITU Radio Regulations 2016
0.025300,0.025500,USA,USA,Inter-satellite,Secondary,,5.536,"Point-to-point microwave links, satellite earth stations; Satellite phones, VSAT terminals, satellite internet; Mobile phones, cellular base stations (2G/3G/4G/5G)",FCC 47 CFR 2.106 (Non-Fed),EU/Europe follows ITU Region 1 (largely identical to Region 1/2 primary services shown). Source: FCC 47 CFR 2.106 / ITU Radio Regulations 2016
0.025300,0.025500,USA,USA,Standard frequency and time,Secondary,,,"Point-to-point microwave links, satellite earth stations; Satellite phones, VSAT terminals, satellite internet; Mobile phones, cellular base stations (2G/3G/4G/5G)",FCC 47 CFR 2.106 (Non-Fed),EU/Europe follows ITU Region 1 (largely identical to Region 1/2 primary services shown). Source: FCC 47 CFR 2.106 / ITU Radio Regulations 2016
0.025300,0.025500,USA,USA,signal-satellite (Earth-to-space),Secondary,,,"Point-to-point microwave links, satellite earth stations; Satellite phones, VSAT terminals, satellite internet; Mobile phones, cellular base stations (2G/3G/4G/5G)",FCC 47 CFR 2.106 (Non-Fed),EU/Europe follows ITU Region 1 (largely identical to Region 1/2 primary services shown). Source: FCC 47 CFR 2.106 / ITU Radio Regulations 2016
0.025300,0.025500,USA,USA,FIXED,PRIMARY,,US340,"Point-to-point microwave links, satellite earth stations; Mobile phones, cellular base stations (2G/3G/4G/5G)",FCC 47 CFR 2.106 (Federal),EU/Europe follows ITU Region 1 (largely identical to Region 1/2 primary services shown). Source: FCC 47 CFR 2.106 / ITU Radio Regulations 2016
0.025300,0.025500,USA,USA,MOBILE except aeronautical mobile,Secondary,,US340,"Point-to-point microwave links, satellite earth stations; Mobile phones, cellular base stations (2G/3G/4G/5G)",FCC 47 CFR 2.106 (Federal),EU/Europe follows ITU Region 1 (largely identical to Region 1/2 primary services shown). Source: FCC 47 CFR 2.106 / ITU Radio Regulations 2016
0.025500,0.027000,USA,USA,EARTH EXPLORATION-,PRIMARY,,5.536A US258,"Point-to-point microwave links, satellite earth stations; Satellite phones, VSAT terminals, satellite internet; Mobile phones, cellular base stations (2G/3G/4G/5G); Deep space probes, scientific satellites",FCC 47 CFR 2.106 (Federal),EU/Europe follows ITU Region 1 (largely identical to Region 1/2 primary services shown). Source: FCC 47 CFR 2.106 / ITU Radio Regulations 2016
0.025500,0.027000,USA,USA,SATELLITE (space-to-Earth),Secondary,,5.536A US258,"Point-to-point microwave links, satellite earth stations; Satellite phones, VSAT terminals, satellite internet; Mobile phones, cellular base stations (2G/3G/4G/5G); Deep space probes, scientific satellites",FCC 47 CFR 2.106 (Federal),EU/Europe follows ITU Region 1 (largely identical to Region 1/2 primary services shown). Source: FCC 47 CFR 2.106 / ITU Radio Regulations 2016
0.025500,0.027000,USA,USA,FIXED,PRIMARY,,5.536A US258,"Point-to-point microwave links, satellite earth stations; Satellite phones, VSAT terminals, satellite internet; Mobile phones, cellular base stations (2G/3G/4G/5G); Deep space probes, scientific satellites",FCC 47 CFR 2.106 (Federal),EU/Europe follows ITU Region 1 (largely identical to Region 1/2 primary services shown). Source: FCC 47 CFR 2.106 / ITU Radio Regulations 2016
0.025500,0.027000,USA,USA,INTER-SATELLITE,PRIMARY,,5.536 5.536A US258,"Point-to-point microwave links, satellite earth stations; Satellite phones, VSAT terminals, satellite internet; Mobile phones, cellular base stations (2G/3G/4G/5G); Deep space probes, scientific satellites",FCC 47 CFR 2.106 (Federal),EU/Europe follows ITU Region 1 (largely identical to Region 1/2 primary services shown). Source: FCC 47 CFR 2.106 / ITU Radio Regulations 2016
0.025500,0.027000,USA,USA,MOBILE,PRIMARY,,5.536A US258,"Point-to-point microwave links, satellite earth stations; Satellite phones, VSAT terminals, satellite internet; Mobile phones, cellular base stations (2G/3G/4G/5G); Deep space probes, scientific satellites",FCC 47 CFR 2.106 (Federal),EU/Europe follows ITU Region 1 (largely identical to Region 1/2 primary services shown). Source: FCC 47 CFR 2.106 / ITU Radio Regulations 2016
0.025500,0.027000,USA,USA,SPACE RESEARCH (space-to-Earth),Secondary,,5.536A US258,"Point-to-point microwave links, satellite earth stations; Satellite phones, VSAT terminals, satellite internet; Mobile phones, cellular base stations (2G/3G/4G/5G); Deep space probes, scientific satellites",FCC 47 CFR 2.106 (Federal),EU/Europe follows ITU Region 1 (largely identical to Region 1/2 primary services shown). Source: FCC 47 CFR 2.106 / ITU Radio Regulations 2016
0.025500,0.027000,USA,USA,Standard frequency and time,Secondary,,5.536A US258,"Point-to-point microwave links, satellite earth stations; Satellite phones, VSAT terminals, satellite internet; Mobile phones, cellular base stations (2G/3G/4G/5G); Deep space probes, scientific satellites",FCC 47 CFR 2.106 (Federal),EU/Europe follows ITU Region 1 (largely identical to Region 1/2 primary services shown). Source: FCC 47 CFR 2.106 / ITU Radio Regulations 2016
0.025500,0.027000,USA,USA,signal-satellite (Earth-to-space),Secondary,,5.536A US258,"Point-to-point microwave links, satellite earth stations; Satellite phones, VSAT terminals, satellite internet; Mobile phones, cellular base stations (2G/3G/4G/5G); Deep space probes, scientific satellites",FCC 47 CFR 2.106 (Federal),EU/Europe follows ITU Region 1 (largely identical to Region 1/2 primary services shown). Source: FCC 47 CFR 2.106 / ITU Radio Regulations 2016
0.025500,0.027000,USA,USA,SPACE RESEARCH,PRIMARY,,5.536A US258,"Point-to-point microwave links, satellite earth stations; Satellite phones, VSAT terminals, satellite internet; Mobile phones, cellular base stations (2G/3G/4G/5G); Deep space probes, scientific satellites",FCC 47 CFR 2.106 (Non-Fed),EU/Europe follows ITU Region 1 (largely identical to Region 1/2 primary services shown). Source: FCC 47 CFR 2.106 / ITU Radio Regulations 2016
0.025500,0.027000,USA,USA,(space-to-Earth),Secondary,,5.536A US258,"Point-to-point microwave links, satellite earth stations; Satellite phones, VSAT terminals, satellite internet; Mobile phones, cellular base stations (2G/3G/4G/5G); Deep space probes, scientific satellites",FCC 47 CFR 2.106 (Non-Fed),EU/Europe follows ITU Region 1 (largely identical to Region 1/2 primary services shown). Source: FCC 47 CFR 2.106 / ITU Radio Regulations 2016
0.025500,0.027000,USA,USA,Inter-satellite,Secondary,,5.536 5.536A US258,"Point-to-point microwave links, satellite earth stations; Satellite phones, VSAT terminals, satellite internet; Mobile phones, cellular base stations (2G/3G/4G/5G); Deep space probes, scientific satellites",FCC 47 CFR 2.106 (Non-Fed),EU/Europe follows ITU Region 1 (largely identical to Region 1/2 primary services shown). Source: FCC 47 CFR 2.106 / ITU Radio Regulations 2016
0.025500,0.027000,USA,USA,Standard frequency and time,Secondary,,5.536A US258,"Point-to-point microwave links, satellite earth stations; Satellite phones, VSAT terminals, satellite internet; Mobile phones, cellular base stations (2G/3G/4G/5G); Deep space probes, scientific satellites",FCC 47 CFR 2.106 (Non-Fed),EU/Europe follows ITU Region 1 (largely identical to Region 1/2 primary services shown). Source: FCC 47 CFR 2.106 / ITU Radio Regulations 2016
0.025500,0.027000,USA,USA,signal-satellite (Earth-to-space),Secondary,,5.536A US258,"Point-to-point microwave links, satellite earth stations; Satellite phones, VSAT terminals, satellite internet; Mobile phones, cellular base stations (2G/3G/4G/5G); Deep space probes, scientific satellites",FCC 47 CFR 2.106 (Non-Fed),EU/Europe follows ITU Region 1 (largely identical to Region 1/2 primary services shown). Source: FCC 47 CFR 2.106 / ITU Radio Regulations 2016
0.025500,0.025700,USA,USA,RADIO ASTRONOMY,PRIMARY,,US74 US342,"Radio telescopes, scientific receivers",FCC 47 CFR 2.106 (Federal),EU/Europe follows ITU Region 1 (largely identical to Region 1/2 primary services shown). Source: FCC 47 CFR 2.106 / ITU Radio Regulations 2016
0.025700,0.026100,USA,USA,BROADCASTING,PRIMARY,,US25 US340,"AM/FM radios, DAB receivers, TV sets",FCC 47 CFR 2.106 (Federal),EU/Europe follows ITU Region 1 (largely identical to Region 1/2 primary services shown). Source: FCC 47 CFR 2.106 / ITU Radio Regulations 2016
0.026100,0.026200,USA,USA,MARITIME MOBILE,PRIMARY,,5.132 US25 US340,"Mobile phones, cellular base stations (2G/3G/4G/5G)",FCC 47 CFR 2.106 (Federal),EU/Europe follows ITU Region 1 (largely identical to Region 1/2 primary services shown). Source: FCC 47 CFR 2.106 / ITU Radio Regulations 2016
0.026200,0.026200,USA,USA,LAND MOBILE,PRIMARY,,US340,"Mobile phones, cellular base stations (2G/3G/4G/5G)",FCC 47 CFR 2.106 (Non-Fed),EU/Europe follows ITU Region 1 (largely identical to Region 1/2 primary services shown). Source: FCC 47 CFR 2.106 / ITU Radio Regulations 2016
0.026200,0.026400,ITU,Region 1/2,FIXED,PRIMARY,,,"Point-to-point microwave links, satellite earth stations; Radar systems, speed guns, weather radar; Mobile phones, cellular base stations (2G/3G/4G/5G)",ITU Radio Regulations,EU/Europe follows ITU Region 1 (largely identical to Region 1/2 primary services shown). Source: FCC 47 CFR 2.106 / ITU Radio Regulations 2016
0.026200,0.026400,ITU,Region 1/2,MOBILE except aeronautical,Secondary,,,"Point-to-point microwave links, satellite earth stations; Radar systems, speed guns, weather radar; Mobile phones, cellular base stations (2G/3G/4G/5G)",ITU Radio Regulations,EU/Europe follows ITU Region 1 (largely identical to Region 1/2 primary services shown). Source: FCC 47 CFR 2.106 / ITU Radio Regulations 2016
0.026200,0.026400,ITU,Region 1/2,mobile,Secondary,,,"Point-to-point microwave links, satellite earth stations; Radar systems, speed guns, weather radar; Mobile phones, cellular base stations (2G/3G/4G/5G)",ITU Radio Regulations,EU/Europe follows ITU Region 1 (largely identical to Region 1/2 primary services shown). Source: FCC 47 CFR 2.106 / ITU Radio Regulations 2016
0.026200,0.026400,ITU,Region 1/2,RADIOLOCATION,PRIMARY,,5.132A,"Point-to-point microwave links, satellite earth stations; Radar systems, speed guns, weather radar; Mobile phones, cellular base stations (2G/3G/4G/5G)",ITU Radio Regulations,EU/Europe follows ITU Region 1 (largely identical to Region 1/2 primary services shown). Source: FCC 47 CFR 2.106 / ITU Radio Regulations 2016
0.026200,0.026400,ITU,Region 3,FIXED,PRIMARY,,,"Point-to-point microwave links, satellite earth stations; Radar systems, speed guns, weather radar; Mobile phones, cellular base stations (2G/3G/4G/5G)",ITU Radio Regulations,EU/Europe follows ITU Region 1 (largely identical to Region 1/2 primary services shown). Source: FCC 47 CFR 2.106 / ITU Radio Regulations 2016
0.026200,0.026400,ITU,Region 3,MOBILE except aeronautical mobile,Secondary,,,"Point-to-point microwave links, satellite earth stations; Radar systems, speed guns, weather radar; Mobile phones, cellular base stations (2G/3G/4G/5G)",ITU Radio Regulations,EU/Europe follows ITU Region 1 (largely identical to Region 1/2 primary services shown). Source: FCC 47 CFR 2.106 / ITU Radio Regulations 2016
0.026200,0.026400,ITU,Region 3,Radiolocation,Secondary,,5.132A,"Point-to-point microwave links, satellite earth stations; Radar systems, speed guns, weather radar; Mobile phones, cellular base stations (2G/3G/4G/5G)",ITU Radio Regulations,EU/Europe follows ITU Region 1 (largely identical to Region 1/2 primary services shown). Source: FCC 47 CFR 2.106 / ITU Radio Regulations 2016
0.026200,0.026400,USA,USA,RADIOLOCATION,PRIMARY,,US132A US340,"Point-to-point microwave links, satellite earth stations; Radar systems, speed guns, weather radar; Mobile phones, cellular base stations (2G/3G/4G/5G)",FCC 47 CFR 2.106 (Federal),EU/Europe follows ITU Region 1 (largely identical to Region 1/2 primary services shown). Source: FCC 47 CFR 2.106 / ITU Radio Regulations 2016
0.026200,0.026400,USA,USA,LAND MOBILE,PRIMARY,,US340,"Point-to-point microwave links, satellite earth stations; Radar systems, speed guns, weather radar; Mobile phones, cellular base stations (2G/3G/4G/5G)",FCC 47 CFR 2.106 (Non-Fed),EU/Europe follows ITU Region 1 (largely identical to Region 1/2 primary services shown). Source: FCC 47 CFR 2.106 / ITU Radio Regulations 2016
0.026200,0.026400,USA,USA,RADIOLOCATION,PRIMARY,,US132A US340,"Point-to-point microwave links, satellite earth stations; Radar systems, speed guns, weather radar; Mobile phones, cellular base stations (2G/3G/4G/5G)",FCC 47 CFR 2.106 (Non-Fed),EU/Europe follows ITU Region 1 (largely identical to Region 1/2 primary services shown). Source: FCC 47 CFR 2.106 / ITU Radio Regulations 2016
0.026400,0.027500,ITU,Region 1/2,FIXED,PRIMARY,,,"Point-to-point microwave links, satellite earth stations; Mobile phones, cellular base stations (2G/3G/4G/5G)",ITU Radio Regulations,EU/Europe follows ITU Region 1 (largely identical to Region 1/2 primary services shown). Source: FCC 47 CFR 2.106 / ITU Radio Regulations 2016
0.026400,0.027500,ITU,Region 1/2,MOBILE except aeronautical,Secondary,,,"Point-to-point microwave links, satellite earth stations; Mobile phones, cellular base stations (2G/3G/4G/5G)",ITU Radio Regulations,EU/Europe follows ITU Region 1 (largely identical to Region 1/2 primary services shown). Source: FCC 47 CFR 2.106 / ITU Radio Regulations 2016
0.026400,0.027500,ITU,Region 1/2,mobile,Secondary,,,"Point-to-point microwave links, satellite earth stations; Mobile phones, cellular base stations (2G/3G/4G/5G)",ITU Radio Regulations,EU/Europe follows ITU Region 1 (largely identical to Region 1/2 primary services shown). Source: FCC 47 CFR 2.106 / ITU Radio Regulations 2016
0.026400,0.027500,USA,USA,LAND MOBILE,PRIMARY,,US340,"Point-to-point microwave links, satellite earth stations; Mobile phones, cellular base stations (2G/3G/4G/5G)",FCC 47 CFR 2.106 (Non-Fed),EU/Europe follows ITU Region 1 (largely identical to Region 1/2 primary services shown). Source: FCC 47 CFR 2.106 / ITU Radio Regulations 2016
0.026500,0.026900,USA,USA,FIXED,PRIMARY,,US340,"Point-to-point microwave links, satellite earth stations; Mobile phones, cellular base stations (2G/3G/4G/5G)",FCC 47 CFR 2.106 (Federal),EU/Europe follows ITU Region 1 (largely identical to Region 1/2 primary services shown). Source: FCC 47 CFR 2.106 / ITU Radio Regulations 2016
0.026500,0.026900,USA,USA,MOBILE except aeronautical mobile,Secondary,,US340,"Point-to-point microwave links, satellite earth stations; Mobile phones, cellular base stations (2G/3G/4G/5G)",FCC 47 CFR 2.106 (Federal),EU/Europe follows ITU Region 1 (largely identical to Region 1/2 primary services shown). Source: FCC 47 CFR 2.106 / ITU Radio Regulations 2016
0.026900,0.027400,USA,USA,FIXED,PRIMARY,,5.150 US340,"Point-to-point microwave links, satellite earth stations",FCC 47 CFR 2.106 (Non-Fed),EU/Europe follows ITU Region 1 (largely identical to Region 1/2 primary services shown). Source: FCC 47 CFR 2.106 / ITU Radio Regulations 2016
0.027000,0.027500,ITU,Region 1/2,FIXED,PRIMARY,,,"Point-to-point microwave links, satellite earth stations; Satellite phones, VSAT terminals, satellite internet; Mobile phones, cellular base stations (2G/3G/4G/5G)",ITU Radio Regulations,EU/Europe follows ITU Region 1 (largely identical to Region 1/2 primary services shown). Source: FCC 47 CFR 2.106 / ITU Radio Regulations 2016
0.027000,0.027500,ITU,Region 1/2,FIXED-SATELLITE (Earth-to-space),Secondary,,,"Point-to-point microwave links, satellite earth stations; Satellite phones, VSAT terminals, satellite internet; Mobile phones, cellular base stations (2G/3G/4G/5G)",ITU Radio Regulations,EU/Europe follows ITU Region 1 (largely identical to Region 1/2 primary services shown). Source: FCC 47 CFR 2.106 / ITU Radio Regulations 2016
0.027000,0.027500,ITU,Region 1/2,INTER-SATELLITE,PRIMARY,,5.536 5.537,"Point-to-point microwave links, satellite earth stations; Satellite phones, VSAT terminals, satellite internet; Mobile phones, cellular base stations (2G/3G/4G/5G)",ITU Radio Regulations,EU/Europe follows ITU Region 1 (largely identical to Region 1/2 primary services shown). Source: FCC 47 CFR 2.106 / ITU Radio Regulations 2016
0.027000,0.027500,ITU,Region 1/2,MOBILE,PRIMARY,,,"Point-to-point microwave links, satellite earth stations; Satellite phones, VSAT terminals, satellite internet; Mobile phones, cellular base stations (2G/3G/4G/5G)",ITU Radio Regulations,EU/Europe follows ITU Region 1 (largely identical to Region 1/2 primary services shown). Source: FCC 47 CFR 2.106 / ITU Radio Regulations 2016
0.027000,0.027500,USA,USA,FIXED,PRIMARY,,,"Point-to-point microwave links, satellite earth stations; Satellite phones, VSAT terminals, satellite internet; Mobile phones, cellular base stations (2G/3G/4G/5G)",FCC 47 CFR 2.106 (Federal),EU/Europe follows ITU Region 1 (largely identical to Region 1/2 primary services shown). Source: FCC 47 CFR 2.106 / ITU Radio Regulations 2016
0.027000,0.027500,USA,USA,INTER-SATELLITE,PRIMARY,,5.536,"Point-to-point microwave links, satellite earth stations; Satellite phones, VSAT terminals, satellite internet; Mobile phones, cellular base stations (2G/3G/4G/5G)",FCC 47 CFR 2.106 (Federal),EU/Europe follows ITU Region 1 (largely identical to Region 1/2 primary services shown). Source: FCC 47 CFR 2.106 / ITU Radio Regulations 2016
0.027000,0.027500,USA,USA,MOBILE,PRIMARY,,,"Point-to-point microwave links, satellite earth stations; Satellite phones, VSAT terminals, satellite internet; Mobile phones, cellular base stations (2G/3G/4G/5G)",FCC 47 CFR 2.106 (Federal),EU/Europe follows ITU Region 1 (largely identical to Region 1/2 primary services shown). Source: FCC 47 CFR 2.106 / ITU Radio Regulations 2016
0.027000,0.027500,USA,USA,Inter-satellite,Secondary,,5.536,"Point-to-point microwave links, satellite earth stations; Satellite phones, VSAT terminals, satellite internet; Mobile phones, cellular base stations (2G/3G/4G/5G)",FCC 47 CFR 2.106 (Non-Fed),EU/Europe follows ITU Region 1 (largely identical to Region 1/2 primary services shown). Source: FCC 47 CFR 2.106 / ITU Radio Regulations 2016
0.027400,0.027500,USA,USA,FIXED,PRIMARY,,US340,"Point-to-point microwave links, satellite earth stations; Mobile phones, cellular base stations (2G/3G/4G/5G)",FCC 47 CFR 2.106 (Non-Fed),EU/Europe follows ITU Region 1 (largely identical to Region 1/2 primary services shown). Source: FCC 47 CFR 2.106 / ITU Radio Regulations 2016
0.027400,0.027500,USA,USA,LAND MOBILE,PRIMARY,,US340,"Point-to-point microwave links, satellite earth stations; Mobile phones, cellular base stations (2G/3G/4G/5G)",FCC 47 CFR 2.106 (Non-Fed),EU/Europe follows ITU Region 1 (largely identical to Region 1/2 primary services shown). Source: FCC 47 CFR 2.106 / ITU Radio Regulations 2016
0.027500,0.028000,USA,USA,FIXED,PRIMARY,,US298 US340,"Point-to-point microwave links, satellite earth stations; Mobile phones, cellular base stations (2G/3G/4G/5G)",FCC 47 CFR 2.106 (Federal),EU/Europe follows ITU Region 1 (largely identical to Region 1/2 primary services shown). Source: FCC 47 CFR 2.106 / ITU Radio Regulations 2016
0.027500,0.028000,USA,USA,MOBILE,PRIMARY,,US298 US340,"Point-to-point microwave links, satellite earth stations; Mobile phones, cellular base stations (2G/3G/4G/5G)",FCC 47 CFR 2.106 (Federal),EU/Europe follows ITU Region 1 (largely identical to Region 1/2 primary services shown). Source: FCC 47 CFR 2.106 / ITU Radio Regulations 2016
0.028000,0.029700,USA,USA,AMATEUR,PRIMARY,,US340,"Ham radio transceivers, SDR receivers",FCC 47 CFR 2.106 (Non-Fed),EU/Europe follows ITU Region 1 (largely identical to Region 1/2 primary services shown). Source: FCC 47 CFR 2.106 / ITU Radio Regulations 2016
0.028000,0.029700,USA,USA,AMATEUR-SATELLITE,PRIMARY,,US340,"Ham radio transceivers, SDR receivers",FCC 47 CFR 2.106 (Non-Fed),EU/Europe follows ITU Region 1 (largely identical to Region 1/2 primary services shown). Source: FCC 47 CFR 2.106 / ITU Radio Regulations 2016
0.029500,0.029900,ITU,Region 1/2,FIXED-SATELLITE (Earth-to-space),Secondary,,,"Point-to-point microwave links, satellite earth stations; Satellite phones, VSAT terminals, satellite internet; Mobile phones, cellular base stations (2G/3G/4G/5G)",ITU Radio Regulations,EU/Europe follows ITU Region 1 (largely identical to Region 1/2 primary services shown). Source: FCC 47 CFR 2.106 / ITU Radio Regulations 2016
0.029500,0.029900,ITU,Region 1/2,MOBILE-SATELLITE (Earth-to-space),Secondary,,,"Point-to-point microwave links, satellite earth stations; Satellite phones, VSAT terminals, satellite internet; Mobile phones, cellular base stations (2G/3G/4G/5G)",ITU Radio Regulations,EU/Europe follows ITU Region 1 (largely identical to Region 1/2 primary services shown). Source: FCC 47 CFR 2.106 / ITU Radio Regulations 2016
0.029500,0.029900,ITU,Region 1/2,Earth exploration-satellite,Secondary,,,"Point-to-point microwave links, satellite earth stations; Satellite phones, VSAT terminals, satellite internet; Mobile phones, cellular base stations (2G/3G/4G/5G)",ITU Radio Regulations,EU/Europe follows ITU Region 1 (largely identical to Region 1/2 primary services shown). Source: FCC 47 CFR 2.106 / ITU Radio Regulations 2016
0.029500,0.029900,ITU,Region 1/2,(Earth-to-space),Secondary,,5.541,"Point-to-point microwave links, satellite earth stations; Satellite phones, VSAT terminals, satellite internet; Mobile phones, cellular base stations (2G/3G/4G/5G)",ITU Radio Regulations,EU/Europe follows ITU Region 1 (largely identical to Region 1/2 primary services shown). Source: FCC 47 CFR 2.106 / ITU Radio Regulations 2016
0.029500,0.029900,ITU,Region 3,FIXED-SATELLITE (Earth-to-space),Secondary,,,"Point-to-point microwave links, satellite earth stations; Satellite phones, VSAT terminals, satellite internet; Mobile phones, cellular base stations (2G/3G/4G/5G)",ITU Radio Regulations,EU/Europe follows ITU Region 1 (largely identical to Region 1/2 primary services shown). Source: FCC 47 CFR 2.106 / ITU Radio Regulations 2016
0.029500,0.029900,ITU,Region 3,Earth exploration-satellite,Secondary,,,"Point-to-point microwave links, satellite earth stations; Satellite phones, VSAT terminals, satellite internet; Mobile phones, cellular base stations (2G/3G/4G/5G)",ITU Radio Regulations,EU/Europe follows ITU Region 1 (largely identical to Region 1/2 primary services shown). Source: FCC 47 CFR 2.106 / ITU Radio Regulations 2016
0.029500,0.029900,ITU,Region 3,(Earth-to-space),Secondary,,5.541,"Point-to-point microwave links, satellite earth stations; Satellite phones, VSAT terminals, satellite internet; Mobile phones, cellular base stations (2G/3G/4G/5G)",ITU Radio Regulations,EU/Europe follows ITU Region 1 (largely identical to Region 1/2 primary services shown). Source: FCC 47 CFR 2.106 / ITU Radio Regulations 2016
0.029500,0.029900,ITU,Region 3,Mobile-satellite (Earth-to-space),Secondary,,,"Point-to-point microwave links, satellite earth stations; Satellite phones, VSAT terminals, satellite internet; Mobile phones, cellular base stations (2G/3G/4G/5G)",ITU Radio Regulations,EU/Europe follows ITU Region 1 (largely identical to Region 1/2 primary services shown). Source: FCC 47 CFR 2.106 / ITU Radio Regulations 2016
0.029700,0.029900,USA,USA,LAND MOBILE,PRIMARY,,US340,"Mobile phones, cellular base stations (2G/3G/4G/5G)",FCC 47 CFR 2.106 (Non-Fed),EU/Europe follows ITU Region 1 (largely identical to Region 1/2 primary services shown). Source: FCC 47 CFR 2.106 / ITU Radio Regulations 2016
0.029900,0.029900,USA,USA,FIXED,PRIMARY,,US340,"Point-to-point microwave links, satellite earth stations; Mobile phones, cellular base stations (2G/3G/4G/5G)",FCC 47 CFR 2.106 (Federal),EU/Europe follows ITU Region 1 (largely identical to Region 1/2 primary services shown). Source: FCC 47 CFR 2.106 / ITU Radio Regulations 2016
0.029900,0.029900,USA,USA,MOBILE,PRIMARY,,US340,"Point-to-point microwave links, satellite earth stations; Mobile phones, cellular base stations (2G/3G/4G/5G)",FCC 47 CFR 2.106 (Federal),EU/Europe follows ITU Region 1 (largely identical to Region 1/2 primary services shown). Source: FCC 47 CFR 2.106 / ITU Radio Regulations 2016
0.029900,0.030000,USA,USA,FIXED,PRIMARY,,US340,"Point-to-point microwave links, satellite earth stations",FCC 47 CFR 2.106 (Non-Fed),EU/Europe follows ITU Region 1 (largely identical to Region 1/2 primary services shown). Source: FCC 47 CFR 2.106 / ITU Radio Regulations 2016
0.030000,0.030600,USA,USA,FIXED,PRIMARY,,,"Point-to-point microwave links, satellite earth stations; Mobile phones, cellular base stations (2G/3G/4G/5G)",FCC 47 CFR 2.106 (Federal),EU/Europe follows ITU Region 1 (largely identical to Region 1/2 primary services shown). Source: FCC 47 CFR 2.106 / ITU Radio Regulations 2016
0.030000,0.030600,USA,USA,MOBILE,PRIMARY,,,"Point-to-point microwave links, satellite earth stations; Mobile phones, cellular base stations (2G/3G/4G/5G)",FCC 47 CFR 2.106 (Federal),EU/Europe follows ITU Region 1 (largely identical to Region 1/2 primary services shown). Source: FCC 47 CFR 2.106 / ITU Radio Regulations 2016
0.030000,0.031000,USA,USA,FIXED-SATELLITE (Earth-to-space),Secondary,,G117,"Point-to-point microwave links, satellite earth stations; Satellite phones, VSAT terminals, satellite internet; Mobile phones, cellular base stations (2G/3G/4G/5G)",FCC 47 CFR 2.106 (Federal),EU/Europe follows ITU Region 1 (largely identical to Region 1/2 primary services shown). Source: FCC 47 CFR 2.106 / ITU Radio Regulations 2016
0.030000,0.031000,USA,USA,MOBILE-SATELLITE (Earth-to-space),Secondary,,G117,"Point-to-point microwave links, satellite earth stations; Satellite phones, VSAT terminals, satellite internet; Mobile phones, cellular base stations (2G/3G/4G/5G)",FCC 47 CFR 2.106 (Federal),EU/Europe follows ITU Region 1 (largely identical to Region 1/2 primary services shown). Source: FCC 47 CFR 2.106 / ITU Radio Regulations 2016
0.030000,0.031000,USA,USA,Standard frequency and time,Secondary,,G117,"Point-to-point microwave links, satellite earth stations; Satellite phones, VSAT terminals, satellite internet; Mobile phones, cellular base stations (2G/3G/4G/5G)",FCC 47 CFR 2.106 (Federal),EU/Europe follows ITU Region 1 (largely identical to Region 1/2 primary services shown). Source: FCC 47 CFR 2.106 / ITU Radio Regulations 2016
0.030000,0.031000,USA,USA,signal-satellite (space-to-Earth),Secondary,,G117,"Point-to-point microwave links, satellite earth stations; Satellite phones, VSAT terminals, satellite internet; Mobile phones, cellular base stations (2G/3G/4G/5G)",FCC 47 CFR 2.106 (Federal),EU/Europe follows ITU Region 1 (largely identical to Region 1/2 primary services shown). Source: FCC 47 CFR 2.106 / ITU Radio Regulations 2016
0.030000,0.031000,USA,USA,Standard frequency and time,Secondary,,,"Point-to-point microwave links, satellite earth stations; Satellite phones, VSAT terminals, satellite internet; Mobile phones, cellular base stations (2G/3G/4G/5G)",FCC 47 CFR 2.106 (Non-Fed),EU/Europe follows ITU Region 1 (largely identical to Region 1/2 primary services shown). Source: FCC 47 CFR 2.106 / ITU Radio Regulations 2016
0.030000,0.031000,USA,USA,signal-satellite (space-to-Earth),Secondary,,,"Point-to-point microwave links, satellite earth stations; Satellite phones, VSAT terminals, satellite internet; Mobile phones, cellular base stations (2G/3G/4G/5G)",FCC 47 CFR 2.106 (Non-Fed),EU/Europe follows ITU Region 1 (largely identical to Region 1/2 primary services shown). Source: FCC 47 CFR 2.106 / ITU Radio Regulations 2016
0.030600,0.032000,USA,USA,FIXED,PRIMARY,,NG124,"Point-to-point microwave links, satellite earth stations; Mobile phones, cellular base stations (2G/3G/4G/5G)",FCC 47 CFR 2.106 (Non-Fed),EU/Europe follows ITU Region 1 (largely identical to Region 1/2 primary services shown). Source: FCC 47 CFR 2.106 / ITU Radio Regulations 2016
0.030600,0.032000,USA,USA,LAND MOBILE,PRIMARY,,NG124,"Point-to-point microwave links, satellite earth stations; Mobile phones, cellular base stations (2G/3G/4G/5G)",FCC 47 CFR 2.106 (Non-Fed),EU/Europe follows ITU Region 1 (largely identical to Region 1/2 primary services shown). Source: FCC 47 CFR 2.106 / ITU Radio Regulations 2016
0.031000,0.031300,USA,USA,Standard frequency and time,Secondary,,US211 US342,"Point-to-point microwave links, satellite earth stations; Satellite phones, VSAT terminals, satellite internet; Mobile phones, cellular base stations (2G/3G/4G/5G)",FCC 47 CFR 2.106 (Federal),EU/Europe follows ITU Region 1 (largely identical to Region 1/2 primary services shown). Source: FCC 47 CFR 2.106 / ITU Radio Regulations 2016
0.031000,0.031300,USA,USA,signal-satellite (space-to-Earth),Secondary,,US211 US342,"Point-to-point microwave links, satellite earth stations; Satellite phones, VSAT terminals, satellite internet; Mobile phones, cellular base stations (2G/3G/4G/5G)",FCC 47 CFR 2.106 (Federal),EU/Europe follows ITU Region 1 (largely identical to Region 1/2 primary services shown). Source: FCC 47 CFR 2.106 / ITU Radio Regulations 2016
0.031000,0.031300,USA,USA,FIXED,PRIMARY,,NG60 US211 US342,"Point-to-point microwave links, satellite earth stations; Satellite phones, VSAT terminals, satellite internet; Mobile phones, cellular base stations (2G/3G/4G/5G)",FCC 47 CFR 2.106 (Non-Fed),EU/Europe follows ITU Region 1 (largely identical to Region 1/2 primary services shown). Source: FCC 47 CFR 2.106 / ITU Radio Regulations 2016
0.031000,0.031300,USA,USA,MOBILE,PRIMARY,,US211 US342,"Point-to-point microwave links, satellite earth stations; Satellite phones, VSAT terminals, satellite internet; Mobile phones, cellular base stations (2G/3G/4G/5G)",FCC 47 CFR 2.106 (Non-Fed),EU/Europe follows ITU Region 1 (largely identical to Region 1/2 primary services shown). Source: FCC 47 CFR 2.106 / ITU Radio Regulations 2016
0.031000,0.031300,USA,USA,Standard frequency and time,Secondary,,US211 US342,"Point-to-point microwave links, satellite earth stations; Satellite phones, VSAT terminals, satellite internet; Mobile phones, cellular base stations (2G/3G/4G/5G)",FCC 47 CFR 2.106 (Non-Fed),EU/Europe follows ITU Region 1 (largely identical to Region 1/2 primary services shown). Source: FCC 47 CFR 2.106 / ITU Radio Regulations 2016
0.031000,0.031300,USA,USA,signal-satellite (space-to-Earth),Secondary,,US211 US342,"Point-to-point microwave links, satellite earth stations; Satellite phones, VSAT terminals, satellite internet; Mobile phones, cellular base stations (2G/3G/4G/5G)",FCC 47 CFR 2.106 (Non-Fed),EU/Europe follows ITU Region 1 (largely identical to Region 1/2 primary services shown). Source: FCC 47 CFR 2.106 / ITU Radio Regulations 2016
0.031300,0.031800,USA,USA,EARTH EXPLORATION-SATELLITE (passive),Secondary,,US246,"Radio telescopes, scientific receivers; Satellite phones, VSAT terminals, satellite internet; Deep space probes, scientific satellites",FCC 47 CFR 2.106 (Federal),EU/Europe follows ITU Region 1 (largely identical to Region 1/2 primary services shown). Source: FCC 47 CFR 2.106 / ITU Radio Regulations 2016
0.031300,0.031800,USA,USA,RADIO ASTRONOMY,PRIMARY,,US74 US246,"Radio telescopes, scientific receivers; Satellite phones, VSAT terminals, satellite internet; Deep space probes, scientific satellites",FCC 47 CFR 2.106 (Federal),EU/Europe follows ITU Region 1 (largely identical to Region 1/2 primary services shown). Source: FCC 47 CFR 2.106 / ITU Radio Regulations 2016
0.031300,0.031800,USA,USA,SPACE RESEARCH (passive),Secondary,,US246,"Radio telescopes, scientific receivers; Satellite phones, VSAT terminals, satellite internet; Deep space probes, scientific satellites",FCC 47 CFR 2.106 (Federal),EU/Europe follows ITU Region 1 (largely identical to Region 1/2 primary services shown). Source: FCC 47 CFR 2.106 / ITU Radio Regulations 2016
0.031500,0.031800,ITU,Region 1/2,EARTH EXPLORATION-,PRIMARY,,,"Radio telescopes, scientific receivers; Satellite phones, VSAT terminals, satellite internet; Deep space probes, scientific satellites",ITU Radio Regulations,EU/Europe follows ITU Region 1 (largely identical to Region 1/2 primary services shown). Source: FCC 47 CFR 2.106 / ITU Radio Regulations 2016
0.031500,0.031800,ITU,Region 1/2,SATELLITE (passive),Secondary,,,"Radio telescopes, scientific receivers; Satellite phones, VSAT terminals, satellite internet; Deep space probes, scientific satellites",ITU Radio Regulations,EU/Europe follows ITU Region 1 (largely identical to Region 1/2 primary services shown). Source: FCC 47 CFR 2.106 / ITU Radio Regulations 2016
0.031500,0.031800,ITU,Region 1/2,RADIO ASTRONOMY,PRIMARY,,,"Radio telescopes, scientific receivers; Satellite phones, VSAT terminals, satellite internet; Deep space probes, scientific satellites",ITU Radio Regulations,EU/Europe follows ITU Region 1 (largely identical to Region 1/2 primary services shown). Source: FCC 47 CFR 2.106 / ITU Radio Regulations 2016
0.031500,0.031800,ITU,Region 1/2,SPACE RESEARCH (passive),Secondary,,,"Radio telescopes, scientific receivers; Satellite phones, VSAT terminals, satellite internet; Deep space probes, scientific satellites",ITU Radio Regulations,EU/Europe follows ITU Region 1 (largely identical to Region 1/2 primary services shown). Source: FCC 47 CFR 2.106 / ITU Radio Regulations 2016
0.031500,0.031800,ITU,Region 3,EARTH EXPLORATION-,PRIMARY,,,"Radio telescopes, scientific receivers; Satellite phones, VSAT terminals, satellite internet; Deep space probes, scientific satellites",ITU Radio Regulations,EU/Europe follows ITU Region 1 (largely identical to Region 1/2 primary services shown). Source: FCC 47 CFR 2.106 / ITU Radio Regulations 2016
0.031500,0.031800,ITU,Region 3,SATELLITE (passive),Secondary,,,"Radio telescopes, scientific receivers; Satellite phones, VSAT terminals, satellite internet; Deep space probes, scientific satellites",ITU Radio Regulations,EU/Europe follows ITU Region 1 (largely identical to Region 1/2 primary services shown). Source: FCC 47 CFR 2.106 / ITU Radio Regulations 2016
0.031500,0.031800,ITU,Region 3,RADIO ASTRONOMY,PRIMARY,,,"Radio telescopes, scientific receivers; Satellite phones, VSAT terminals, satellite internet; Deep space probes, scientific satellites",ITU Radio Regulations,EU/Europe follows ITU Region 1 (largely identical to Region 1/2 primary services shown). Source: FCC 47 CFR 2.106 / ITU Radio Regulations 2016
0.031500,0.031800,ITU,Region 3,SPACE RESEARCH (passive),Secondary,,,"Radio telescopes, scientific receivers; Satellite phones, VSAT terminals, satellite internet; Deep space probes, scientific satellites",ITU Radio Regulations,EU/Europe follows ITU Region 1 (largely identical to Region 1/2 primary services shown). Source: FCC 47 CFR 2.106 / ITU Radio Regulations 2016
0.031500,0.031800,ITU,Region 3,Fixed,Secondary,,,"Radio telescopes, scientific receivers; Satellite phones, VSAT terminals, satellite internet; Deep space probes, scientific satellites",ITU Radio Regulations,EU/Europe follows ITU Region 1 (largely identical to Region 1/2 primary services shown). Source: FCC 47 CFR 2.106 / ITU Radio Regulations 2016
0.031500,0.031800,ITU,Region 3,Mobile except aeronautical mobile,Secondary,,,"Radio telescopes, scientific receivers; Satellite phones, VSAT terminals, satellite internet; Deep space probes, scientific satellites",ITU Radio Regulations,EU/Europe follows ITU Region 1 (largely identical to Region 1/2 primary services shown). Source: FCC 47 CFR 2.106 / ITU Radio Regulations 2016
0.031800,0.032300,USA,USA,RADIONAVIGATION,PRIMARY,,US69 5.548 US211,"GPS receivers, GNSS devices; Deep space probes, scientific satellites",FCC 47 CFR 2.106 (Federal),EU/Europe follows ITU Region 1 (largely identical to Region 1/2 primary services shown). Source: FCC 47 CFR 2.106 / ITU Radio Regulations 2016
0.031800,0.032300,USA,USA,SPACE RESEARCH (deep space),Secondary,,5.548 US211,"GPS receivers, GNSS devices; Deep space probes, scientific satellites",FCC 47 CFR 2.106 (Federal),EU/Europe follows ITU Region 1 (largely identical to Region 1/2 primary services shown). Source: FCC 47 CFR 2.106 / ITU Radio Regulations 2016
0.031800,0.032300,USA,USA,(space-to-Earth),Secondary,,US262 5.548 US211,"GPS receivers, GNSS devices; Deep space probes, scientific satellites",FCC 47 CFR 2.106 (Federal),EU/Europe follows ITU Region 1 (largely identical to Region 1/2 primary services shown). Source: FCC 47 CFR 2.106 / ITU Radio Regulations 2016
0.031800,0.032300,USA,USA,SPACE RESEARCH (deep space),Secondary,,5.548 US211,"GPS receivers, GNSS devices; Deep space probes, scientific satellites",FCC 47 CFR 2.106 (Non-Fed),EU/Europe follows ITU Region 1 (largely identical to Region 1/2 primary services shown). Source: FCC 47 CFR 2.106 / ITU Radio Regulations 2016
0.031800,0.032300,USA,USA,(space-to-Earth),Secondary,,US262 5.548 US211,"GPS receivers, GNSS devices; Deep space probes, scientific satellites",FCC 47 CFR 2.106 (Non-Fed),EU/Europe follows ITU Region 1 (largely identical to Region 1/2 primary services shown). Source: FCC 47 CFR 2.106 / ITU Radio Regulations 2016
0.032000,0.033000,USA,USA,FIXED,PRIMARY,,,"Point-to-point microwave links, satellite earth stations; Mobile phones, cellular base stations (2G/3G/4G/5G)",FCC 47 CFR 2.106 (Federal),EU/Europe follows ITU Region 1 (largely identical to Region 1/2 primary services shown). Source: FCC 47 CFR 2.106 / ITU Radio Regulations 2016
0.032000,0.033000,USA,USA,MOBILE,PRIMARY,,,"Point-to-point microwave links, satellite earth stations; Mobile phones, cellular base stations (2G/3G/4G/5G)",FCC 47 CFR 2.106 (Federal),EU/Europe follows ITU Region 1 (largely identical to Region 1/2 primary services shown). Source: FCC 47 CFR 2.106 / ITU Radio Regulations 2016
0.032300,0.033000,USA,USA,INTER-SATELLITE,PRIMARY,,US278 5.548,"GPS receivers, GNSS devices; Satellite phones, VSAT terminals, satellite internet",FCC 47 CFR 2.106 (Federal),EU/Europe follows ITU Region 1 (largely identical to Region 1/2 primary services shown). Source: FCC 47 CFR 2.106 / ITU Radio Regulations 2016
0.032300,0.033000,USA,USA,RADIONAVIGATION,PRIMARY,,US69 5.548,"GPS receivers, GNSS devices; Satellite phones, VSAT terminals, satellite internet",FCC 47 CFR 2.106 (Federal),EU/Europe follows ITU Region 1 (largely identical to Region 1/2 primary services shown). Source: FCC 47 CFR 2.106 / ITU Radio Regulations 2016
0.033000,0.034000,USA,USA,FIXED,PRIMARY,,NG124,"Point-to-point microwave links, satellite earth stations; Mobile phones, cellular base stations (2G/3G/4G/5G)",FCC 47 CFR 2.106 (Non-Fed),EU/Europe follows ITU Region 1 (largely identical to Region 1/2 primary services shown). Source: FCC 47 CFR 2.106 / ITU Radio Regulations 2016
0.033000,0.034000,USA,USA,LAND MOBILE,PRIMARY,,NG124,"Point-to-point microwave links, satellite earth stations; Mobile phones, cellular base stations (2G/3G/4G/5G)",FCC 47 CFR 2.106 (Non-Fed),EU/Europe follows ITU Region 1 (largely identical to Region 1/2 primary services shown). Source: FCC 47 CFR 2.106 / ITU Radio Regulations 2016
0.033000,0.033400,USA,USA,RADIONAVIGATION,PRIMARY,,US69 US360 G117,"GPS receivers, GNSS devices",FCC 47 CFR 2.106 (Federal),EU/Europe follows ITU Region 1 (largely identical to Region 1/2 primary services shown). Source: FCC 47 CFR 2.106 / ITU Radio Regulations 2016
0.033400,0.034200,USA,USA,RADIOLOCATION,PRIMARY,,US360 G117,"Radar systems, speed guns, weather radar",FCC 47 CFR 2.106 (Federal),EU/Europe follows ITU Region 1 (largely identical to Region 1/2 primary services shown). Source: FCC 47 CFR 2.106 / ITU Radio Regulations 2016
0.033400,0.034200,USA,USA,Radiolocation,Secondary,,US360,"Radar systems, speed guns, weather radar",FCC 47 CFR 2.106 (Non-Fed),EU/Europe follows ITU Region 1 (largely identical to Region 1/2 primary services shown). Source: FCC 47 CFR 2.106 / ITU Radio Regulations 2016
0.034000,0.035000,USA,USA,FIXED,PRIMARY,,,"Point-to-point microwave links, satellite earth stations; Mobile phones, cellular base stations (2G/3G/4G/5G)",FCC 47 CFR 2.106 (Federal),EU/Europe follows ITU Region 1 (largely identical to Region 1/2 primary services shown). Source: FCC 47 CFR 2.106 / ITU Radio Regulations 2016
0.034000,0.035000,USA,USA,MOBILE,PRIMARY,,,"Point-to-point microwave links, satellite earth stations; Mobile phones, cellular base stations (2G/3G/4G/5G)",FCC 47 CFR 2.106 (Federal),EU/Europe follows ITU Region 1 (largely identical to Region 1/2 primary services shown). Source: FCC 47 CFR 2.106 / ITU Radio Regulations 2016
0.034200,0.034700,USA,USA,RADIOLOCATION,PRIMARY,,US360 G34 G117,"Radar systems, speed guns, weather radar; Deep space probes, scientific satellites",FCC 47 CFR 2.106 (Federal),EU/Europe follows ITU Region 1 (largely identical to Region 1/2 primary services shown). Source: FCC 47 CFR 2.106 / ITU Radio Regulations 2016
0.034200,0.034700,USA,USA,SPACE RESEARCH (deep space),Secondary,,US360 G34 G117,"Radar systems, speed guns, weather radar; Deep space probes, scientific satellites",FCC 47 CFR 2.106 (Federal),EU/Europe follows ITU Region 1 (largely identical to Region 1/2 primary services shown). Source: FCC 47 CFR 2.106 / ITU Radio Regulations 2016
0.034200,0.034700,USA,USA,(Earth-to-space),Secondary,,US262 US360 G34 G117,"Radar systems, speed guns, weather radar; Deep space probes, scientific satellites",FCC 47 CFR 2.106 (Federal),EU/Europe follows ITU Region 1 (largely identical to Region 1/2 primary services shown). Source: FCC 47 CFR 2.106 / ITU Radio Regulations 2016
0.034200,0.034700,USA,USA,Radiolocation,Secondary,,US360,"Radar systems, speed guns, weather radar; Deep space probes, scientific satellites",FCC 47 CFR 2.106 (Non-Fed),EU/Europe follows ITU Region 1 (largely identical to Region 1/2 primary services shown). Source: FCC 47 CFR 2.106 / ITU Radio Regulations 2016
0.034200,0.034700,USA,USA,Space research (deep space),Secondary,,US360,"Radar systems, speed guns, weather radar; Deep space probes, scientific satellites",FCC 47 CFR 2.106 (Non-Fed),EU/Europe follows ITU Region 1 (largely identical to Region 1/2 primary services shown). Source: FCC 47 CFR 2.106 / ITU Radio Regulations 2016
0.034200,0.034700,USA,USA,(Earth-to-space),Secondary,,US262 US360,"Radar systems, speed guns, weather radar; Deep space probes, scientific satellites",FCC 47 CFR 2.106 (Non-Fed),EU/Europe follows ITU Region 1 (largely identical to Region 1/2 primary services shown). Source: FCC 47 CFR 2.106 / ITU Radio Regulations 2016
0.034700,0.035500,USA,USA,RADIOLOCATION,PRIMARY,,US360 G117,"Radar systems, speed guns, weather radar",FCC 47 CFR 2.106 (Federal),EU/Europe follows ITU Region 1 (largely identical to Region 1/2 primary services shown). Source: FCC 47 CFR 2.106 / ITU Radio Regulations 2016
0.034700,0.035500,USA,USA,Radiolocation,Secondary,,US360,"Radar systems, speed guns, weather radar",FCC 47 CFR 2.106 (Non-Fed),EU/Europe follows ITU Region 1 (largely identical to Region 1/2 primary services shown). Source: FCC 47 CFR 2.106 / ITU Radio Regulations 2016
0.035000,0.036000,USA,USA,FIXED,PRIMARY,,,"Point-to-point microwave links, satellite earth stations; Mobile phones, cellular base stations (2G/3G/4G/5G)",FCC 47 CFR 2.106 (Non-Fed),EU/Europe follows ITU Region 1 (largely identical to Region 1/2 primary services shown). Source: FCC 47 CFR 2.106 / ITU Radio Regulations 2016
0.035000,0.036000,USA,USA,LAND MOBILE,PRIMARY,,,"Point-to-point microwave links, satellite earth stations; Mobile phones, cellular base stations (2G/3G/4G/5G)",FCC 47 CFR 2.106 (Non-Fed),EU/Europe follows ITU Region 1 (largely identical to Region 1/2 primary services shown). Source: FCC 47 CFR 2.106 / ITU Radio Regulations 2016
0.035500,0.036000,USA,USA,EARTH EXPLORATION-SATELLITE,PRIMARY,,US360 G117,"Satellite phones, VSAT terminals, satellite internet; Radar systems, speed guns, weather radar; Deep space probes, scientific satellites",FCC 47 CFR 2.106 (Federal),EU/Europe follows ITU Region 1 (largely identical to Region 1/2 primary services shown). Source: FCC 47 CFR 2.106 / ITU Radio Regulations 2016
0.035500,0.036000,USA,USA,(active),Secondary,,US360 G117,"Satellite phones, VSAT terminals, satellite internet; Radar systems, speed guns, weather radar; Deep space probes, scientific satellites",FCC 47 CFR 2.106 (Federal),EU/Europe follows ITU Region 1 (largely identical to Region 1/2 primary services shown). Source: FCC 47 CFR 2.106 / ITU Radio Regulations 2016
0.035500,0.036000,USA,USA,RADIOLOCATION,PRIMARY,,US360 G117,"Satellite phones, VSAT terminals, satellite internet; Radar systems, speed guns, weather radar; Deep space probes, scientific satellites",FCC 47 CFR 2.106 (Federal),EU/Europe follows ITU Region 1 (largely identical to Region 1/2 primary services shown). Source: FCC 47 CFR 2.106 / ITU Radio Regulations 2016
0.035500,0.036000,USA,USA,SPACE RESEARCH (active),Secondary,,US360 G117,"Satellite phones, VSAT terminals, satellite internet; Radar systems, speed guns, weather radar; Deep space probes, scientific satellites",FCC 47 CFR 2.106 (Federal),EU/Europe follows ITU Region 1 (largely identical to Region 1/2 primary services shown). Source: FCC 47 CFR 2.106 / ITU Radio Regulations 2016
0.035500,0.036000,USA,USA,Earth exploration-satellite (active),Secondary,,US360,"Satellite phones, VSAT terminals, satellite internet; Radar systems, speed guns, weather radar; Deep space probes, scientific satellites",FCC 47 CFR 2.106 (Non-Fed),EU/Europe follows ITU Region 1 (largely identical to Region 1/2 primary services shown). Source: FCC 47 CFR 2.106 / ITU Radio Regulations 2016
0.035500,0.036000,USA,USA,Radiolocation,Secondary,,US360,"Satellite phones, VSAT terminals, satellite internet; Radar systems, speed guns, weather radar; Deep space probes, scientific satellites",FCC 47 CFR 2.106 (Non-Fed),EU/Europe follows ITU Region 1 (largely identical to Region 1/2 primary services shown). Source: FCC 47 CFR 2.106 / ITU Radio Regulations 2016
0.035500,0.036000,USA,USA,Space research (active),Secondary,,US360,"Satellite phones, VSAT terminals, satellite internet; Radar systems, speed guns, weather radar; Deep space probes, scientific satellites",FCC 47 CFR 2.106 (Non-Fed),EU/Europe follows ITU Region 1 (largely identical to Region 1/2 primary services shown). Source: FCC 47 CFR 2.106 / ITU Radio Regulations 2016
0.036000,0.037000,USA,USA,FIXED,PRIMARY,,US220,"Point-to-point microwave links, satellite earth stations; Mobile phones, cellular base stations (2G/3G/4G/5G)",FCC 47 CFR 2.106 (Federal),EU/Europe follows ITU Region 1 (largely identical to Region 1/2 primary services shown). Source: FCC 47 CFR 2.106 / ITU Radio Regulations 2016
0.036000,0.037000,USA,USA,MOBILE,PRIMARY,,US220,"Point-to-point microwave links, satellite earth stations; Mobile phones, cellular base stations (2G/3G/4G/5G)",FCC 47 CFR 2.106 (Federal),EU/Europe follows ITU Region 1 (largely identical to Region 1/2 primary services shown). Source: FCC 47 CFR 2.106 / ITU Radio Regulations 2016
0.037000,0.037500,USA,USA,LAND MOBILE,PRIMARY,,NG124,"Mobile phones, cellular base stations (2G/3G/4G/5G)",FCC 47 CFR 2.106 (Non-Fed),EU/Europe follows ITU Region 1 (largely identical to Region 1/2 primary services shown). Source: FCC 47 CFR 2.106 / ITU Radio Regulations 2016
0.037000,0.038000,USA,USA,FIXED,PRIMARY,,US151,"Point-to-point microwave links, satellite earth stations; Mobile phones, cellular base stations (2G/3G/4G/5G); Deep space probes, scientific satellites",FCC 47 CFR 2.106 (Federal),EU/Europe follows ITU Region 1 (largely identical to Region 1/2 primary services shown). Source: FCC 47 CFR 2.106 / ITU Radio Regulations 2016
0.037000,0.038000,USA,USA,MOBILE except aeronautical mobile,Secondary,,US151,"Point-to-point microwave links, satellite earth stations; Mobile phones, cellular base stations (2G/3G/4G/5G); Deep space probes, scientific satellites",FCC 47 CFR 2.106 (Federal),EU/Europe follows ITU Region 1 (largely identical to Region 1/2 primary services shown). Source: FCC 47 CFR 2.106 / ITU Radio Regulations 2016
0.037000,0.038000,USA,USA,SPACE RESEARCH (space-to-Earth),Secondary,,US151,"Point-to-point microwave links, satellite earth stations; Mobile phones, cellular base stations (2G/3G/4G/5G); Deep space probes, scientific satellites",FCC 47 CFR 2.106 (Federal),EU/Europe follows ITU Region 1 (largely identical to Region 1/2 primary services shown). Source: FCC 47 CFR 2.106 / ITU Radio Regulations 2016
0.037000,0.038000,USA,USA,FIXED,PRIMARY,,US151,"Point-to-point microwave links, satellite earth stations; Mobile phones, cellular base stations (2G/3G/4G/5G); Deep space probes, scientific satellites",FCC 47 CFR 2.106 (Non-Fed),EU/Europe follows ITU Region 1 (largely identical to Region 1/2 primary services shown). Source: FCC 47 CFR 2.106 / ITU Radio Regulations 2016
0.037000,0.038000,USA,USA,MOBILE except aeronautical mobile,Secondary,,US151,"Point-to-point microwave links, satellite earth stations; Mobile phones, cellular base stations (2G/3G/4G/5G); Deep space probes, scientific satellites",FCC 47 CFR 2.106 (Non-Fed),EU/Europe follows ITU Region 1 (largely identical to Region 1/2 primary services shown). Source: FCC 47 CFR 2.106 / ITU Radio Regulations 2016
0.037500,0.038000,USA,USA,Radio astronomy,Secondary,,US342,"Radio telescopes, scientific receivers; Mobile phones, cellular base stations (2G/3G/4G/5G)",FCC 47 CFR 2.106 (Federal),EU/Europe follows ITU Region 1 (largely identical to Region 1/2 primary services shown). Source: FCC 47 CFR 2.106 / ITU Radio Regulations 2016
0.037500,0.038000,USA,USA,LAND MOBILE,PRIMARY,,US342 NG59 NG124,"Radio telescopes, scientific receivers; Mobile phones, cellular base stations (2G/3G/4G/5G)",FCC 47 CFR 2.106 (Non-Fed),EU/Europe follows ITU Region 1 (largely identical to Region 1/2 primary services shown). Source: FCC 47 CFR 2.106 / ITU Radio Regulations 2016
0.037500,0.038000,USA,USA,Radio astronomy,Secondary,,US342 NG59 NG124,"Radio telescopes, scientific receivers; Mobile phones, cellular base stations (2G/3G/4G/5G)",FCC 47 CFR 2.106 (Non-Fed),EU/Europe follows ITU Region 1 (largely identical to Region 1/2 primary services shown). Source: FCC 47 CFR 2.106 / ITU Radio Regulations 2016
0.038000,0.038200,USA,USA,FIXED,PRIMARY,,US81 US342,"Radio telescopes, scientific receivers; Point-to-point microwave links, satellite earth stations; Mobile phones, cellular base stations (2G/3G/4G/5G)",FCC 47 CFR 2.106 (Federal),EU/Europe follows ITU Region 1 (largely identical to Region 1/2 primary services shown). Source: FCC 47 CFR 2.106 / ITU Radio Regulations 2016
0.038000,0.038200,USA,USA,MOBILE,PRIMARY,,US81 US342,"Radio telescopes, scientific receivers; Point-to-point microwave links, satellite earth stations; Mobile phones, cellular base stations (2G/3G/4G/5G)",FCC 47 CFR 2.106 (Federal),EU/Europe follows ITU Region 1 (largely identical to Region 1/2 primary services shown). Source: FCC 47 CFR 2.106 / ITU Radio Regulations 2016
0.038000,0.038200,USA,USA,RADIO ASTRONOMY,PRIMARY,,US81 US342,"Radio telescopes, scientific receivers; Point-to-point microwave links, satellite earth stations; Mobile phones, cellular base stations (2G/3G/4G/5G)",FCC 47 CFR 2.106 (Federal),EU/Europe follows ITU Region 1 (largely identical to Region 1/2 primary services shown). Source: FCC 47 CFR 2.106 / ITU Radio Regulations 2016
0.038000,0.038200,USA,USA,RADIO ASTRONOMY,PRIMARY,,US81 US342,"Radio telescopes, scientific receivers; Point-to-point microwave links, satellite earth stations; Mobile phones, cellular base stations (2G/3G/4G/5G)",FCC 47 CFR 2.106 (Non-Fed),EU/Europe follows ITU Region 1 (largely identical to Region 1/2 primary services shown). Source: FCC 47 CFR 2.106 / ITU Radio Regulations 2016
0.038000,0.038600,USA,USA,FIXED,PRIMARY,,,"Point-to-point microwave links, satellite earth stations; Mobile phones, cellular base stations (2G/3G/4G/5G)",FCC 47 CFR 2.106 (Federal),EU/Europe follows ITU Region 1 (largely identical to Region 1/2 primary services shown). Source: FCC 47 CFR 2.106 / ITU Radio Regulations 2016
0.038000,0.038600,USA,USA,MOBILE,PRIMARY,,,"Point-to-point microwave links, satellite earth stations; Mobile phones, cellular base stations (2G/3G/4G/5G)",FCC 47 CFR 2.106 (Federal),EU/Europe follows ITU Region 1 (largely identical to Region 1/2 primary services shown). Source: FCC 47 CFR 2.106 / ITU Radio Regulations 2016
0.038000,0.038600,USA,USA,FIXED,PRIMARY,,NG63,"Point-to-point microwave links, satellite earth stations; Mobile phones, cellular base stations (2G/3G/4G/5G)",FCC 47 CFR 2.106 (Non-Fed),EU/Europe follows ITU Region 1 (largely identical to Region 1/2 primary services shown). Source: FCC 47 CFR 2.106 / ITU Radio Regulations 2016
0.038000,0.038600,USA,USA,FIXED-SATELLITE (space-to-Earth),Secondary,,NG63,"Point-to-point microwave links, satellite earth stations; Mobile phones, cellular base stations (2G/3G/4G/5G)",FCC 47 CFR 2.106 (Non-Fed),EU/Europe follows ITU Region 1 (largely identical to Region 1/2 primary services shown). Source: FCC 47 CFR 2.106 / ITU Radio Regulations 2016
0.038000,0.038600,USA,USA,MOBILE,PRIMARY,,NG175 NG63,"Point-to-point microwave links, satellite earth stations; Mobile phones, cellular base stations (2G/3G/4G/5G)",FCC 47 CFR 2.106 (Non-Fed),EU/Europe follows ITU Region 1 (largely identical to Region 1/2 primary services shown). Source: FCC 47 CFR 2.106 / ITU Radio Regulations 2016
0.038200,0.040000,ITU,Region 1/2,FIXED,PRIMARY,,,"Point-to-point microwave links, satellite earth stations; Mobile phones, cellular base stations (2G/3G/4G/5G)",ITU Radio Regulations,EU/Europe follows ITU Region 1 (largely identical to Region 1/2 primary services shown). Source: FCC 47 CFR 2.106 / ITU Radio Regulations 2016
0.038200,0.040000,ITU,Region 1/2,MOBILE,PRIMARY,,,"Point-to-point microwave links, satellite earth stations; Mobile phones, cellular base stations (2G/3G/4G/5G)",ITU Radio Regulations,EU/Europe follows ITU Region 1 (largely identical to Region 1/2 primary services shown). Source: FCC 47 CFR 2.106 / ITU Radio Regulations 2016
0.038200,0.040000,ITU,Region 3,FIXED,PRIMARY,,,"Point-to-point microwave links, satellite earth stations; Mobile phones, cellular base stations (2G/3G/4G/5G)",ITU Radio Regulations,EU/Europe follows ITU Region 1 (largely identical to Region 1/2 primary services shown). Source: FCC 47 CFR 2.106 / ITU Radio Regulations 2016
0.038200,0.040000,ITU,Region 3,MOBILE,PRIMARY,,,"Point-to-point microwave links, satellite earth stations; Mobile phones, cellular base stations (2G/3G/4G/5G)",ITU Radio Regulations,EU/Europe follows ITU Region 1 (largely identical to Region 1/2 primary services shown). Source: FCC 47 CFR 2.106 / ITU Radio Regulations 2016
0.038200,0.040000,USA,USA,FIXED,PRIMARY,,,"Point-to-point microwave links, satellite earth stations; Mobile phones, cellular base stations (2G/3G/4G/5G)",FCC 47 CFR 2.106 (Federal),EU/Europe follows ITU Region 1 (largely identical to Region 1/2 primary services shown). Source: FCC 47 CFR 2.106 / ITU Radio Regulations 2016
0.038200,0.040000,USA,USA,MOBILE,PRIMARY,,,"Point-to-point microwave links, satellite earth stations; Mobile phones, cellular base stations (2G/3G/4G/5G)",FCC 47 CFR 2.106 (Federal),EU/Europe follows ITU Region 1 (largely identical to Region 1/2 primary services shown). Source: FCC 47 CFR 2.106 / ITU Radio Regulations 2016
0.039000,0.040000,USA,USA,LAND MOBILE,PRIMARY,,NG124,"Mobile phones, cellular base stations (2G/3G/4G/5G)",FCC 47 CFR 2.106 (Non-Fed),EU/Europe follows ITU Region 1 (largely identical to Region 1/2 primary services shown). Source: FCC 47 CFR 2.106 / ITU Radio Regulations 2016
0.039500,0.040000,USA,USA,FIXED-SATELLITE (space-to-Earth),Secondary,,US382 G117,"Point-to-point microwave links, satellite earth stations; Mobile phones, cellular base stations (2G/3G/4G/5G)",FCC 47 CFR 2.106 (Federal),EU/Europe follows ITU Region 1 (largely identical to Region 1/2 primary services shown). Source: FCC 47 CFR 2.106 / ITU Radio Regulations 2016
0.039500,0.040000,USA,USA,MOBILE-SATELLITE (space-to-Earth),Secondary,,US382 G117,"Point-to-point microwave links, satellite earth stations; Mobile phones, cellular base stations (2G/3G/4G/5G)",FCC 47 CFR 2.106 (Federal),EU/Europe follows ITU Region 1 (largely identical to Region 1/2 primary services shown). Source: FCC 47 CFR 2.106 / ITU Radio Regulations 2016
0.039500,0.040000,USA,USA,FIXED,PRIMARY,,NG63 US382,"Point-to-point microwave links, satellite earth stations; Mobile phones, cellular base stations (2G/3G/4G/5G)",FCC 47 CFR 2.106 (Non-Fed),EU/Europe follows ITU Region 1 (largely identical to Region 1/2 primary services shown). Source: FCC 47 CFR 2.106 / ITU Radio Regulations 2016
0.039500,0.040000,USA,USA,FIXED-SATELLITE (space-to-Earth),Secondary,,NG63 US382,"Point-to-point microwave links, satellite earth stations; Mobile phones, cellular base stations (2G/3G/4G/5G)",FCC 47 CFR 2.106 (Non-Fed),EU/Europe follows ITU Region 1 (largely identical to Region 1/2 primary services shown). Source: FCC 47 CFR 2.106 / ITU Radio Regulations 2016
0.039500,0.040000,USA,USA,MOBILE,PRIMARY,,NG175 NG63 US382,"Point-to-point microwave links, satellite earth stations; Mobile phones, cellular base stations (2G/3G/4G/5G)",FCC 47 CFR 2.106 (Non-Fed),EU/Europe follows ITU Region 1 (largely identical to Region 1/2 primary services shown). Source: FCC 47 CFR 2.106 / ITU Radio Regulations 2016
0.040000,0.040000,ITU,Region 3,FIXED,PRIMARY,,,"Point-to-point microwave links, satellite earth stations; Mobile phones, cellular base stations (2G/3G/4G/5G)",ITU Radio Regulations,EU/Europe follows ITU Region 1 (largely identical to Region 1/2 primary services shown). Source: FCC 47 CFR 2.106 / ITU Radio Regulations 2016
0.040000,0.040000,ITU,Region 3,MOBILE,PRIMARY,,,"Point-to-point microwave links, satellite earth stations; Mobile phones, cellular base stations (2G/3G/4G/5G)",ITU Radio Regulations,EU/Europe follows ITU Region 1 (largely identical to Region 1/2 primary services shown). Source: FCC 47 CFR 2.106 / ITU Radio Regulations 2016
0.040000,0.040000,ITU,Region 3,Space research,Secondary,,,"Point-to-point microwave links, satellite earth stations; Mobile phones, cellular base stations (2G/3G/4G/5G)",ITU Radio Regulations,EU/Europe follows ITU Region 1 (largely identical to Region 1/2 primary services shown). Source: FCC 47 CFR 2.106 / ITU Radio Regulations 2016
0.040000,0.040000,USA,USA,FIXED,PRIMARY,,5.150 US210 US220,"Point-to-point microwave links, satellite earth stations; Mobile phones, cellular base stations (2G/3G/4G/5G)",FCC 47 CFR 2.106 (Federal),EU/Europe follows ITU Region 1 (largely identical to Region 1/2 primary services shown). Source: FCC 47 CFR 2.106 / ITU Radio Regulations 2016
0.040000,0.040000,USA,USA,MOBILE,PRIMARY,,5.150 US210 US220,"Point-to-point microwave links, satellite earth stations; Mobile phones, cellular base stations (2G/3G/4G/5G)",FCC 47 CFR 2.106 (Federal),EU/Europe follows ITU Region 1 (largely identical to Region 1/2 primary services shown). Source: FCC 47 CFR 2.106 / ITU Radio Regulations 2016
0.040000,0.040500,USA,USA,EARTH EXPLORATION-,PRIMARY,,G117,"Point-to-point microwave links, satellite earth stations; Satellite phones, VSAT terminals, satellite internet; Mobile phones, cellular base stations (2G/3G/4G/5G); Deep space probes, scientific satellites",FCC 47 CFR 2.106 (Federal),EU/Europe follows ITU Region 1 (largely identical to Region 1/2 primary services shown). Source: FCC 47 CFR 2.106 / ITU Radio Regulations 2016
0.040000,0.040500,USA,USA,SATELLITE (Earth-to-space),Secondary,,G117,"Point-to-point microwave links, satellite earth stations; Satellite phones, VSAT terminals, satellite internet; Mobile phones, cellular base stations (2G/3G/4G/5G); Deep space probes, scientific satellites",FCC 47 CFR 2.106 (Federal),EU/Europe follows ITU Region 1 (largely identical to Region 1/2 primary services shown). Source: FCC 47 CFR 2.106 / ITU Radio Regulations 2016
0.040000,0.040500,USA,USA,FIXED-SATELLITE (space-to-Earth),Secondary,,G117,"Point-to-point microwave links, satellite earth stations; Satellite phones, VSAT terminals, satellite internet; Mobile phones, cellular base stations (2G/3G/4G/5G); Deep space probes, scientific satellites",FCC 47 CFR 2.106 (Federal),EU/Europe follows ITU Region 1 (largely identical to Region 1/2 primary services shown). Source: FCC 47 CFR 2.106 / ITU Radio Regulations 2016
0.040000,0.040500,USA,USA,MOBILE-SATELLITE (space-to-Earth),Secondary,,G117,"Point-to-point microwave links, satellite earth stations; Satellite phones, VSAT terminals, satellite internet; Mobile phones, cellular base stations (2G/3G/4G/5G); Deep space probes, scientific satellites",FCC 47 CFR 2.106 (Federal),EU/Europe follows ITU Region 1 (largely identical to Region 1/2 primary services shown). Source: FCC 47 CFR 2.106 / ITU Radio Regulations 2016
0.040000,0.040500,USA,USA,SPACE RESEARCH (Earth-to-space),Secondary,,G117,"Point-to-point microwave links, satellite earth stations; Satellite phones, VSAT terminals, satellite internet; Mobile phones, cellular base stations (2G/3G/4G/5G); Deep space probes, scientific satellites",FCC 47 CFR 2.106 (Federal),EU/Europe follows ITU Region 1 (largely identical to Region 1/2 primary services shown). Source: FCC 47 CFR 2.106 / ITU Radio Regulations 2016
0.040000,0.040500,USA,USA,Earth exploration-satellite,Secondary,,G117,"Point-to-point microwave links, satellite earth stations; Satellite phones, VSAT terminals, satellite internet; Mobile phones, cellular base stations (2G/3G/4G/5G); Deep space probes, scientific satellites",FCC 47 CFR 2.106 (Federal),EU/Europe follows ITU Region 1 (largely identical to Region 1/2 primary services shown). Source: FCC 47 CFR 2.106 / ITU Radio Regulations 2016
0.040000,0.040500,USA,USA,(space-to-Earth),Secondary,,G117,"Point-to-point microwave links, satellite earth stations; Satellite phones, VSAT terminals, satellite internet; Mobile phones, cellular base stations (2G/3G/4G/5G); Deep space probes, scientific satellites",FCC 47 CFR 2.106 (Federal),EU/Europe follows ITU Region 1 (largely identical to Region 1/2 primary services shown). Source: FCC 47 CFR 2.106 / ITU Radio Regulations 2016
0.040000,0.040500,USA,USA,FIXED-SATELLITE (space-to-Earth),Secondary,,,"Point-to-point microwave links, satellite earth stations; Satellite phones, VSAT terminals, satellite internet; Mobile phones, cellular base stations (2G/3G/4G/5G); Deep space probes, scientific satellites",FCC 47 CFR 2.106 (Non-Fed),EU/Europe follows ITU Region 1 (largely identical to Region 1/2 primary services shown). Source: FCC 47 CFR 2.106 / ITU Radio Regulations 2016
0.040000,0.040500,USA,USA,MOBILE-SATELLITE (space-to-,Secondary,,,"Point-to-point microwave links, satellite earth stations; Satellite phones, VSAT terminals, satellite internet; Mobile phones, cellular base stations (2G/3G/4G/5G); Deep space probes, scientific satellites",FCC 47 CFR 2.106 (Non-Fed),EU/Europe follows ITU Region 1 (largely identical to Region 1/2 primary services shown). Source: FCC 47 CFR 2.106 / ITU Radio Regulations 2016
0.040000,0.040500,USA,USA,Earth),Secondary,,,"Point-to-point microwave links, satellite earth stations; Satellite phones, VSAT terminals, satellite internet; Mobile phones, cellular base stations (2G/3G/4G/5G); Deep space probes, scientific satellites",FCC 47 CFR 2.106 (Non-Fed),EU/Europe follows ITU Region 1 (largely identical to Region 1/2 primary services shown). Source: FCC 47 CFR 2.106 / ITU Radio Regulations 2016
0.040500,0.041000,ITU,Region 1/2,FIXED,PRIMARY,,,"AM/FM radios, DAB receivers, TV sets; Point-to-point microwave links, satellite earth stations; Mobile phones, cellular base stations (2G/3G/4G/5G)",ITU Radio Regulations,EU/Europe follows ITU Region 1 (largely identical to Region 1/2 primary services shown). Source: FCC 47 CFR 2.106 / ITU Radio Regulations 2016
0.040500,0.041000,ITU,Region 1/2,FIXED-SATELLITE (space-to-,Secondary,,,"AM/FM radios, DAB receivers, TV sets; Point-to-point microwave links, satellite earth stations; Mobile phones, cellular base stations (2G/3G/4G/5G)",ITU Radio Regulations,EU/Europe follows ITU Region 1 (largely identical to Region 1/2 primary services shown). Source: FCC 47 CFR 2.106 / ITU Radio Regulations 2016
0.040500,0.041000,ITU,Region 1/2,Earth),Secondary,,5.516B,"AM/FM radios, DAB receivers, TV sets; Point-to-point microwave links, satellite earth stations; Mobile phones, cellular base stations (2G/3G/4G/5G)",ITU Radio Regulations,EU/Europe follows ITU Region 1 (largely identical to Region 1/2 primary services shown). Source: FCC 47 CFR 2.106 / ITU Radio Regulations 2016
0.040500,0.041000,ITU,Region 1/2,BROADCASTING,PRIMARY,,,"AM/FM radios, DAB receivers, TV sets; Point-to-point microwave links, satellite earth stations; Mobile phones, cellular base stations (2G/3G/4G/5G)",ITU Radio Regulations,EU/Europe follows ITU Region 1 (largely identical to Region 1/2 primary services shown). Source: FCC 47 CFR 2.106 / ITU Radio Regulations 2016
0.040500,0.041000,ITU,Region 1/2,BROADCASTING-SATELLITE,PRIMARY,,,"AM/FM radios, DAB receivers, TV sets; Point-to-point microwave links, satellite earth stations; Mobile phones, cellular base stations (2G/3G/4G/5G)",ITU Radio Regulations,EU/Europe follows ITU Region 1 (largely identical to Region 1/2 primary services shown). Source: FCC 47 CFR 2.106 / ITU Radio Regulations 2016
0.040500,0.041000,ITU,Region 1/2,Mobile,Secondary,,,"AM/FM radios, DAB receivers, TV sets; Point-to-point microwave links, satellite earth stations; Mobile phones, cellular base stations (2G/3G/4G/5G)",ITU Radio Regulations,EU/Europe follows ITU Region 1 (largely identical to Region 1/2 primary services shown). Source: FCC 47 CFR 2.106 / ITU Radio Regulations 2016
0.040500,0.041000,ITU,Region 1/2,Mobile-satellite (space-to-Earth),Secondary,,,"AM/FM radios, DAB receivers, TV sets; Point-to-point microwave links, satellite earth stations; Mobile phones, cellular base stations (2G/3G/4G/5G)",ITU Radio Regulations,EU/Europe follows ITU Region 1 (largely identical to Region 1/2 primary services shown). Source: FCC 47 CFR 2.106 / ITU Radio Regulations 2016
0.040500,0.041000,ITU,Region 3,FIXED,PRIMARY,,,"AM/FM radios, DAB receivers, TV sets; Point-to-point microwave links, satellite earth stations; Mobile phones, cellular base stations (2G/3G/4G/5G)",ITU Radio Regulations,EU/Europe follows ITU Region 1 (largely identical to Region 1/2 primary services shown). Source: FCC 47 CFR 2.106 / ITU Radio Regulations 2016
0.040500,0.041000,ITU,Region 3,FIXED-SATELLITE (space-to-Earth),Secondary,,,"AM/FM radios, DAB receivers, TV sets; Point-to-point microwave links, satellite earth stations; Mobile phones, cellular base stations (2G/3G/4G/5G)",ITU Radio Regulations,EU/Europe follows ITU Region 1 (largely identical to Region 1/2 primary services shown). Source: FCC 47 CFR 2.106 / ITU Radio Regulations 2016
0.040500,0.041000,ITU,Region 3,BROADCASTING,PRIMARY,,,"AM/FM radios, DAB receivers, TV sets; Point-to-point microwave links, satellite earth stations; Mobile phones, cellular base stations (2G/3G/4G/5G)",ITU Radio Regulations,EU/Europe follows ITU Region 1 (largely identical to Region 1/2 primary services shown). Source: FCC 47 CFR 2.106 / ITU Radio Regulations 2016
0.040500,0.041000,ITU,Region 3,BROADCASTING-SATELLITE,PRIMARY,,,"AM/FM radios, DAB receivers, TV sets; Point-to-point microwave links, satellite earth stations; Mobile phones, cellular base stations (2G/3G/4G/5G)",ITU Radio Regulations,EU/Europe follows ITU Region 1 (largely identical to Region 1/2 primary services shown). Source: FCC 47 CFR 2.106 / ITU Radio Regulations 2016
0.040500,0.041000,ITU,Region 3,Mobile,Secondary,,,"AM/FM radios, DAB receivers, TV sets; Point-to-point microwave links, satellite earth stations; Mobile phones, cellular base stations (2G/3G/4G/5G)",ITU Radio Regulations,EU/Europe follows ITU Region 1 (largely identical to Region 1/2 primary services shown). Source: FCC 47 CFR 2.106 / ITU Radio Regulations 2016
0.040500,0.041000,USA,USA,FIXED-SATELLITE (space-to-Earth),Secondary,,US211 G117,"AM/FM radios, DAB receivers, TV sets; Point-to-point microwave links, satellite earth stations; Mobile phones, cellular base stations (2G/3G/4G/5G)",FCC 47 CFR 2.106 (Federal),EU/Europe follows ITU Region 1 (largely identical to Region 1/2 primary services shown). Source: FCC 47 CFR 2.106 / ITU Radio Regulations 2016
0.040500,0.041000,USA,USA,Mobile-satellite (space-to-Earth),Secondary,,US211 G117,"AM/FM radios, DAB receivers, TV sets; Point-to-point microwave links, satellite earth stations; Mobile phones, cellular base stations (2G/3G/4G/5G)",FCC 47 CFR 2.106 (Federal),EU/Europe follows ITU Region 1 (largely identical to Region 1/2 primary services shown). Source: FCC 47 CFR 2.106 / ITU Radio Regulations 2016
0.040500,0.041000,USA,USA,FIXED-SATELLITE (space-to-Earth),Secondary,,US211,"AM/FM radios, DAB receivers, TV sets; Point-to-point microwave links, satellite earth stations; Mobile phones, cellular base stations (2G/3G/4G/5G)",FCC 47 CFR 2.106 (Non-Fed),EU/Europe follows ITU Region 1 (largely identical to Region 1/2 primary services shown). Source: FCC 47 CFR 2.106 / ITU Radio Regulations 2016
0.040500,0.041000,USA,USA,BROADCASTING,PRIMARY,,US211,"AM/FM radios, DAB receivers, TV sets; Point-to-point microwave links, satellite earth stations; Mobile phones, cellular base stations (2G/3G/4G/5G)",FCC 47 CFR 2.106 (Non-Fed),EU/Europe follows ITU Region 1 (largely identical to Region 1/2 primary services shown). Source: FCC 47 CFR 2.106 / ITU Radio Regulations 2016
0.040500,0.041000,USA,USA,BROADCASTING-SATELLITE,PRIMARY,,US211,"AM/FM radios, DAB receivers, TV sets; Point-to-point microwave links, satellite earth stations; Mobile phones, cellular base stations (2G/3G/4G/5G)",FCC 47 CFR 2.106 (Non-Fed),EU/Europe follows ITU Region 1 (largely identical to Region 1/2 primary services shown). Source: FCC 47 CFR 2.106 / ITU Radio Regulations 2016
0.040500,0.041000,USA,USA,Fixed,Secondary,,US211,"AM/FM radios, DAB receivers, TV sets; Point-to-point microwave links, satellite earth stations; Mobile phones, cellular base stations (2G/3G/4G/5G)",FCC 47 CFR 2.106 (Non-Fed),EU/Europe follows ITU Region 1 (largely identical to Region 1/2 primary services shown). Source: FCC 47 CFR 2.106 / ITU Radio Regulations 2016
0.040500,0.041000,USA,USA,Mobile,Secondary,,US211,"AM/FM radios, DAB receivers, TV sets; Point-to-point microwave links, satellite earth stations; Mobile phones, cellular base stations (2G/3G/4G/5G)",FCC 47 CFR 2.106 (Non-Fed),EU/Europe follows ITU Region 1 (largely identical to Region 1/2 primary services shown). Source: FCC 47 CFR 2.106 / ITU Radio Regulations 2016
0.040500,0.041000,USA,USA,Mobile-satellite (space-to-Earth),Secondary,,US211,"AM/FM radios, DAB receivers, TV sets; Point-to-point microwave links, satellite earth stations; Mobile phones, cellular base stations (2G/3G/4G/5G)",FCC 47 CFR 2.106 (Non-Fed),EU/Europe follows ITU Region 1 (largely identical to Region 1/2 primary services shown). Source: FCC 47 CFR 2.106 / ITU Radio Regulations 2016
0.041000,0.042500,USA,USA,FIXED,PRIMARY,,US211,"AM/FM radios, DAB receivers, TV sets; Point-to-point microwave links, satellite earth stations; Mobile phones, cellular base stations (2G/3G/4G/5G)",FCC 47 CFR 2.106 (Non-Fed),EU/Europe follows ITU Region 1 (largely identical to Region 1/2 primary services shown). Source: FCC 47 CFR 2.106 / ITU Radio Regulations 2016
0.041000,0.042500,USA,USA,FIXED-SATELLITE (space-to-Earth),Secondary,,US211,"AM/FM radios, DAB receivers, TV sets; Point-to-point microwave links, satellite earth stations; Mobile phones, cellular base stations (2G/3G/4G/5G)",FCC 47 CFR 2.106 (Non-Fed),EU/Europe follows ITU Region 1 (largely identical to Region 1/2 primary services shown). Source: FCC 47 CFR 2.106 / ITU Radio Regulations 2016
0.041000,0.042500,USA,USA,MOBILE,PRIMARY,,US211,"AM/FM radios, DAB receivers, TV sets; Point-to-point microwave links, satellite earth stations; Mobile phones, cellular base stations (2G/3G/4G/5G)",FCC 47 CFR 2.106 (Non-Fed),EU/Europe follows ITU Region 1 (largely identical to Region 1/2 primary services shown). Source: FCC 47 CFR 2.106 / ITU Radio Regulations 2016
0.041000,0.042500,USA,USA,BROADCASTING,PRIMARY,,US211,"AM/FM radios, DAB receivers, TV sets; Point-to-point microwave links, satellite earth stations; Mobile phones, cellular base stations (2G/3G/4G/5G)",FCC 47 CFR 2.106 (Non-Fed),EU/Europe follows ITU Region 1 (largely identical to Region 1/2 primary services shown). Source: FCC 47 CFR 2.106 / ITU Radio Regulations 2016
0.041000,0.042500,USA,USA,BROADCASTING-SATELLITE,PRIMARY,,US211,"AM/FM radios, DAB receivers, TV sets; Point-to-point microwave links, satellite earth stations; Mobile phones, cellular base stations (2G/3G/4G/5G)",FCC 47 CFR 2.106 (Non-Fed),EU/Europe follows ITU Region 1 (largely identical to Region 1/2 primary services shown). Source: FCC 47 CFR 2.106 / ITU Radio Regulations 2016
0.041000,0.041700,USA,USA,FIXED,PRIMARY,,US220,"Radar systems, speed guns, weather radar; Point-to-point microwave links, satellite earth stations; Mobile phones, cellular base stations (2G/3G/4G/5G)",FCC 47 CFR 2.106 (Federal),EU/Europe follows ITU Region 1 (largely identical to Region 1/2 primary services shown). Source: FCC 47 CFR 2.106 / ITU Radio Regulations 2016
0.041000,0.041700,USA,USA,MOBILE,PRIMARY,,US220,"Radar systems, speed guns, weather radar; Point-to-point microwave links, satellite earth stations; Mobile phones, cellular base stations (2G/3G/4G/5G)",FCC 47 CFR 2.106 (Federal),EU/Europe follows ITU Region 1 (largely identical to Region 1/2 primary services shown). Source: FCC 47 CFR 2.106 / ITU Radio Regulations 2016
0.041000,0.041700,USA,USA,RADIOLOCATION,PRIMARY,,US132A US220,"Radar systems, speed guns, weather radar; Point-to-point microwave links, satellite earth stations; Mobile phones, cellular base stations (2G/3G/4G/5G)",FCC 47 CFR 2.106 (Federal),EU/Europe follows ITU Region 1 (largely identical to Region 1/2 primary services shown). Source: FCC 47 CFR 2.106 / ITU Radio Regulations 2016
0.041000,0.041700,USA,USA,RADIOLOCATION,PRIMARY,,US132A US220,"Radar systems, speed guns, weather radar; Point-to-point microwave links, satellite earth stations; Mobile phones, cellular base stations (2G/3G/4G/5G)",FCC 47 CFR 2.106 (Non-Fed),EU/Europe follows ITU Region 1 (largely identical to Region 1/2 primary services shown). Source: FCC 47 CFR 2.106 / ITU Radio Regulations 2016
0.041700,0.042000,USA,USA,FIXED,PRIMARY,,US220,"Point-to-point microwave links, satellite earth stations; Mobile phones, cellular base stations (2G/3G/4G/5G)",FCC 47 CFR 2.106 (Federal),EU/Europe follows ITU Region 1 (largely identical to Region 1/2 primary services shown). Source: FCC 47 CFR 2.106 / ITU Radio Regulations 2016
0.041700,0.042000,USA,USA,MOBILE,PRIMARY,,US220,"Point-to-point microwave links, satellite earth stations; Mobile phones, cellular base stations (2G/3G/4G/5G)",FCC 47 CFR 2.106 (Federal),EU/Europe follows ITU Region 1 (largely identical to Region 1/2 primary services shown). Source: FCC 47 CFR 2.106 / ITU Radio Regulations 2016
0.042000,0.042500,ITU,Region 1/2,FIXED,PRIMARY,,,"Point-to-point microwave links, satellite earth stations; Mobile phones, cellular base stations (2G/3G/4G/5G)",ITU Radio Regulations,EU/Europe follows ITU Region 1 (largely identical to Region 1/2 primary services shown). Source: FCC 47 CFR 2.106 / ITU Radio Regulations 2016
0.042000,0.042500,ITU,Region 1/2,MOBILE,PRIMARY,,,"Point-to-point microwave links, satellite earth stations; Mobile phones, cellular base stations (2G/3G/4G/5G)",ITU Radio Regulations,EU/Europe follows ITU Region 1 (largely identical to Region 1/2 primary services shown). Source: FCC 47 CFR 2.106 / ITU Radio Regulations 2016
0.042000,0.042500,USA,USA,FIXED,PRIMARY,,NG124 NG141,"Point-to-point microwave links, satellite earth stations; Mobile phones, cellular base stations (2G/3G/4G/5G)",FCC 47 CFR 2.106 (Non-Fed),EU/Europe follows ITU Region 1 (largely identical to Region 1/2 primary services shown). Source: FCC 47 CFR 2.106 / ITU Radio Regulations 2016
0.042000,0.042500,USA,USA,LAND MOBILE,PRIMARY,,NG124 NG141,"Point-to-point microwave links, satellite earth stations; Mobile phones, cellular base stations (2G/3G/4G/5G)",FCC 47 CFR 2.106 (Non-Fed),EU/Europe follows ITU Region 1 (largely identical to Region 1/2 primary services shown). Source: FCC 47 CFR 2.106 / ITU Radio Regulations 2016
0.042500,0.043500,USA,USA,FIXED,PRIMARY,,US342,"Radio telescopes, scientific receivers; Point-to-point microwave links, satellite earth stations; Mobile phones, cellular base stations (2G/3G/4G/5G)",FCC 47 CFR 2.106 (Federal),EU/Europe follows ITU Region 1 (largely identical to Region 1/2 primary services shown). Source: FCC 47 CFR 2.106 / ITU Radio Regulations 2016
0.042500,0.043500,USA,USA,FIXED-SATELLITE (Earth-to-space),Secondary,,US342,"Radio telescopes, scientific receivers; Point-to-point microwave links, satellite earth stations; Mobile phones, cellular base stations (2G/3G/4G/5G)",FCC 47 CFR 2.106 (Federal),EU/Europe follows ITU Region 1 (largely identical to Region 1/2 primary services shown). Source: FCC 47 CFR 2.106 / ITU Radio Regulations 2016
0.042500,0.043500,USA,USA,MOBILE except aeronautical mobile,Secondary,,US342,"Radio telescopes, scientific receivers; Point-to-point microwave links, satellite earth stations; Mobile phones, cellular base stations (2G/3G/4G/5G)",FCC 47 CFR 2.106 (Federal),EU/Europe follows ITU Region 1 (largely identical to Region 1/2 primary services shown). Source: FCC 47 CFR 2.106 / ITU Radio Regulations 2016
0.042500,0.043500,USA,USA,RADIO ASTRONOMY,PRIMARY,,US342,"Radio telescopes, scientific receivers; Point-to-point microwave links, satellite earth stations; Mobile phones, cellular base stations (2G/3G/4G/5G)",FCC 47 CFR 2.106 (Federal),EU/Europe follows ITU Region 1 (largely identical to Region 1/2 primary services shown). Source: FCC 47 CFR 2.106 / ITU Radio Regulations 2016
0.042500,0.043500,USA,USA,RADIO ASTRONOMY,PRIMARY,,US342,"Radio telescopes, scientific receivers; Point-to-point microwave links, satellite earth stations; Mobile phones, cellular base stations (2G/3G/4G/5G)",FCC 47 CFR 2.106 (Non-Fed),EU/Europe follows ITU Region 1 (largely identical to Region 1/2 primary services shown). Source: FCC 47 CFR 2.106 / ITU Radio Regulations 2016
0.043300,0.044000,USA,USA,RADIOLOCATION,PRIMARY,,US132A,"Radar systems, speed guns, weather radar; Point-to-point microwave links, satellite earth stations; Mobile phones, cellular base stations (2G/3G/4G/5G)",FCC 47 CFR 2.106 (Federal),EU/Europe follows ITU Region 1 (largely identical to Region 1/2 primary services shown). Source: FCC 47 CFR 2.106 / ITU Radio Regulations 2016
0.043300,0.044000,USA,USA,FIXED,PRIMARY,,NG124,"Radar systems, speed guns, weather radar; Point-to-point microwave links, satellite earth stations; Mobile phones, cellular base stations (2G/3G/4G/5G)",FCC 47 CFR 2.106 (Non-Fed),EU/Europe follows ITU Region 1 (largely identical to Region 1/2 primary services shown). Source: FCC 47 CFR 2.106 / ITU Radio Regulations 2016
0.043300,0.044000,USA,USA,LAND MOBILE,PRIMARY,,NG124,"Radar systems, speed guns, weather radar; Point-to-point microwave links, satellite earth stations; Mobile phones, cellular base stations (2G/3G/4G/5G)",FCC 47 CFR 2.106 (Non-Fed),EU/Europe follows ITU Region 1 (largely identical to Region 1/2 primary services shown). Source: FCC 47 CFR 2.106 / ITU Radio Regulations 2016
0.043300,0.044000,USA,USA,RADIOLOCATION,PRIMARY,,US132A NG124,"Radar systems, speed guns, weather radar; Point-to-point microwave links, satellite earth stations; Mobile phones, cellular base stations (2G/3G/4G/5G)",FCC 47 CFR 2.106 (Non-Fed),EU/Europe follows ITU Region 1 (largely identical to Region 1/2 primary services shown). Source: FCC 47 CFR 2.106 / ITU Radio Regulations 2016
0.043500,0.045500,USA,USA,FIXED-SATELLITE (Earth-to-space),Secondary,,G117,"Point-to-point microwave links, satellite earth stations; Mobile phones, cellular base stations (2G/3G/4G/5G)",FCC 47 CFR 2.106 (Federal),EU/Europe follows ITU Region 1 (largely identical to Region 1/2 primary services shown). Source: FCC 47 CFR 2.106 / ITU Radio Regulations 2016
0.043500,0.045500,USA,USA,MOBILE-SATELLITE (Earth-to-space),Secondary,,G117,"Point-to-point microwave links, satellite earth stations; Mobile phones, cellular base stations (2G/3G/4G/5G)",FCC 47 CFR 2.106 (Federal),EU/Europe follows ITU Region 1 (largely identical to Region 1/2 primary services shown). Source: FCC 47 CFR 2.106 / ITU Radio Regulations 2016
0.044000,0.046600,USA,USA,LAND MOBILE,PRIMARY,,NG124 NG141,"Mobile phones, cellular base stations (2G/3G/4G/5G)",FCC 47 CFR 2.106 (Non-Fed),EU/Europe follows ITU Region 1 (largely identical to Region 1/2 primary services shown). Source: FCC 47 CFR 2.106 / ITU Radio Regulations 2016
0.045500,0.046900,USA,USA,MOBILE,PRIMARY,,5.554,"GPS receivers, GNSS devices; Mobile phones, cellular base stations (2G/3G/4G/5G)",FCC 47 CFR 2.106 (Federal),EU/Europe follows ITU Region 1 (largely identical to Region 1/2 primary services shown). Source: FCC 47 CFR 2.106 / ITU Radio Regulations 2016
0.045500,0.046900,USA,USA,MOBILE-SATELLITE (Earth-to-space),Secondary,,5.554,"GPS receivers, GNSS devices; Mobile phones, cellular base stations (2G/3G/4G/5G)",FCC 47 CFR 2.106 (Federal),EU/Europe follows ITU Region 1 (largely identical to Region 1/2 primary services shown). Source: FCC 47 CFR 2.106 / ITU Radio Regulations 2016
0.045500,0.046900,USA,USA,RADIONAVIGATION-SATELLITE,PRIMARY,,5.554,"GPS receivers, GNSS devices; Mobile phones, cellular base stations (2G/3G/4G/5G)",FCC 47 CFR 2.106 (Federal),EU/Europe follows ITU Region 1 (largely identical to Region 1/2 primary services shown). Source: FCC 47 CFR 2.106 / ITU Radio Regulations 2016
0.046600,0.047000,USA,USA,FIXED,PRIMARY,,,"Point-to-point microwave links, satellite earth stations; Mobile phones, cellular base stations (2G/3G/4G/5G)",FCC 47 CFR 2.106 (Federal),EU/Europe follows ITU Region 1 (largely identical to Region 1/2 primary services shown). Source: FCC 47 CFR 2.106 / ITU Radio Regulations 2016
0.046600,0.047000,USA,USA,MOBILE,PRIMARY,,,"Point-to-point microwave links, satellite earth stations; Mobile phones, cellular base stations (2G/3G/4G/5G)",FCC 47 CFR 2.106 (Federal),EU/Europe follows ITU Region 1 (largely identical to Region 1/2 primary services shown). Source: FCC 47 CFR 2.106 / ITU Radio Regulations 2016
0.046900,0.047000,USA,USA,MOBILE,PRIMARY,,5.554,"Point-to-point microwave links, satellite earth stations; Mobile phones, cellular base stations (2G/3G/4G/5G); GPS receivers, GNSS devices",FCC 47 CFR 2.106 (Federal),EU/Europe follows ITU Region 1 (largely identical to Region 1/2 primary services shown). Source: FCC 47 CFR 2.106 / ITU Radio Regulations 2016
0.046900,0.047000,USA,USA,MOBILE-SATELLITE (Earth-to-space),Secondary,,5.554,"Point-to-point microwave links, satellite earth stations; Mobile phones, cellular base stations (2G/3G/4G/5G); GPS receivers, GNSS devices",FCC 47 CFR 2.106 (Federal),EU/Europe follows ITU Region 1 (largely identical to Region 1/2 primary services shown). Source: FCC 47 CFR 2.106 / ITU Radio Regulations 2016
0.046900,0.047000,USA,USA,RADIONAVIGATION-SATELLITE,PRIMARY,,5.554,"Point-to-point microwave links, satellite earth stations; Mobile phones, cellular base stations (2G/3G/4G/5G); GPS receivers, GNSS devices",FCC 47 CFR 2.106 (Federal),EU/Europe follows ITU Region 1 (largely identical to Region 1/2 primary services shown). Source: FCC 47 CFR 2.106 / ITU Radio Regulations 2016
0.046900,0.047000,USA,USA,FIXED,PRIMARY,,5.554,"Point-to-point microwave links, satellite earth stations; Mobile phones, cellular base stations (2G/3G/4G/5G); GPS receivers, GNSS devices",FCC 47 CFR 2.106 (Non-Fed),EU/Europe follows ITU Region 1 (largely identical to Region 1/2 primary services shown). Source: FCC 47 CFR 2.106 / ITU Radio Regulations 2016
0.046900,0.047000,USA,USA,MOBILE,PRIMARY,,5.554,"Point-to-point microwave links, satellite earth stations; Mobile phones, cellular base stations (2G/3G/4G/5G); GPS receivers, GNSS devices",FCC 47 CFR 2.106 (Non-Fed),EU/Europe follows ITU Region 1 (largely identical to Region 1/2 primary services shown). Source: FCC 47 CFR 2.106 / ITU Radio Regulations 2016
0.046900,0.047000,USA,USA,MOBILE-SATELLITE (Earth-to-space),Secondary,,5.554,"Point-to-point microwave links, satellite earth stations; Mobile phones, cellular base stations (2G/3G/4G/5G); GPS receivers, GNSS devices",FCC 47 CFR 2.106 (Non-Fed),EU/Europe follows ITU Region 1 (largely identical to Region 1/2 primary services shown). Source: FCC 47 CFR 2.106 / ITU Radio Regulations 2016
0.046900,0.047000,USA,USA,RADIONAVIGATION-SATELLITE,PRIMARY,,5.554,"Point-to-point microwave links, satellite earth stations; Mobile phones, cellular base stations (2G/3G/4G/5G); GPS receivers, GNSS devices",FCC 47 CFR 2.106 (Non-Fed),EU/Europe follows ITU Region 1 (largely identical to Region 1/2 primary services shown). Source: FCC 47 CFR 2.106 / ITU Radio Regulations 2016
0.047000,0.050000,ITU,Region 1/2,FIXED,PRIMARY,,,"Point-to-point microwave links, satellite earth stations; Mobile phones, cellular base stations (2G/3G/4G/5G)",ITU Radio Regulations,EU/Europe follows ITU Region 1 (largely identical to Region 1/2 primary services shown). Source: FCC 47 CFR 2.106 / ITU Radio Regulations 2016
0.047000,0.050000,ITU,Region 1/2,MOBILE,PRIMARY,,,"Point-to-point microwave links, satellite earth stations; Mobile phones, cellular base stations (2G/3G/4G/5G)",ITU Radio Regulations,EU/Europe follows ITU Region 1 (largely identical to Region 1/2 primary services shown). Source: FCC 47 CFR 2.106 / ITU Radio Regulations 2016
0.047000,0.050000,ITU,Region 3,FIXED,PRIMARY,,,"Point-to-point microwave links, satellite earth stations; Mobile phones, cellular base stations (2G/3G/4G/5G)",ITU Radio Regulations,EU/Europe follows ITU Region 1 (largely identical to Region 1/2 primary services shown). Source: FCC 47 CFR 2.106 / ITU Radio Regulations 2016
0.047000,0.050000,ITU,Region 3,MOBILE,PRIMARY,,,"Point-to-point microwave links, satellite earth stations; Mobile phones, cellular base stations (2G/3G/4G/5G)",ITU Radio Regulations,EU/Europe follows ITU Region 1 (largely identical to Region 1/2 primary services shown). Source: FCC 47 CFR 2.106 / ITU Radio Regulations 2016
0.047000,0.050000,ITU,Region 3,BROADCASTING,PRIMARY,,,"Point-to-point microwave links, satellite earth stations; Mobile phones, cellular base stations (2G/3G/4G/5G)",ITU Radio Regulations,EU/Europe follows ITU Region 1 (largely identical to Region 1/2 primary services shown). Source: FCC 47 CFR 2.106 / ITU Radio Regulations 2016
0.047000,0.050000,USA,USA,LAND MOBILE,PRIMARY,,NG124,"Point-to-point microwave links, satellite earth stations; Mobile phones, cellular base stations (2G/3G/4G/5G)",FCC 47 CFR 2.106 (Non-Fed),EU/Europe follows ITU Region 1 (largely identical to Region 1/2 primary services shown). Source: FCC 47 CFR 2.106 / ITU Radio Regulations 2016
0.047000,0.048200,USA,USA,FIXED,PRIMARY,,US297 NG65,"Point-to-point microwave links, satellite earth stations; Mobile phones, cellular base stations (2G/3G/4G/5G)",FCC 47 CFR 2.106 (Non-Fed),EU/Europe follows ITU Region 1 (largely identical to Region 1/2 primary services shown). Source: FCC 47 CFR 2.106 / ITU Radio Regulations 2016
0.047000,0.048200,USA,USA,FIXED-SATELLITE (Earth-to-space),Secondary,,US297 NG65,"Point-to-point microwave links, satellite earth stations; Mobile phones, cellular base stations (2G/3G/4G/5G)",FCC 47 CFR 2.106 (Non-Fed),EU/Europe follows ITU Region 1 (largely identical to Region 1/2 primary services shown). Source: FCC 47 CFR 2.106 / ITU Radio Regulations 2016
0.047000,0.048200,USA,USA,MOBILE,PRIMARY,,US297 NG65,"Point-to-point microwave links, satellite earth stations; Mobile phones, cellular base stations (2G/3G/4G/5G)",FCC 47 CFR 2.106 (Non-Fed),EU/Europe follows ITU Region 1 (largely identical to Region 1/2 primary services shown). Source: FCC 47 CFR 2.106 / ITU Radio Regulations 2016
0.048200,0.050200,ITU,Region 1/2,FIXED,PRIMARY,,,"Point-to-point microwave links, satellite earth stations; Mobile phones, cellular base stations (2G/3G/4G/5G)",ITU Radio Regulations,EU/Europe follows ITU Region 1 (largely identical to Region 1/2 primary services shown). Source: FCC 47 CFR 2.106 / ITU Radio Regulations 2016
0.048200,0.050200,ITU,Region 1/2,FIXED-SATELLITE (Earth-to-space),Secondary,,5.338A 5.516B 5.552,"Point-to-point microwave links, satellite earth stations; Mobile phones, cellular base stations (2G/3G/4G/5G)",ITU Radio Regulations,EU/Europe follows ITU Region 1 (largely identical to Region 1/2 primary services shown). Source: FCC 47 CFR 2.106 / ITU Radio Regulations 2016
0.048200,0.050200,ITU,Region 1/2,MOBILE,PRIMARY,,,"Point-to-point microwave links, satellite earth stations; Mobile phones, cellular base stations (2G/3G/4G/5G)",ITU Radio Regulations,EU/Europe follows ITU Region 1 (largely identical to Region 1/2 primary services shown). Source: FCC 47 CFR 2.106 / ITU Radio Regulations 2016
0.048200,0.050200,ITU,Region 3,FIXED,PRIMARY,,,"Point-to-point microwave links, satellite earth stations; Mobile phones, cellular base stations (2G/3G/4G/5G)",ITU Radio Regulations,EU/Europe follows ITU Region 1 (largely identical to Region 1/2 primary services shown). Source: FCC 47 CFR 2.106 / ITU Radio Regulations 2016
0.048200,0.050200,ITU,Region 3,FIXED-SATELLITE (Earth-to-space),Secondary,,US156 US297,"Point-to-point microwave links, satellite earth stations; Mobile phones, cellular base stations (2G/3G/4G/5G)",ITU Radio Regulations,EU/Europe follows ITU Region 1 (largely identical to Region 1/2 primary services shown). Source: FCC 47 CFR 2.106 / ITU Radio Regulations 2016
0.048200,0.050200,ITU,Region 3,MOBILE,PRIMARY,,US264,"Point-to-point microwave links, satellite earth stations; Mobile phones, cellular base stations (2G/3G/4G/5G)",ITU Radio Regulations,EU/Europe follows ITU Region 1 (largely identical to Region 1/2 primary services shown). Source: FCC 47 CFR 2.106 / ITU Radio Regulations 2016
0.049600,0.050000,USA,USA,FIXED,PRIMARY,,,"Point-to-point microwave links, satellite earth stations; Mobile phones, cellular base stations (2G/3G/4G/5G)",FCC 47 CFR 2.106 (Federal),EU/Europe follows ITU Region 1 (largely identical to Region 1/2 primary services shown). Source: FCC 47 CFR 2.106 / ITU Radio Regulations 2016
0.049600,0.050000,USA,USA,MOBILE,PRIMARY,,,"Point-to-point microwave links, satellite earth stations; Mobile phones, cellular base stations (2G/3G/4G/5G)",FCC 47 CFR 2.106 (Federal),EU/Europe follows ITU Region 1 (largely identical to Region 1/2 primary services shown). Source: FCC 47 CFR 2.106 / ITU Radio Regulations 2016
0.050000,0.054000,ITU,Region 1/2,AMATEUR,PRIMARY,,,"Ham radio transceivers, SDR receivers",ITU Radio Regulations,EU/Europe follows ITU Region 1 (largely identical to Region 1/2 primary services shown). Source: FCC 47 CFR 2.106 / ITU Radio Regulations 2016
0.050000,0.054000,USA,USA,AMATEUR,PRIMARY,,,"Ham radio transceivers, SDR receivers",FCC 47 CFR 2.106 (Non-Fed),EU/Europe follows ITU Region 1 (largely identical to Region 1/2 primary services shown). Source: FCC 47 CFR 2.106 / ITU Radio Regulations 2016
0.050400,0.051400,ITU,Region 3,FIXED,PRIMARY,,,"Point-to-point microwave links, satellite earth stations; Mobile phones, cellular base stations (2G/3G/4G/5G)",ITU Radio Regulations,EU/Europe follows ITU Region 1 (largely identical to Region 1/2 primary services shown). Source: FCC 47 CFR 2.106 / ITU Radio Regulations 2016
0.050400,0.051400,ITU,Region 3,FIXED-SATELLITE (Earth-to-space),Secondary,,US156,"Point-to-point microwave links, satellite earth stations; Mobile phones, cellular base stations (2G/3G/4G/5G)",ITU Radio Regulations,EU/Europe follows ITU Region 1 (largely identical to Region 1/2 primary services shown). Source: FCC 47 CFR 2.106 / ITU Radio Regulations 2016
0.050400,0.051400,ITU,Region 3,MOBILE,PRIMARY,,,"Point-to-point microwave links, satellite earth stations; Mobile phones, cellular base stations (2G/3G/4G/5G)",ITU Radio Regulations,EU/Europe follows ITU Region 1 (largely identical to Region 1/2 primary services shown). Source: FCC 47 CFR 2.106 / ITU Radio Regulations 2016
0.050400,0.051400,ITU,Region 3,MOBILE-SATELLITE (Earth-to-space),Secondary,,,"Point-to-point microwave links, satellite earth stations; Mobile phones, cellular base stations (2G/3G/4G/5G)",ITU Radio Regulations,EU/Europe follows ITU Region 1 (largely identical to Region 1/2 primary services shown). Source: FCC 47 CFR 2.106 / ITU Radio Regulations 2016
0.050400,0.051400,USA,USA,FIXED,PRIMARY,,NG65,"Point-to-point microwave links, satellite earth stations; Mobile phones, cellular base stations (2G/3G/4G/5G)",FCC 47 CFR 2.106 (Federal),EU/Europe follows ITU Region 1 (largely identical to Region 1/2 primary services shown). Source: FCC 47 CFR 2.106 / ITU Radio Regulations 2016
0.050400,0.051400,USA,USA,FIXED-SATELLITE (Earth-to-space),Secondary,,US156 NG65,"Point-to-point microwave links, satellite earth stations; Mobile phones, cellular base stations (2G/3G/4G/5G)",FCC 47 CFR 2.106 (Federal),EU/Europe follows ITU Region 1 (largely identical to Region 1/2 primary services shown). Source: FCC 47 CFR 2.106 / ITU Radio Regulations 2016
0.050400,0.051400,USA,USA,MOBILE,PRIMARY,,NG65,"Point-to-point microwave links, satellite earth stations; Mobile phones, cellular base stations (2G/3G/4G/5G)",FCC 47 CFR 2.106 (Federal),EU/Europe follows ITU Region 1 (largely identical to Region 1/2 primary services shown). Source: FCC 47 CFR 2.106 / ITU Radio Regulations 2016
0.050400,0.051400,USA,USA,MOBILE-SATELLITE (Earth-to-space),Secondary,,NG65,"Point-to-point microwave links, satellite earth stations; Mobile phones, cellular base stations (2G/3G/4G/5G)",FCC 47 CFR 2.106 (Federal),EU/Europe follows ITU Region 1 (largely identical to Region 1/2 primary services shown). Source: FCC 47 CFR 2.106 / ITU Radio Regulations 2016
0.054000,0.068000,ITU,Region 1/2,BROADCASTING,PRIMARY,,,"AM/FM radios, DAB receivers, TV sets; Point-to-point microwave links, satellite earth stations; Mobile phones, cellular base stations (2G/3G/4G/5G)",ITU Radio Regulations,EU/Europe follows ITU Region 1 (largely identical to Region 1/2 primary services shown). Source: FCC 47 CFR 2.106 / ITU Radio Regulations 2016
0.054000,0.068000,ITU,Region 1/2,Fixed,Secondary,,,"AM/FM radios, DAB receivers, TV sets; Point-to-point microwave links, satellite earth stations; Mobile phones, cellular base stations (2G/3G/4G/5G)",ITU Radio Regulations,EU/Europe follows ITU Region 1 (largely identical to Region 1/2 primary services shown). Source: FCC 47 CFR 2.106 / ITU Radio Regulations 2016
0.054000,0.068000,ITU,Region 1/2,Mobile,Secondary,,,"AM/FM radios, DAB receivers, TV sets; Point-to-point microwave links, satellite earth stations; Mobile phones, cellular base stations (2G/3G/4G/5G)",ITU Radio Regulations,EU/Europe follows ITU Region 1 (largely identical to Region 1/2 primary services shown). Source: FCC 47 CFR 2.106 / ITU Radio Regulations 2016
0.054000,0.068000,ITU,Region 3,FIXED,PRIMARY,,,"AM/FM radios, DAB receivers, TV sets; Point-to-point microwave links, satellite earth stations; Mobile phones, cellular base stations (2G/3G/4G/5G)",ITU Radio Regulations,EU/Europe follows ITU Region 1 (largely identical to Region 1/2 primary services shown). Source: FCC 47 CFR 2.106 / ITU Radio Regulations 2016
0.054000,0.068000,ITU,Region 3,MOBILE,PRIMARY,,,"AM/FM radios, DAB receivers, TV sets; Point-to-point microwave links, satellite earth stations; Mobile phones, cellular base stations (2G/3G/4G/5G)",ITU Radio Regulations,EU/Europe follows ITU Region 1 (largely identical to Region 1/2 primary services shown). Source: FCC 47 CFR 2.106 / ITU Radio Regulations 2016
0.054000,0.068000,ITU,Region 3,BROADCASTING,PRIMARY,,,"AM/FM radios, DAB receivers, TV sets; Point-to-point microwave links, satellite earth stations; Mobile phones, cellular base stations (2G/3G/4G/5G)",ITU Radio Regulations,EU/Europe follows ITU Region 1 (largely identical to Region 1/2 primary services shown). Source: FCC 47 CFR 2.106 / ITU Radio Regulations 2016
0.054000,0.068000,USA,USA,BROADCASTING,PRIMARY,,NG5 NG14 NG115 NG149,"AM/FM radios, DAB receivers, TV sets; Point-to-point microwave links, satellite earth stations; Mobile phones, cellular base stations (2G/3G/4G/5G)",FCC 47 CFR 2.106 (Non-Fed),EU/Europe follows ITU Region 1 (largely identical to Region 1/2 primary services shown). Source: FCC 47 CFR 2.106 / ITU Radio Regulations 2016
0.056900,0.057000,USA,USA,EARTH EXPLORATION-SATELLITE,PRIMARY,,US532,"Point-to-point microwave links, satellite earth stations; Satellite phones, VSAT terminals, satellite internet; Mobile phones, cellular base stations (2G/3G/4G/5G); Deep space probes, scientific satellites",FCC 47 CFR 2.106 (Federal),EU/Europe follows ITU Region 1 (largely identical to Region 1/2 primary services shown). Source: FCC 47 CFR 2.106 / ITU Radio Regulations 2016
0.056900,0.057000,USA,USA,(passive),Secondary,,US532,"Point-to-point microwave links, satellite earth stations; Satellite phones, VSAT terminals, satellite internet; Mobile phones, cellular base stations (2G/3G/4G/5G); Deep space probes, scientific satellites",FCC 47 CFR 2.106 (Federal),EU/Europe follows ITU Region 1 (largely identical to Region 1/2 primary services shown). Source: FCC 47 CFR 2.106 / ITU Radio Regulations 2016
0.056900,0.057000,USA,USA,FIXED,PRIMARY,,US532,"Point-to-point microwave links, satellite earth stations; Satellite phones, VSAT terminals, satellite internet; Mobile phones, cellular base stations (2G/3G/4G/5G); Deep space probes, scientific satellites",FCC 47 CFR 2.106 (Federal),EU/Europe follows ITU Region 1 (largely identical to Region 1/2 primary services shown). Source: FCC 47 CFR 2.106 / ITU Radio Regulations 2016
0.056900,0.057000,USA,USA,INTER-SATELLITE,PRIMARY,,G128 US532,"Point-to-point microwave links, satellite earth stations; Satellite phones, VSAT terminals, satellite internet; Mobile phones, cellular base stations (2G/3G/4G/5G); Deep space probes, scientific satellites",FCC 47 CFR 2.106 (Federal),EU/Europe follows ITU Region 1 (largely identical to Region 1/2 primary services shown). Source: FCC 47 CFR 2.106 / ITU Radio Regulations 2016
0.056900,0.057000,USA,USA,MOBILE,PRIMARY,,5.558 US532,"Point-to-point microwave links, satellite earth stations; Satellite phones, VSAT terminals, satellite internet; Mobile phones, cellular base stations (2G/3G/4G/5G); Deep space probes, scientific satellites",FCC 47 CFR 2.106 (Federal),EU/Europe follows ITU Region 1 (largely identical to Region 1/2 primary services shown). Source: FCC 47 CFR 2.106 / ITU Radio Regulations 2016
0.056900,0.057000,USA,USA,SPACE RESEARCH (passive),Secondary,,US532,"Point-to-point microwave links, satellite earth stations; Satellite phones, VSAT terminals, satellite internet; Mobile phones, cellular base stations (2G/3G/4G/5G); Deep space probes, scientific satellites",FCC 47 CFR 2.106 (Federal),EU/Europe follows ITU Region 1 (largely identical to Region 1/2 primary services shown). Source: FCC 47 CFR 2.106 / ITU Radio Regulations 2016
0.056900,0.057000,USA,USA,EARTH EXPLORATION-SATELLITE,PRIMARY,,US532,"Point-to-point microwave links, satellite earth stations; Satellite phones, VSAT terminals, satellite internet; Mobile phones, cellular base stations (2G/3G/4G/5G); Deep space probes, scientific satellites",FCC 47 CFR 2.106 (Non-Fed),EU/Europe follows ITU Region 1 (largely identical to Region 1/2 primary services shown). Source: FCC 47 CFR 2.106 / ITU Radio Regulations 2016
0.056900,0.057000,USA,USA,(passive),Secondary,,US532,"Point-to-point microwave links, satellite earth stations; Satellite phones, VSAT terminals, satellite internet; Mobile phones, cellular base stations (2G/3G/4G/5G); Deep space probes, scientific satellites",FCC 47 CFR 2.106 (Non-Fed),EU/Europe follows ITU Region 1 (largely identical to Region 1/2 primary services shown). Source: FCC 47 CFR 2.106 / ITU Radio Regulations 2016
0.056900,0.057000,USA,USA,FIXED,PRIMARY,,US532,"Point-to-point microwave links, satellite earth stations; Satellite phones, VSAT terminals, satellite internet; Mobile phones, cellular base stations (2G/3G/4G/5G); Deep space probes, scientific satellites",FCC 47 CFR 2.106 (Non-Fed),EU/Europe follows ITU Region 1 (largely identical to Region 1/2 primary services shown). Source: FCC 47 CFR 2.106 / ITU Radio Regulations 2016
0.056900,0.057000,USA,USA,MOBILE,PRIMARY,,5.558 US532,"Point-to-point microwave links, satellite earth stations; Satellite phones, VSAT terminals, satellite internet; Mobile phones, cellular base stations (2G/3G/4G/5G); Deep space probes, scientific satellites",FCC 47 CFR 2.106 (Non-Fed),EU/Europe follows ITU Region 1 (largely identical to Region 1/2 primary services shown). Source: FCC 47 CFR 2.106 / ITU Radio Regulations 2016
0.056900,0.057000,USA,USA,SPACE RESEARCH (passive),Secondary,,US532,"Point-to-point microwave links, satellite earth stations; Satellite phones, VSAT terminals, satellite internet; Mobile phones, cellular base stations (2G/3G/4G/5G); Deep space probes, scientific satellites",FCC 47 CFR 2.106 (Non-Fed),EU/Europe follows ITU Region 1 (largely identical to Region 1/2 primary services shown). Source: FCC 47 CFR 2.106 / ITU Radio Regulations 2016
0.057000,0.058200,USA,USA,EARTH EXPLORATION-SATELLITE (passive),Secondary,,US532,"Point-to-point microwave links, satellite earth stations; Satellite phones, VSAT terminals, satellite internet; Mobile phones, cellular base stations (2G/3G/4G/5G); Deep space probes, scientific satellites",FCC 47 CFR 2.106 (Federal),EU/Europe follows ITU Region 1 (largely identical to Region 1/2 primary services shown). Source: FCC 47 CFR 2.106 / ITU Radio Regulations 2016
0.057000,0.058200,USA,USA,FIXED,PRIMARY,,US532,"Point-to-point microwave links, satellite earth stations; Satellite phones, VSAT terminals, satellite internet; Mobile phones, cellular base stations (2G/3G/4G/5G); Deep space probes, scientific satellites",FCC 47 CFR 2.106 (Federal),EU/Europe follows ITU Region 1 (largely identical to Region 1/2 primary services shown). Source: FCC 47 CFR 2.106 / ITU Radio Regulations 2016
0.057000,0.058200,USA,USA,INTER-SATELLITE,PRIMARY,,5.556A US532,"Point-to-point microwave links, satellite earth stations; Satellite phones, VSAT terminals, satellite internet; Mobile phones, cellular base stations (2G/3G/4G/5G); Deep space probes, scientific satellites",FCC 47 CFR 2.106 (Federal),EU/Europe follows ITU Region 1 (largely identical to Region 1/2 primary services shown). Source: FCC 47 CFR 2.106 / ITU Radio Regulations 2016
0.057000,0.058200,USA,USA,MOBILE,PRIMARY,,5.558 US532,"Point-to-point microwave links, satellite earth stations; Satellite phones, VSAT terminals, satellite internet; Mobile phones, cellular base stations (2G/3G/4G/5G); Deep space probes, scientific satellites",FCC 47 CFR 2.106 (Federal),EU/Europe follows ITU Region 1 (largely identical to Region 1/2 primary services shown). Source: FCC 47 CFR 2.106 / ITU Radio Regulations 2016
0.057000,0.058200,USA,USA,SPACE RESEARCH (passive),Secondary,,US532,"Point-to-point microwave links, satellite earth stations; Satellite phones, VSAT terminals, satellite internet; Mobile phones, cellular base stations (2G/3G/4G/5G); Deep space probes, scientific satellites",FCC 47 CFR 2.106 (Federal),EU/Europe follows ITU Region 1 (largely identical to Region 1/2 primary services shown). Source: FCC 47 CFR 2.106 / ITU Radio Regulations 2016
0.058200,0.059000,USA,USA,EARTH EXPLORATION-SATELLITE (passive),Secondary,,US353 US354,"Point-to-point microwave links, satellite earth stations; Satellite phones, VSAT terminals, satellite internet; Mobile phones, cellular base stations (2G/3G/4G/5G); Deep space probes, scientific satellites",FCC 47 CFR 2.106 (Federal),EU/Europe follows ITU Region 1 (largely identical to Region 1/2 primary services shown). Source: FCC 47 CFR 2.106 / ITU Radio Regulations 2016
0.058200,0.059000,USA,USA,FIXED,PRIMARY,,US353 US354,"Point-to-point microwave links, satellite earth stations; Satellite phones, VSAT terminals, satellite internet; Mobile phones, cellular base stations (2G/3G/4G/5G); Deep space probes, scientific satellites",FCC 47 CFR 2.106 (Federal),EU/Europe follows ITU Region 1 (largely identical to Region 1/2 primary services shown). Source: FCC 47 CFR 2.106 / ITU Radio Regulations 2016
0.058200,0.059000,USA,USA,MOBILE,PRIMARY,,US353 US354,"Point-to-point microwave links, satellite earth stations; Satellite phones, VSAT terminals, satellite internet; Mobile phones, cellular base stations (2G/3G/4G/5G); Deep space probes, scientific satellites",FCC 47 CFR 2.106 (Federal),EU/Europe follows ITU Region 1 (largely identical to Region 1/2 primary services shown). Source: FCC 47 CFR 2.106 / ITU Radio Regulations 2016
0.058200,0.059000,USA,USA,SPACE RESEARCH (passive),Secondary,,US353 US354,"Point-to-point microwave links, satellite earth stations; Satellite phones, VSAT terminals, satellite internet; Mobile phones, cellular base stations (2G/3G/4G/5G); Deep space probes, scientific satellites",FCC 47 CFR 2.106 (Federal),EU/Europe follows ITU Region 1 (largely identical to Region 1/2 primary services shown). Source: FCC 47 CFR 2.106 / ITU Radio Regulations 2016
0.059000,0.061000,USA,USA,STANDARD FREQUENCY AND TIME SIGNAL (60 kHz),Secondary,,US2,"Atomic clocks, time receivers (DCF77, WWVB)",FCC 47 CFR 2.106 (Federal),EU/Europe follows ITU Region 1 (largely identical to Region 1/2 primary services shown). Source: FCC 47 CFR 2.106 / ITU Radio Regulations 2016
0.059000,0.059300,USA,USA,EARTH EXPLORATION-SATELLITE,PRIMARY,,US353,"Point-to-point microwave links, satellite earth stations; Satellite phones, VSAT terminals, satellite internet; Radar systems, speed guns, weather radar; Mobile phones, cellular base stations (2G/3G/4G/5G); Deep space probes, scientific satellites",FCC 47 CFR 2.106 (Federal),EU/Europe follows ITU Region 1 (largely identical to Region 1/2 primary services shown). Source: FCC 47 CFR 2.106 / ITU Radio Regulations 2016
0.059000,0.059300,USA,USA,(passive),Secondary,,US353,"Point-to-point microwave links, satellite earth stations; Satellite phones, VSAT terminals, satellite internet; Radar systems, speed guns, weather radar; Mobile phones, cellular base stations (2G/3G/4G/5G); Deep space probes, scientific satellites",FCC 47 CFR 2.106 (Federal),EU/Europe follows ITU Region 1 (largely identical to Region 1/2 primary services shown). Source: FCC 47 CFR 2.106 / ITU Radio Regulations 2016
0.059000,0.059300,USA,USA,FIXED,PRIMARY,,US353,"Point-to-point microwave links, satellite earth stations; Satellite phones, VSAT terminals, satellite internet; Radar systems, speed guns, weather radar; Mobile phones, cellular base stations (2G/3G/4G/5G); Deep space probes, scientific satellites",FCC 47 CFR 2.106 (Federal),EU/Europe follows ITU Region 1 (largely identical to Region 1/2 primary services shown). Source: FCC 47 CFR 2.106 / ITU Radio Regulations 2016
0.059000,0.059300,USA,USA,INTER-SATELLITE,PRIMARY,,5.556A US353,"Point-to-point microwave links, satellite earth stations; Satellite phones, VSAT terminals, satellite internet; Radar systems, speed guns, weather radar; Mobile phones, cellular base stations (2G/3G/4G/5G); Deep space probes, scientific satellites",FCC 47 CFR 2.106 (Federal),EU/Europe follows ITU Region 1 (largely identical to Region 1/2 primary services shown). Source: FCC 47 CFR 2.106 / ITU Radio Regulations 2016
0.059000,0.059300,USA,USA,MOBILE,PRIMARY,,5.558 US353,"Point-to-point microwave links, satellite earth stations; Satellite phones, VSAT terminals, satellite internet; Radar systems, speed guns, weather radar; Mobile phones, cellular base stations (2G/3G/4G/5G); Deep space probes, scientific satellites",FCC 47 CFR 2.106 (Federal),EU/Europe follows ITU Region 1 (largely identical to Region 1/2 primary services shown). Source: FCC 47 CFR 2.106 / ITU Radio Regulations 2016
0.059000,0.059300,USA,USA,RADIOLOCATION,PRIMARY,,5.559 US353,"Point-to-point microwave links, satellite earth stations; Satellite phones, VSAT terminals, satellite internet; Radar systems, speed guns, weather radar; Mobile phones, cellular base stations (2G/3G/4G/5G); Deep space probes, scientific satellites",FCC 47 CFR 2.106 (Federal),EU/Europe follows ITU Region 1 (largely identical to Region 1/2 primary services shown). Source: FCC 47 CFR 2.106 / ITU Radio Regulations 2016
0.059000,0.059300,USA,USA,SPACE RESEARCH (passive),Secondary,,US353,"Point-to-point microwave links, satellite earth stations; Satellite phones, VSAT terminals, satellite internet; Radar systems, speed guns, weather radar; Mobile phones, cellular base stations (2G/3G/4G/5G); Deep space probes, scientific satellites",FCC 47 CFR 2.106 (Federal),EU/Europe follows ITU Region 1 (largely identical to Region 1/2 primary services shown). Source: FCC 47 CFR 2.106 / ITU Radio Regulations 2016
0.059000,0.059300,USA,USA,EARTH EXPLORATION-SATELLITE,PRIMARY,,US353,"Point-to-point microwave links, satellite earth stations; Satellite phones, VSAT terminals, satellite internet; Radar systems, speed guns, weather radar; Mobile phones, cellular base stations (2G/3G/4G/5G); Deep space probes, scientific satellites",FCC 47 CFR 2.106 (Non-Fed),EU/Europe follows ITU Region 1 (largely identical to Region 1/2 primary services shown). Source: FCC 47 CFR 2.106 / ITU Radio Regulations 2016
0.059000,0.059300,USA,USA,(passive),Secondary,,US353,"Point-to-point microwave links, satellite earth stations; Satellite phones, VSAT terminals, satellite internet; Radar systems, speed guns, weather radar; Mobile phones, cellular base stations (2G/3G/4G/5G); Deep space probes, scientific satellites",FCC 47 CFR 2.106 (Non-Fed),EU/Europe follows ITU Region 1 (largely identical to Region 1/2 primary services shown). Source: FCC 47 CFR 2.106 / ITU Radio Regulations 2016
0.059000,0.059300,USA,USA,FIXED,PRIMARY,,US353,"Point-to-point microwave links, satellite earth stations; Satellite phones, VSAT terminals, satellite internet; Radar systems, speed guns, weather radar; Mobile phones, cellular base stations (2G/3G/4G/5G); Deep space probes, scientific satellites",FCC 47 CFR 2.106 (Non-Fed),EU/Europe follows ITU Region 1 (largely identical to Region 1/2 primary services shown). Source: FCC 47 CFR 2.106 / ITU Radio Regulations 2016
0.059000,0.059300,USA,USA,MOBILE,PRIMARY,,5.558 US353,"Point-to-point microwave links, satellite earth stations; Satellite phones, VSAT terminals, satellite internet; Radar systems, speed guns, weather radar; Mobile phones, cellular base stations (2G/3G/4G/5G); Deep space probes, scientific satellites",FCC 47 CFR 2.106 (Non-Fed),EU/Europe follows ITU Region 1 (largely identical to Region 1/2 primary services shown). Source: FCC 47 CFR 2.106 / ITU Radio Regulations 2016
0.059000,0.059300,USA,USA,RADIOLOCATION,PRIMARY,,5.559 US353,"Point-to-point microwave links, satellite earth stations; Satellite phones, VSAT terminals, satellite internet; Radar systems, speed guns, weather radar; Mobile phones, cellular base stations (2G/3G/4G/5G); Deep space probes, scientific satellites",FCC 47 CFR 2.106 (Non-Fed),EU/Europe follows ITU Region 1 (largely identical to Region 1/2 primary services shown). Source: FCC 47 CFR 2.106 / ITU Radio Regulations 2016
0.059000,0.059300,USA,USA,SPACE RESEARCH (passive),Secondary,,US353,"Point-to-point microwave links, satellite earth stations; Satellite phones, VSAT terminals, satellite internet; Radar systems, speed guns, weather radar; Mobile phones, cellular base stations (2G/3G/4G/5G); Deep space probes, scientific satellites",FCC 47 CFR 2.106 (Non-Fed),EU/Europe follows ITU Region 1 (largely identical to Region 1/2 primary services shown). Source: FCC 47 CFR 2.106 / ITU Radio Regulations 2016
0.059300,0.064000,USA,USA,FIXED,PRIMARY,,5.138 US353,"Point-to-point microwave links, satellite earth stations; Satellite phones, VSAT terminals, satellite internet; Mobile phones, cellular base stations (2G/3G/4G/5G); Radar systems, speed guns, weather radar",FCC 47 CFR 2.106 (Federal),EU/Europe follows ITU Region 1 (largely identical to Region 1/2 primary services shown). Source: FCC 47 CFR 2.106 / ITU Radio Regulations 2016
0.059300,0.064000,USA,USA,INTER-SATELLITE,PRIMARY,,5.138 US353,"Point-to-point microwave links, satellite earth stations; Satellite phones, VSAT terminals, satellite internet; Mobile phones, cellular base stations (2G/3G/4G/5G); Radar systems, speed guns, weather radar",FCC 47 CFR 2.106 (Federal),EU/Europe follows ITU Region 1 (largely identical to Region 1/2 primary services shown). Source: FCC 47 CFR 2.106 / ITU Radio Regulations 2016
0.059300,0.064000,USA,USA,MOBILE,PRIMARY,,5.558 5.138 US353,"Point-to-point microwave links, satellite earth stations; Satellite phones, VSAT terminals, satellite internet; Mobile phones, cellular base stations (2G/3G/4G/5G); Radar systems, speed guns, weather radar",FCC 47 CFR 2.106 (Federal),EU/Europe follows ITU Region 1 (largely identical to Region 1/2 primary services shown). Source: FCC 47 CFR 2.106 / ITU Radio Regulations 2016
0.059300,0.064000,USA,USA,RADIOLOCATION,PRIMARY,,5.559 5.138 US353,"Point-to-point microwave links, satellite earth stations; Satellite phones, VSAT terminals, satellite internet; Mobile phones, cellular base stations (2G/3G/4G/5G); Radar systems, speed guns, weather radar",FCC 47 CFR 2.106 (Federal),EU/Europe follows ITU Region 1 (largely identical to Region 1/2 primary services shown). Source: FCC 47 CFR 2.106 / ITU Radio Regulations 2016
0.059300,0.064000,USA,USA,FIXED,PRIMARY,,5.138 US353,"Point-to-point microwave links, satellite earth stations; Satellite phones, VSAT terminals, satellite internet; Mobile phones, cellular base stations (2G/3G/4G/5G); Radar systems, speed guns, weather radar",FCC 47 CFR 2.106 (Non-Fed),EU/Europe follows ITU Region 1 (largely identical to Region 1/2 primary services shown). Source: FCC 47 CFR 2.106 / ITU Radio Regulations 2016
0.059300,0.064000,USA,USA,MOBILE,PRIMARY,,5.558 5.138 US353,"Point-to-point microwave links, satellite earth stations; Satellite phones, VSAT terminals, satellite internet; Mobile phones, cellular base stations (2G/3G/4G/5G); Radar systems, speed guns, weather radar",FCC 47 CFR 2.106 (Non-Fed),EU/Europe follows ITU Region 1 (largely identical to Region 1/2 primary services shown). Source: FCC 47 CFR 2.106 / ITU Radio Regulations 2016
0.059300,0.064000,USA,USA,RADIOLOCATION,PRIMARY,,5.559 5.138 US353,"Point-to-point microwave links, satellite earth stations; Satellite phones, VSAT terminals, satellite internet; Mobile phones, cellular base stations (2G/3G/4G/5G); Radar systems, speed guns, weather radar",FCC 47 CFR 2.106 (Non-Fed),EU/Europe follows ITU Region 1 (largely identical to Region 1/2 primary services shown). Source: FCC 47 CFR 2.106 / ITU Radio Regulations 2016
0.061000,0.070000,USA,USA,FIXED,PRIMARY,,US2,"Point-to-point microwave links, satellite earth stations; Mobile phones, cellular base stations (2G/3G/4G/5G)",FCC 47 CFR 2.106 (Federal),EU/Europe follows ITU Region 1 (largely identical to Region 1/2 primary services shown). Source: FCC 47 CFR 2.106 / ITU Radio Regulations 2016
0.061000,0.070000,USA,USA,MARITIME MOBILE,PRIMARY,,5.57 US2,"Point-to-point microwave links, satellite earth stations; Mobile phones, cellular base stations (2G/3G/4G/5G)",FCC 47 CFR 2.106 (Federal),EU/Europe follows ITU Region 1 (largely identical to Region 1/2 primary services shown). Source: FCC 47 CFR 2.106 / ITU Radio Regulations 2016
0.061000,0.070000,USA,USA,FIXED,PRIMARY,,US2,"Point-to-point microwave links, satellite earth stations; Mobile phones, cellular base stations (2G/3G/4G/5G)",FCC 47 CFR 2.106 (Non-Fed),EU/Europe follows ITU Region 1 (largely identical to Region 1/2 primary services shown). Source: FCC 47 CFR 2.106 / ITU Radio Regulations 2016
0.064000,0.065000,USA,USA,FIXED,PRIMARY,,,"Point-to-point microwave links, satellite earth stations; Satellite phones, VSAT terminals, satellite internet; Mobile phones, cellular base stations (2G/3G/4G/5G)",FCC 47 CFR 2.106 (Federal),EU/Europe follows ITU Region 1 (largely identical to Region 1/2 primary services shown). Source: FCC 47 CFR 2.106 / ITU Radio Regulations 2016
0.064000,0.065000,USA,USA,INTER-SATELLITE,PRIMARY,,,"Point-to-point microwave links, satellite earth stations; Satellite phones, VSAT terminals, satellite internet; Mobile phones, cellular base stations (2G/3G/4G/5G)",FCC 47 CFR 2.106 (Federal),EU/Europe follows ITU Region 1 (largely identical to Region 1/2 primary services shown). Source: FCC 47 CFR 2.106 / ITU Radio Regulations 2016
0.064000,0.065000,USA,USA,MOBILE except aeronautical mobile,Secondary,,,"Point-to-point microwave links, satellite earth stations; Satellite phones, VSAT terminals, satellite internet; Mobile phones, cellular base stations (2G/3G/4G/5G)",FCC 47 CFR 2.106 (Federal),EU/Europe follows ITU Region 1 (largely identical to Region 1/2 primary services shown). Source: FCC 47 CFR 2.106 / ITU Radio Regulations 2016
0.064000,0.065000,USA,USA,FIXED,PRIMARY,,,"Point-to-point microwave links, satellite earth stations; Satellite phones, VSAT terminals, satellite internet; Mobile phones, cellular base stations (2G/3G/4G/5G)",FCC 47 CFR 2.106 (Non-Fed),EU/Europe follows ITU Region 1 (largely identical to Region 1/2 primary services shown). Source: FCC 47 CFR 2.106 / ITU Radio Regulations 2016
0.064000,0.065000,USA,USA,MOBILE except aeronautical mobile,Secondary,,,"Point-to-point microwave links, satellite earth stations; Satellite phones, VSAT terminals, satellite internet; Mobile phones, cellular base stations (2G/3G/4G/5G)",FCC 47 CFR 2.106 (Non-Fed),EU/Europe follows ITU Region 1 (largely identical to Region 1/2 primary services shown). Source: FCC 47 CFR 2.106 / ITU Radio Regulations 2016
0.065000,0.066000,USA,USA,EARTH EXPLORATION-SATELLITE,PRIMARY,,,"Point-to-point microwave links, satellite earth stations; Satellite phones, VSAT terminals, satellite internet; Mobile phones, cellular base stations (2G/3G/4G/5G); Deep space probes, scientific satellites",FCC 47 CFR 2.106 (Federal),EU/Europe follows ITU Region 1 (largely identical to Region 1/2 primary services shown). Source: FCC 47 CFR 2.106 / ITU Radio Regulations 2016
0.065000,0.066000,USA,USA,FIXED,PRIMARY,,,"Point-to-point microwave links, satellite earth stations; Satellite phones, VSAT terminals, satellite internet; Mobile phones, cellular base stations (2G/3G/4G/5G); Deep space probes, scientific satellites",FCC 47 CFR 2.106 (Federal),EU/Europe follows ITU Region 1 (largely identical to Region 1/2 primary services shown). Source: FCC 47 CFR 2.106 / ITU Radio Regulations 2016
0.065000,0.066000,USA,USA,MOBILE except aeronautical mobile,Secondary,,,"Point-to-point microwave links, satellite earth stations; Satellite phones, VSAT terminals, satellite internet; Mobile phones, cellular base stations (2G/3G/4G/5G); Deep space probes, scientific satellites",FCC 47 CFR 2.106 (Federal),EU/Europe follows ITU Region 1 (largely identical to Region 1/2 primary services shown). Source: FCC 47 CFR 2.106 / ITU Radio Regulations 2016
0.065000,0.066000,USA,USA,SPACE RESEARCH,PRIMARY,,,"Point-to-point microwave links, satellite earth stations; Satellite phones, VSAT terminals, satellite internet; Mobile phones, cellular base stations (2G/3G/4G/5G); Deep space probes, scientific satellites",FCC 47 CFR 2.106 (Federal),EU/Europe follows ITU Region 1 (largely identical to Region 1/2 primary services shown). Source: FCC 47 CFR 2.106 / ITU Radio Regulations 2016
0.065000,0.066000,USA,USA,EARTH EXPLORATION-SATELLITE,PRIMARY,,,"Point-to-point microwave links, satellite earth stations; Satellite phones, VSAT terminals, satellite internet; Mobile phones, cellular base stations (2G/3G/4G/5G); Deep space probes, scientific satellites",FCC 47 CFR 2.106 (Non-Fed),EU/Europe follows ITU Region 1 (largely identical to Region 1/2 primary services shown). Source: FCC 47 CFR 2.106 / ITU Radio Regulations 2016
0.065000,0.066000,USA,USA,FIXED,PRIMARY,,,"Point-to-point microwave links, satellite earth stations; Satellite phones, VSAT terminals, satellite internet; Mobile phones, cellular base stations (2G/3G/4G/5G); Deep space probes, scientific satellites",FCC 47 CFR 2.106 (Non-Fed),EU/Europe follows ITU Region 1 (largely identical to Region 1/2 primary services shown). Source: FCC 47 CFR 2.106 / ITU Radio Regulations 2016
0.065000,0.066000,USA,USA,INTER-SATELLITE,PRIMARY,,,"Point-to-point microwave links, satellite earth stations; Satellite phones, VSAT terminals, satellite internet; Mobile phones, cellular base stations (2G/3G/4G/5G); Deep space probes, scientific satellites",FCC 47 CFR 2.106 (Non-Fed),EU/Europe follows ITU Region 1 (largely identical to Region 1/2 primary services shown). Source: FCC 47 CFR 2.106 / ITU Radio Regulations 2016
0.065000,0.066000,USA,USA,MOBILE except aeronautical mobile,Secondary,,,"Point-to-point microwave links, satellite earth stations; Satellite phones, VSAT terminals, satellite internet; Mobile phones, cellular base stations (2G/3G/4G/5G); Deep space probes, scientific satellites",FCC 47 CFR 2.106 (Non-Fed),EU/Europe follows ITU Region 1 (largely identical to Region 1/2 primary services shown). Source: FCC 47 CFR 2.106 / ITU Radio Regulations 2016
0.065000,0.066000,USA,USA,SPACE RESEARCH,PRIMARY,,,"Point-to-point microwave links, satellite earth stations; Satellite phones, VSAT terminals, satellite internet; Mobile phones, cellular base stations (2G/3G/4G/5G); Deep space probes, scientific satellites",FCC 47 CFR 2.106 (Non-Fed),EU/Europe follows ITU Region 1 (largely identical to Region 1/2 primary services shown). Source: FCC 47 CFR 2.106 / ITU Radio Regulations 2016
0.066000,0.071000,ITU,Region 1/2,MOBILE,PRIMARY,,5.553 5.558,"GPS receivers, GNSS devices; Mobile phones, cellular base stations (2G/3G/4G/5G)",ITU Radio Regulations,EU/Europe follows ITU Region 1 (largely identical to Region 1/2 primary services shown). Source: FCC 47 CFR 2.106 / ITU Radio Regulations 2016
0.066000,0.071000,ITU,Region 1/2,MOBILE-SATELLITE,PRIMARY,,,"GPS receivers, GNSS devices; Mobile phones, cellular base stations (2G/3G/4G/5G)",ITU Radio Regulations,EU/Europe follows ITU Region 1 (largely identical to Region 1/2 primary services shown). Source: FCC 47 CFR 2.106 / ITU Radio Regulations 2016
0.066000,0.071000,ITU,Region 1/2,RADIONAVIGATION,PRIMARY,,,"GPS receivers, GNSS devices; Mobile phones, cellular base stations (2G/3G/4G/5G)",ITU Radio Regulations,EU/Europe follows ITU Region 1 (largely identical to Region 1/2 primary services shown). Source: FCC 47 CFR 2.106 / ITU Radio Regulations 2016
0.066000,0.071000,ITU,Region 1/2,RADIONAVIGATION-SATELLITE,PRIMARY,,,"GPS receivers, GNSS devices; Mobile phones, cellular base stations (2G/3G/4G/5G)",ITU Radio Regulations,EU/Europe follows ITU Region 1 (largely identical to Region 1/2 primary services shown). Source: FCC 47 CFR 2.106 / ITU Radio Regulations 2016
0.066000,0.071000,ITU,Region 3,INTER-SATELLITE,PRIMARY,,,"GPS receivers, GNSS devices; Mobile phones, cellular base stations (2G/3G/4G/5G)",ITU Radio Regulations,EU/Europe follows ITU Region 1 (largely identical to Region 1/2 primary services shown). Source: FCC 47 CFR 2.106 / ITU Radio Regulations 2016
0.066000,0.071000,ITU,Region 3,MOBILE,PRIMARY,,5.553 5.558,"GPS receivers, GNSS devices; Mobile phones, cellular base stations (2G/3G/4G/5G)",ITU Radio Regulations,EU/Europe follows ITU Region 1 (largely identical to Region 1/2 primary services shown). Source: FCC 47 CFR 2.106 / ITU Radio Regulations 2016
0.066000,0.071000,ITU,Region 3,MOBILE-SATELLITE,PRIMARY,,,"GPS receivers, GNSS devices; Mobile phones, cellular base stations (2G/3G/4G/5G)",ITU Radio Regulations,EU/Europe follows ITU Region 1 (largely identical to Region 1/2 primary services shown). Source: FCC 47 CFR 2.106 / ITU Radio Regulations 2016
0.066000,0.071000,ITU,Region 3,RADIONAVIGATION,PRIMARY,,,"GPS receivers, GNSS devices; Mobile phones, cellular base stations (2G/3G/4G/5G)",ITU Radio Regulations,EU/Europe follows ITU Region 1 (largely identical to Region 1/2 primary services shown). Source: FCC 47 CFR 2.106 / ITU Radio Regulations 2016
0.066000,0.071000,ITU,Region 3,RADIONAVIGATION-SATELLITE,PRIMARY,,,"GPS receivers, GNSS devices; Mobile phones, cellular base stations (2G/3G/4G/5G)",ITU Radio Regulations,EU/Europe follows ITU Region 1 (largely identical to Region 1/2 primary services shown). Source: FCC 47 CFR 2.106 / ITU Radio Regulations 2016
0.068000,0.072000,ITU,Region 1/2,BROADCASTING,PRIMARY,,,"AM/FM radios, DAB receivers, TV sets; Point-to-point microwave links, satellite earth stations; Mobile phones, cellular base stations (2G/3G/4G/5G)",ITU Radio Regulations,EU/Europe follows ITU Region 1 (largely identical to Region 1/2 primary services shown). Source: FCC 47 CFR 2.106 / ITU Radio Regulations 2016
0.068000,0.072000,ITU,Region 1/2,Fixed,Secondary,,,"AM/FM radios, DAB receivers, TV sets; Point-to-point microwave links, satellite earth stations; Mobile phones, cellular base stations (2G/3G/4G/5G)",ITU Radio Regulations,EU/Europe follows ITU Region 1 (largely identical to Region 1/2 primary services shown). Source: FCC 47 CFR 2.106 / ITU Radio Regulations 2016
0.068000,0.072000,ITU,Region 1/2,Mobile,Secondary,,,"AM/FM radios, DAB receivers, TV sets; Point-to-point microwave links, satellite earth stations; Mobile phones, cellular base stations (2G/3G/4G/5G)",ITU Radio Regulations,EU/Europe follows ITU Region 1 (largely identical to Region 1/2 primary services shown). Source: FCC 47 CFR 2.106 / ITU Radio Regulations 2016
0.068000,0.072000,ITU,Region 3,FIXED,PRIMARY,,,"AM/FM radios, DAB receivers, TV sets; Point-to-point microwave links, satellite earth stations; Mobile phones, cellular base stations (2G/3G/4G/5G)",ITU Radio Regulations,EU/Europe follows ITU Region 1 (largely identical to Region 1/2 primary services shown). Source: FCC 47 CFR 2.106 / ITU Radio Regulations 2016
0.068000,0.072000,ITU,Region 3,MOBILE,PRIMARY,,,"AM/FM radios, DAB receivers, TV sets; Point-to-point microwave links, satellite earth stations; Mobile phones, cellular base stations (2G/3G/4G/5G)",ITU Radio Regulations,EU/Europe follows ITU Region 1 (largely identical to Region 1/2 primary services shown). Source: FCC 47 CFR 2.106 / ITU Radio Regulations 2016
0.071000,0.074000,ITU,Region 1/2,FIXED,PRIMARY,,,"Point-to-point microwave links, satellite earth stations; Mobile phones, cellular base stations (2G/3G/4G/5G)",ITU Radio Regulations,EU/Europe follows ITU Region 1 (largely identical to Region 1/2 primary services shown). Source: FCC 47 CFR 2.106 / ITU Radio Regulations 2016
0.071000,0.074000,ITU,Region 1/2,FIXED-SATELLITE (space-to-Earth),Secondary,,,"Point-to-point microwave links, satellite earth stations; Mobile phones, cellular base stations (2G/3G/4G/5G)",ITU Radio Regulations,EU/Europe follows ITU Region 1 (largely identical to Region 1/2 primary services shown). Source: FCC 47 CFR 2.106 / ITU Radio Regulations 2016
0.071000,0.074000,ITU,Region 1/2,MOBILE,PRIMARY,,,"Point-to-point microwave links, satellite earth stations; Mobile phones, cellular base stations (2G/3G/4G/5G)",ITU Radio Regulations,EU/Europe follows ITU Region 1 (largely identical to Region 1/2 primary services shown). Source: FCC 47 CFR 2.106 / ITU Radio Regulations 2016
0.071000,0.074000,ITU,Region 1/2,MOBILE-SATELLITE (space-to-Earth),Secondary,,,"Point-to-point microwave links, satellite earth stations; Mobile phones, cellular base stations (2G/3G/4G/5G)",ITU Radio Regulations,EU/Europe follows ITU Region 1 (largely identical to Region 1/2 primary services shown). Source: FCC 47 CFR 2.106 / ITU Radio Regulations 2016
0.072000,0.073000,ITU,Region 1/2,FIXED,PRIMARY,,,"Point-to-point microwave links, satellite earth stations; Mobile phones, cellular base stations (2G/3G/4G/5G)",ITU Radio Regulations,EU/Europe follows ITU Region 1 (largely identical to Region 1/2 primary services shown). Source: FCC 47 CFR 2.106 / ITU Radio Regulations 2016
0.072000,0.073000,ITU,Region 1/2,MOBILE,PRIMARY,,,"Point-to-point microwave links, satellite earth stations; Mobile phones, cellular base stations (2G/3G/4G/5G)",ITU Radio Regulations,EU/Europe follows ITU Region 1 (largely identical to Region 1/2 primary services shown). Source: FCC 47 CFR 2.106 / ITU Radio Regulations 2016
0.072000,0.073000,USA,USA,FIXED,PRIMARY,,NG3 NG16 NG56,"Point-to-point microwave links, satellite earth stations; Mobile phones, cellular base stations (2G/3G/4G/5G)",FCC 47 CFR 2.106 (Non-Fed),EU/Europe follows ITU Region 1 (largely identical to Region 1/2 primary services shown). Source: FCC 47 CFR 2.106 / ITU Radio Regulations 2016
0.072000,0.073000,USA,USA,MOBILE,PRIMARY,,NG3 NG16 NG56,"Point-to-point microwave links, satellite earth stations; Mobile phones, cellular base stations (2G/3G/4G/5G)",FCC 47 CFR 2.106 (Non-Fed),EU/Europe follows ITU Region 1 (largely identical to Region 1/2 primary services shown). Source: FCC 47 CFR 2.106 / ITU Radio Regulations 2016
0.073000,0.074600,ITU,Region 1/2,RADIO ASTRONOMY,PRIMARY,,,"Radio telescopes, scientific receivers",ITU Radio Regulations,EU/Europe follows ITU Region 1 (largely identical to Region 1/2 primary services shown). Source: FCC 47 CFR 2.106 / ITU Radio Regulations 2016
0.073000,0.074600,USA,USA,RADIO ASTRONOMY,PRIMARY,,US74 US246,"Radio telescopes, scientific receivers",FCC 47 CFR 2.106 (Federal),EU/Europe follows ITU Region 1 (largely identical to Region 1/2 primary services shown). Source: FCC 47 CFR 2.106 / ITU Radio Regulations 2016
0.074000,0.076000,ITU,Region 1/2,FIXED,PRIMARY,,,"Point-to-point microwave links, satellite earth stations; Mobile phones, cellular base stations (2G/3G/4G/5G); Deep space probes, scientific satellites",ITU Radio Regulations,EU/Europe follows ITU Region 1 (largely identical to Region 1/2 primary services shown). Source: FCC 47 CFR 2.106 / ITU Radio Regulations 2016
0.074000,0.076000,ITU,Region 1/2,FIXED-SATELLITE (space-to-Earth),Secondary,,,"Point-to-point microwave links, satellite earth stations; Mobile phones, cellular base stations (2G/3G/4G/5G); Deep space probes, scientific satellites",ITU Radio Regulations,EU/Europe follows ITU Region 1 (largely identical to Region 1/2 primary services shown). Source: FCC 47 CFR 2.106 / ITU Radio Regulations 2016
0.074000,0.076000,ITU,Region 1/2,MOBILE,PRIMARY,,,"Point-to-point microwave links, satellite earth stations; Mobile phones, cellular base stations (2G/3G/4G/5G); Deep space probes, scientific satellites",ITU Radio Regulations,EU/Europe follows ITU Region 1 (largely identical to Region 1/2 primary services shown). Source: FCC 47 CFR 2.106 / ITU Radio Regulations 2016
0.074000,0.076000,ITU,Region 1/2,Space research (space-to-Earth),Secondary,,,"Point-to-point microwave links, satellite earth stations; Mobile phones, cellular base stations (2G/3G/4G/5G); Deep space probes, scientific satellites",ITU Radio Regulations,EU/Europe follows ITU Region 1 (largely identical to Region 1/2 primary services shown). Source: FCC 47 CFR 2.106 / ITU Radio Regulations 2016
0.074000,0.076000,ITU,Region 3,FIXED,PRIMARY,,,"Point-to-point microwave links, satellite earth stations; Mobile phones, cellular base stations (2G/3G/4G/5G); Deep space probes, scientific satellites",ITU Radio Regulations,EU/Europe follows ITU Region 1 (largely identical to Region 1/2 primary services shown). Source: FCC 47 CFR 2.106 / ITU Radio Regulations 2016
0.074000,0.076000,ITU,Region 3,FIXED-SATELLITE (space-to-Earth),Secondary,,,"Point-to-point microwave links, satellite earth stations; Mobile phones, cellular base stations (2G/3G/4G/5G); Deep space probes, scientific satellites",ITU Radio Regulations,EU/Europe follows ITU Region 1 (largely identical to Region 1/2 primary services shown). Source: FCC 47 CFR 2.106 / ITU Radio Regulations 2016
0.074000,0.076000,ITU,Region 3,MOBILE,PRIMARY,,,"Point-to-point microwave links, satellite earth stations; Mobile phones, cellular base stations (2G/3G/4G/5G); Deep space probes, scientific satellites",ITU Radio Regulations,EU/Europe follows ITU Region 1 (largely identical to Region 1/2 primary services shown). Source: FCC 47 CFR 2.106 / ITU Radio Regulations 2016
0.074000,0.076000,ITU,Region 3,BROADCASTING,PRIMARY,,,"Point-to-point microwave links, satellite earth stations; Mobile phones, cellular base stations (2G/3G/4G/5G); Deep space probes, scientific satellites",ITU Radio Regulations,EU/Europe follows ITU Region 1 (largely identical to Region 1/2 primary services shown). Source: FCC 47 CFR 2.106 / ITU Radio Regulations 2016
0.074000,0.076000,ITU,Region 3,BROADCASTING-SATELLITE,PRIMARY,,,"Point-to-point microwave links, satellite earth stations; Mobile phones, cellular base stations (2G/3G/4G/5G); Deep space probes, scientific satellites",ITU Radio Regulations,EU/Europe follows ITU Region 1 (largely identical to Region 1/2 primary services shown). Source: FCC 47 CFR 2.106 / ITU Radio Regulations 2016
0.074000,0.076000,ITU,Region 3,Space research (space-to-Earth),Secondary,,,"Point-to-point microwave links, satellite earth stations; Mobile phones, cellular base stations (2G/3G/4G/5G); Deep space probes, scientific satellites",ITU Radio Regulations,EU/Europe follows ITU Region 1 (largely identical to Region 1/2 primary services shown). Source: FCC 47 CFR 2.106 / ITU Radio Regulations 2016
0.074600,0.074800,ITU,Region 1/2,FIXED,PRIMARY,,,"Point-to-point microwave links, satellite earth stations; Mobile phones, cellular base stations (2G/3G/4G/5G)",ITU Radio Regulations,EU/Europe follows ITU Region 1 (largely identical to Region 1/2 primary services shown). Source: FCC 47 CFR 2.106 / ITU Radio Regulations 2016
0.074600,0.074800,ITU,Region 1/2,MOBILE,PRIMARY,,,"Point-to-point microwave links, satellite earth stations; Mobile phones, cellular base stations (2G/3G/4G/5G)",ITU Radio Regulations,EU/Europe follows ITU Region 1 (largely identical to Region 1/2 primary services shown). Source: FCC 47 CFR 2.106 / ITU Radio Regulations 2016
0.074600,0.074800,USA,USA,FIXED,PRIMARY,,US273,"Point-to-point microwave links, satellite earth stations; Mobile phones, cellular base stations (2G/3G/4G/5G)",FCC 47 CFR 2.106 (Federal),EU/Europe follows ITU Region 1 (largely identical to Region 1/2 primary services shown). Source: FCC 47 CFR 2.106 / ITU Radio Regulations 2016
0.074600,0.074800,USA,USA,MOBILE,PRIMARY,,US273,"Point-to-point microwave links, satellite earth stations; Mobile phones, cellular base stations (2G/3G/4G/5G)",FCC 47 CFR 2.106 (Federal),EU/Europe follows ITU Region 1 (largely identical to Region 1/2 primary services shown). Source: FCC 47 CFR 2.106 / ITU Radio Regulations 2016
0.074800,0.075200,USA,USA,AERONAUTICAL RADIONAVIGATION,PRIMARY,,5.180,"ILS, VOR, DME, TACAN, instrument landing systems",FCC 47 CFR 2.106 (Federal),EU/Europe follows ITU Region 1 (largely identical to Region 1/2 primary services shown). Source: FCC 47 CFR 2.106 / ITU Radio Regulations 2016
0.075200,0.075400,ITU,Region 1/2,FIXED,PRIMARY,,,"Point-to-point microwave links, satellite earth stations; Mobile phones, cellular base stations (2G/3G/4G/5G)",ITU Radio Regulations,EU/Europe follows ITU Region 1 (largely identical to Region 1/2 primary services shown). Source: FCC 47 CFR 2.106 / ITU Radio Regulations 2016
0.075200,0.075400,ITU,Region 1/2,MOBILE,PRIMARY,,,"Point-to-point microwave links, satellite earth stations; Mobile phones, cellular base stations (2G/3G/4G/5G)",ITU Radio Regulations,EU/Europe follows ITU Region 1 (largely identical to Region 1/2 primary services shown). Source: FCC 47 CFR 2.106 / ITU Radio Regulations 2016
0.075200,0.075400,USA,USA,FIXED,PRIMARY,,US273,"Point-to-point microwave links, satellite earth stations; Mobile phones, cellular base stations (2G/3G/4G/5G)",FCC 47 CFR 2.106 (Federal),EU/Europe follows ITU Region 1 (largely identical to Region 1/2 primary services shown). Source: FCC 47 CFR 2.106 / ITU Radio Regulations 2016
0.075200,0.075400,USA,USA,MOBILE,PRIMARY,,US273,"Point-to-point microwave links, satellite earth stations; Mobile phones, cellular base stations (2G/3G/4G/5G)",FCC 47 CFR 2.106 (Federal),EU/Europe follows ITU Region 1 (largely identical to Region 1/2 primary services shown). Source: FCC 47 CFR 2.106 / ITU Radio Regulations 2016
0.075400,0.076000,ITU,Region 1/2,FIXED,PRIMARY,,,"Point-to-point microwave links, satellite earth stations; Mobile phones, cellular base stations (2G/3G/4G/5G)",ITU Radio Regulations,EU/Europe follows ITU Region 1 (largely identical to Region 1/2 primary services shown). Source: FCC 47 CFR 2.106 / ITU Radio Regulations 2016
0.075400,0.076000,ITU,Region 1/2,MOBILE,PRIMARY,,,"Point-to-point microwave links, satellite earth stations; Mobile phones, cellular base stations (2G/3G/4G/5G)",ITU Radio Regulations,EU/Europe follows ITU Region 1 (largely identical to Region 1/2 primary services shown). Source: FCC 47 CFR 2.106 / ITU Radio Regulations 2016
0.075400,0.076000,ITU,Region 3,FIXED,PRIMARY,,,"Point-to-point microwave links, satellite earth stations; Mobile phones, cellular base stations (2G/3G/4G/5G)",ITU Radio Regulations,EU/Europe follows ITU Region 1 (largely identical to Region 1/2 primary services shown). Source: FCC 47 CFR 2.106 / ITU Radio Regulations 2016
0.075400,0.076000,ITU,Region 3,MOBILE,PRIMARY,,,"Point-to-point microwave links, satellite earth stations; Mobile phones, cellular base stations (2G/3G/4G/5G)",ITU Radio Regulations,EU/Europe follows ITU Region 1 (largely identical to Region 1/2 primary services shown). Source: FCC 47 CFR 2.106 / ITU Radio Regulations 2016
0.075400,0.076000,USA,USA,FIXED,PRIMARY,,NG3 NG16 NG56,"Point-to-point microwave links, satellite earth stations; Mobile phones, cellular base stations (2G/3G/4G/5G)",FCC 47 CFR 2.106 (Non-Fed),EU/Europe follows ITU Region 1 (largely identical to Region 1/2 primary services shown). Source: FCC 47 CFR 2.106 / ITU Radio Regulations 2016
0.075400,0.076000,USA,USA,MOBILE,PRIMARY,,NG3 NG16 NG56,"Point-to-point microwave links, satellite earth stations; Mobile phones, cellular base stations (2G/3G/4G/5G)",FCC 47 CFR 2.106 (Non-Fed),EU/Europe follows ITU Region 1 (largely identical to Region 1/2 primary services shown). Source: FCC 47 CFR 2.106 / ITU Radio Regulations 2016
0.076000,0.088000,ITU,Region 1/2,BROADCASTING,PRIMARY,,,"AM/FM radios, DAB receivers, TV sets; Point-to-point microwave links, satellite earth stations; Mobile phones, cellular base stations (2G/3G/4G/5G)",ITU Radio Regulations,EU/Europe follows ITU Region 1 (largely identical to Region 1/2 primary services shown). Source: FCC 47 CFR 2.106 / ITU Radio Regulations 2016
0.076000,0.088000,ITU,Region 1/2,Fixed,Secondary,,,"AM/FM radios, DAB receivers, TV sets; Point-to-point microwave links, satellite earth stations; Mobile phones, cellular base stations (2G/3G/4G/5G)",ITU Radio Regulations,EU/Europe follows ITU Region 1 (largely identical to Region 1/2 primary services shown). Source: FCC 47 CFR 2.106 / ITU Radio Regulations 2016
0.076000,0.088000,ITU,Region 1/2,Mobile,Secondary,,,"AM/FM radios, DAB receivers, TV sets; Point-to-point microwave links, satellite earth stations; Mobile phones, cellular base stations (2G/3G/4G/5G)",ITU Radio Regulations,EU/Europe follows ITU Region 1 (largely identical to Region 1/2 primary services shown). Source: FCC 47 CFR 2.106 / ITU Radio Regulations 2016
0.076000,0.088000,USA,USA,BROADCASTING,PRIMARY,,NG5 NG14 NG115 NG149,"AM/FM radios, DAB receivers, TV sets; Point-to-point microwave links, satellite earth stations; Mobile phones, cellular base stations (2G/3G/4G/5G)",FCC 47 CFR 2.106 (Non-Fed),EU/Europe follows ITU Region 1 (largely identical to Region 1/2 primary services shown). Source: FCC 47 CFR 2.106 / ITU Radio Regulations 2016
0.076000,0.081000,ITU,Region 1/2,RADIO ASTRONOMY,PRIMARY,,,"Radio telescopes, scientific receivers; Radar systems, speed guns, weather radar; Deep space probes, scientific satellites",ITU Radio Regulations,EU/Europe follows ITU Region 1 (largely identical to Region 1/2 primary services shown). Source: FCC 47 CFR 2.106 / ITU Radio Regulations 2016
0.076000,0.081000,ITU,Region 1/2,RADIOLOCATION,PRIMARY,,,"Radio telescopes, scientific receivers; Radar systems, speed guns, weather radar; Deep space probes, scientific satellites",ITU Radio Regulations,EU/Europe follows ITU Region 1 (largely identical to Region 1/2 primary services shown). Source: FCC 47 CFR 2.106 / ITU Radio Regulations 2016
0.076000,0.081000,ITU,Region 1/2,Space research (space-to-Earth),Secondary,,,"Radio telescopes, scientific receivers; Radar systems, speed guns, weather radar; Deep space probes, scientific satellites",ITU Radio Regulations,EU/Europe follows ITU Region 1 (largely identical to Region 1/2 primary services shown). Source: FCC 47 CFR 2.106 / ITU Radio Regulations 2016
0.076000,0.081000,ITU,Region 3,RADIO ASTRONOMY,PRIMARY,,,"Radio telescopes, scientific receivers; Radar systems, speed guns, weather radar; Deep space probes, scientific satellites",ITU Radio Regulations,EU/Europe follows ITU Region 1 (largely identical to Region 1/2 primary services shown). Source: FCC 47 CFR 2.106 / ITU Radio Regulations 2016
0.076000,0.081000,ITU,Region 3,RADIOLOCATION,PRIMARY,,,"Radio telescopes, scientific receivers; Radar systems, speed guns, weather radar; Deep space probes, scientific satellites",ITU Radio Regulations,EU/Europe follows ITU Region 1 (largely identical to Region 1/2 primary services shown). Source: FCC 47 CFR 2.106 / ITU Radio Regulations 2016
0.076000,0.081000,ITU,Region 3,Amateur,Secondary,,,"Radio telescopes, scientific receivers; Radar systems, speed guns, weather radar; Deep space probes, scientific satellites",ITU Radio Regulations,EU/Europe follows ITU Region 1 (largely identical to Region 1/2 primary services shown). Source: FCC 47 CFR 2.106 / ITU Radio Regulations 2016
0.076000,0.081000,ITU,Region 3,Space research (space-to-Earth),Secondary,,,"Radio telescopes, scientific receivers; Radar systems, speed guns, weather radar; Deep space probes, scientific satellites",ITU Radio Regulations,EU/Europe follows ITU Region 1 (largely identical to Region 1/2 primary services shown). Source: FCC 47 CFR 2.106 / ITU Radio Regulations 2016
0.081000,0.084000,USA,USA,FIXED,PRIMARY,,US161 US342 US389,"Radio telescopes, scientific receivers; Point-to-point microwave links, satellite earth stations; Mobile phones, cellular base stations (2G/3G/4G/5G); Deep space probes, scientific satellites",FCC 47 CFR 2.106 (Federal),EU/Europe follows ITU Region 1 (largely identical to Region 1/2 primary services shown). Source: FCC 47 CFR 2.106 / ITU Radio Regulations 2016
0.081000,0.084000,USA,USA,FIXED-SATELLITE (Earth-to-space),Secondary,,US297 US161 US342 US389,"Radio telescopes, scientific receivers; Point-to-point microwave links, satellite earth stations; Mobile phones, cellular base stations (2G/3G/4G/5G); Deep space probes, scientific satellites",FCC 47 CFR 2.106 (Federal),EU/Europe follows ITU Region 1 (largely identical to Region 1/2 primary services shown). Source: FCC 47 CFR 2.106 / ITU Radio Regulations 2016
0.081000,0.084000,USA,USA,MOBILE,PRIMARY,,US161 US342 US389,"Radio telescopes, scientific receivers; Point-to-point microwave links, satellite earth stations; Mobile phones, cellular base stations (2G/3G/4G/5G); Deep space probes, scientific satellites",FCC 47 CFR 2.106 (Federal),EU/Europe follows ITU Region 1 (largely identical to Region 1/2 primary services shown). Source: FCC 47 CFR 2.106 / ITU Radio Regulations 2016
0.081000,0.084000,USA,USA,MOBILE-SATELLITE (Earth-to-space),Secondary,,US161 US342 US389,"Radio telescopes, scientific receivers; Point-to-point microwave links, satellite earth stations; Mobile phones, cellular base stations (2G/3G/4G/5G); Deep space probes, scientific satellites",FCC 47 CFR 2.106 (Federal),EU/Europe follows ITU Region 1 (largely identical to Region 1/2 primary services shown). Source: FCC 47 CFR 2.106 / ITU Radio Regulations 2016
0.081000,0.084000,USA,USA,RADIO ASTRONOMY,PRIMARY,,US161 US342 US389,"Radio telescopes, scientific receivers; Point-to-point microwave links, satellite earth stations; Mobile phones, cellular base stations (2G/3G/4G/5G); Deep space probes, scientific satellites",FCC 47 CFR 2.106 (Federal),EU/Europe follows ITU Region 1 (largely identical to Region 1/2 primary services shown). Source: FCC 47 CFR 2.106 / ITU Radio Regulations 2016
0.081000,0.084000,USA,USA,Space research (space-to-Earth),Secondary,,US161 US342 US389,"Radio telescopes, scientific receivers; Point-to-point microwave links, satellite earth stations; Mobile phones, cellular base stations (2G/3G/4G/5G); Deep space probes, scientific satellites",FCC 47 CFR 2.106 (Federal),EU/Europe follows ITU Region 1 (largely identical to Region 1/2 primary services shown). Source: FCC 47 CFR 2.106 / ITU Radio Regulations 2016
0.084000,0.086000,USA,USA,FIXED,PRIMARY,,US161 US342 US389,"Radio telescopes, scientific receivers; Point-to-point microwave links, satellite earth stations; Mobile phones, cellular base stations (2G/3G/4G/5G)",FCC 47 CFR 2.106 (Federal),EU/Europe follows ITU Region 1 (largely identical to Region 1/2 primary services shown). Source: FCC 47 CFR 2.106 / ITU Radio Regulations 2016
0.084000,0.086000,USA,USA,FIXED-SATELLITE (Earth-to-space),Secondary,,US161 US342 US389,"Radio telescopes, scientific receivers; Point-to-point microwave links, satellite earth stations; Mobile phones, cellular base stations (2G/3G/4G/5G)",FCC 47 CFR 2.106 (Federal),EU/Europe follows ITU Region 1 (largely identical to Region 1/2 primary services shown). Source: FCC 47 CFR 2.106 / ITU Radio Regulations 2016
0.084000,0.086000,USA,USA,MOBILE,PRIMARY,,US161 US342 US389,"Radio telescopes, scientific receivers; Point-to-point microwave links, satellite earth stations; Mobile phones, cellular base stations (2G/3G/4G/5G)",FCC 47 CFR 2.106 (Federal),EU/Europe follows ITU Region 1 (largely identical to Region 1/2 primary services shown). Source: FCC 47 CFR 2.106 / ITU Radio Regulations 2016
0.084000,0.086000,USA,USA,RADIO ASTRONOMY,PRIMARY,,US161 US342 US389,"Radio telescopes, scientific receivers; Point-to-point microwave links, satellite earth stations; Mobile phones, cellular base stations (2G/3G/4G/5G)",FCC 47 CFR 2.106 (Federal),EU/Europe follows ITU Region 1 (largely identical to Region 1/2 primary services shown). Source: FCC 47 CFR 2.106 / ITU Radio Regulations 2016
0.086000,0.092000,USA,USA,EARTH EXPLORATION-SATELLITE (passive),Secondary,,US246,"Radio telescopes, scientific receivers; Satellite phones, VSAT terminals, satellite internet; Deep space probes, scientific satellites",FCC 47 CFR 2.106 (Federal),EU/Europe follows ITU Region 1 (largely identical to Region 1/2 primary services shown). Source: FCC 47 CFR 2.106 / ITU Radio Regulations 2016
0.086000,0.092000,USA,USA,RADIO ASTRONOMY,PRIMARY,,US74 US246,"Radio telescopes, scientific receivers; Satellite phones, VSAT terminals, satellite internet; Deep space probes, scientific satellites",FCC 47 CFR 2.106 (Federal),EU/Europe follows ITU Region 1 (largely identical to Region 1/2 primary services shown). Source: FCC 47 CFR 2.106 / ITU Radio Regulations 2016
0.086000,0.092000,USA,USA,SPACE RESEARCH (passive),Secondary,,US246,"Radio telescopes, scientific receivers; Satellite phones, VSAT terminals, satellite internet; Deep space probes, scientific satellites",FCC 47 CFR 2.106 (Federal),EU/Europe follows ITU Region 1 (largely identical to Region 1/2 primary services shown). Source: FCC 47 CFR 2.106 / ITU Radio Regulations 2016
0.088000,0.100000,ITU,Region 1/2,BROADCASTING,PRIMARY,,,"AM/FM radios, DAB receivers, TV sets",ITU Radio Regulations,EU/Europe follows ITU Region 1 (largely identical to Region 1/2 primary services shown). Source: FCC 47 CFR 2.106 / ITU Radio Regulations 2016
0.088000,0.100000,USA,USA,BROADCASTING,PRIMARY,,NG2 US93 NG5,"AM/FM radios, DAB receivers, TV sets",FCC 47 CFR 2.106 (Non-Fed),EU/Europe follows ITU Region 1 (largely identical to Region 1/2 primary services shown). Source: FCC 47 CFR 2.106 / ITU Radio Regulations 2016
0.090000,0.110000,USA,USA,RADIONAVIGATION,PRIMARY,,5.62 US18 US2 US104,"GPS receivers, GNSS devices",FCC 47 CFR 2.106 (Federal),EU/Europe follows ITU Region 1 (largely identical to Region 1/2 primary services shown). Source: FCC 47 CFR 2.106 / ITU Radio Regulations 2016
0.092000,0.094000,USA,USA,FIXED,PRIMARY,,US161 US342,"Radio telescopes, scientific receivers; Radar systems, speed guns, weather radar; Point-to-point microwave links, satellite earth stations; Mobile phones, cellular base stations (2G/3G/4G/5G)",FCC 47 CFR 2.106 (Federal),EU/Europe follows ITU Region 1 (largely identical to Region 1/2 primary services shown). Source: FCC 47 CFR 2.106 / ITU Radio Regulations 2016
0.092000,0.094000,USA,USA,MOBILE,PRIMARY,,US161 US342,"Radio telescopes, scientific receivers; Radar systems, speed guns, weather radar; Point-to-point microwave links, satellite earth stations; Mobile phones, cellular base stations (2G/3G/4G/5G)",FCC 47 CFR 2.106 (Federal),EU/Europe follows ITU Region 1 (largely identical to Region 1/2 primary services shown). Source: FCC 47 CFR 2.106 / ITU Radio Regulations 2016
0.092000,0.094000,USA,USA,RADIO ASTRONOMY,PRIMARY,,US161 US342,"Radio telescopes, scientific receivers; Radar systems, speed guns, weather radar; Point-to-point microwave links, satellite earth stations; Mobile phones, cellular base stations (2G/3G/4G/5G)",FCC 47 CFR 2.106 (Federal),EU/Europe follows ITU Region 1 (largely identical to Region 1/2 primary services shown). Source: FCC 47 CFR 2.106 / ITU Radio Regulations 2016
0.092000,0.094000,USA,USA,RADIOLOCATION,PRIMARY,,US161 US342,"Radio telescopes, scientific receivers; Radar systems, speed guns, weather radar; Point-to-point microwave links, satellite earth stations; Mobile phones, cellular base stations (2G/3G/4G/5G)",FCC 47 CFR 2.106 (Federal),EU/Europe follows ITU Region 1 (largely identical to Region 1/2 primary services shown). Source: FCC 47 CFR 2.106 / ITU Radio Regulations 2016
0.094000,0.094100,USA,USA,EARTH EXPLORATION-SATELLITE (active),Secondary,,5.562 5.562A,"Radio telescopes, scientific receivers; Satellite phones, VSAT terminals, satellite internet; Radar systems, speed guns, weather radar; Deep space probes, scientific satellites",FCC 47 CFR 2.106 (Federal),EU/Europe follows ITU Region 1 (largely identical to Region 1/2 primary services shown). Source: FCC 47 CFR 2.106 / ITU Radio Regulations 2016
0.094000,0.094100,USA,USA,RADIOLOCATION,PRIMARY,,5.562 5.562A,"Radio telescopes, scientific receivers; Satellite phones, VSAT terminals, satellite internet; Radar systems, speed guns, weather radar; Deep space probes, scientific satellites",FCC 47 CFR 2.106 (Federal),EU/Europe follows ITU Region 1 (largely identical to Region 1/2 primary services shown). Source: FCC 47 CFR 2.106 / ITU Radio Regulations 2016
0.094000,0.094100,USA,USA,SPACE RESEARCH (active),Secondary,,5.562 5.562A,"Radio telescopes, scientific receivers; Satellite phones, VSAT terminals, satellite internet; Radar systems, speed guns, weather radar; Deep space probes, scientific satellites",FCC 47 CFR 2.106 (Federal),EU/Europe follows ITU Region 1 (largely identical to Region 1/2 primary services shown). Source: FCC 47 CFR 2.106 / ITU Radio Regulations 2016
0.094000,0.094100,USA,USA,Radio astronomy,Secondary,,5.562 5.562A,"Radio telescopes, scientific receivers; Satellite phones, VSAT terminals, satellite internet; Radar systems, speed guns, weather radar; Deep space probes, scientific satellites",FCC 47 CFR 2.106 (Federal),EU/Europe follows ITU Region 1 (largely identical to Region 1/2 primary services shown). Source: FCC 47 CFR 2.106 / ITU Radio Regulations 2016
0.094000,0.094100,USA,USA,RADIOLOCATION,PRIMARY,,5.562A,"Radio telescopes, scientific receivers; Satellite phones, VSAT terminals, satellite internet; Radar systems, speed guns, weather radar; Deep space probes, scientific satellites",FCC 47 CFR 2.106 (Non-Fed),EU/Europe follows ITU Region 1 (largely identical to Region 1/2 primary services shown). Source: FCC 47 CFR 2.106 / ITU Radio Regulations 2016
0.094000,0.094100,USA,USA,Radio astronomy,Secondary,,5.562A,"Radio telescopes, scientific receivers; Satellite phones, VSAT terminals, satellite internet; Radar systems, speed guns, weather radar; Deep space probes, scientific satellites",FCC 47 CFR 2.106 (Non-Fed),EU/Europe follows ITU Region 1 (largely identical to Region 1/2 primary services shown). Source: FCC 47 CFR 2.106 / ITU Radio Regulations 2016
0.094100,0.095000,USA,USA,FIXED,PRIMARY,,US161 US342,"Radio telescopes, scientific receivers; Radar systems, speed guns, weather radar; Point-to-point microwave links, satellite earth stations; Mobile phones, cellular base stations (2G/3G/4G/5G)",FCC 47 CFR 2.106 (Federal),EU/Europe follows ITU Region 1 (largely identical to Region 1/2 primary services shown). Source: FCC 47 CFR 2.106 / ITU Radio Regulations 2016
0.094100,0.095000,USA,USA,MOBILE,PRIMARY,,US161 US342,"Radio telescopes, scientific receivers; Radar systems, speed guns, weather radar; Point-to-point microwave links, satellite earth stations; Mobile phones, cellular base stations (2G/3G/4G/5G)",FCC 47 CFR 2.106 (Federal),EU/Europe follows ITU Region 1 (largely identical to Region 1/2 primary services shown). Source: FCC 47 CFR 2.106 / ITU Radio Regulations 2016
0.094100,0.095000,USA,USA,RADIO ASTRONOMY,PRIMARY,,US161 US342,"Radio telescopes, scientific receivers; Radar systems, speed guns, weather radar; Point-to-point microwave links, satellite earth stations; Mobile phones, cellular base stations (2G/3G/4G/5G)",FCC 47 CFR 2.106 (Federal),EU/Europe follows ITU Region 1 (largely identical to Region 1/2 primary services shown). Source: FCC 47 CFR 2.106 / ITU Radio Regulations 2016
0.094100,0.095000,USA,USA,RADIOLOCATION,PRIMARY,,US161 US342,"Radio telescopes, scientific receivers; Radar systems, speed guns, weather radar; Point-to-point microwave links, satellite earth stations; Mobile phones, cellular base stations (2G/3G/4G/5G)",FCC 47 CFR 2.106 (Federal),EU/Europe follows ITU Region 1 (largely identical to Region 1/2 primary services shown). Source: FCC 47 CFR 2.106 / ITU Radio Regulations 2016
0.095000,0.100000,USA,USA,FIXED,PRIMARY,,5.554 US342,"GPS receivers, GNSS devices; Point-to-point microwave links, satellite earth stations; Radar systems, speed guns, weather radar; Radio telescopes, scientific receivers; Mobile phones, cellular base stations (2G/3G/4G/5G)",FCC 47 CFR 2.106 (Federal),EU/Europe follows ITU Region 1 (largely identical to Region 1/2 primary services shown). Source: FCC 47 CFR 2.106 / ITU Radio Regulations 2016
0.095000,0.100000,USA,USA,MOBILE,PRIMARY,,5.554 US342,"GPS receivers, GNSS devices; Point-to-point microwave links, satellite earth stations; Radar systems, speed guns, weather radar; Radio telescopes, scientific receivers; Mobile phones, cellular base stations (2G/3G/4G/5G)",FCC 47 CFR 2.106 (Federal),EU/Europe follows ITU Region 1 (largely identical to Region 1/2 primary services shown). Source: FCC 47 CFR 2.106 / ITU Radio Regulations 2016
0.095000,0.100000,USA,USA,RADIO ASTRONOMY,PRIMARY,,5.554 US342,"GPS receivers, GNSS devices; Point-to-point microwave links, satellite earth stations; Radar systems, speed guns, weather radar; Radio telescopes, scientific receivers; Mobile phones, cellular base stations (2G/3G/4G/5G)",FCC 47 CFR 2.106 (Federal),EU/Europe follows ITU Region 1 (largely identical to Region 1/2 primary services shown). Source: FCC 47 CFR 2.106 / ITU Radio Regulations 2016
0.095000,0.100000,USA,USA,RADIOLOCATION,PRIMARY,,5.554 US342,"GPS receivers, GNSS devices; Point-to-point microwave links, satellite earth stations; Radar systems, speed guns, weather radar; Radio telescopes, scientific receivers; Mobile phones, cellular base stations (2G/3G/4G/5G)",FCC 47 CFR 2.106 (Federal),EU/Europe follows ITU Region 1 (largely identical to Region 1/2 primary services shown). Source: FCC 47 CFR 2.106 / ITU Radio Regulations 2016
0.095000,0.100000,USA,USA,RADIONAVIGATION,PRIMARY,,5.554 US342,"GPS receivers, GNSS devices; Point-to-point microwave links, satellite earth stations; Radar systems, speed guns, weather radar; Radio telescopes, scientific receivers; Mobile phones, cellular base stations (2G/3G/4G/5G)",FCC 47 CFR 2.106 (Federal),EU/Europe follows ITU Region 1 (largely identical to Region 1/2 primary services shown). Source: FCC 47 CFR 2.106 / ITU Radio Regulations 2016
0.095000,0.100000,USA,USA,RADIONAVIGATION-SATELLITE,PRIMARY,,5.554 US342,"GPS receivers, GNSS devices; Point-to-point microwave links, satellite earth stations; Radar systems, speed guns, weather radar; Radio telescopes, scientific receivers; Mobile phones, cellular base stations (2G/3G/4G/5G)",FCC 47 CFR 2.106 (Federal),EU/Europe follows ITU Region 1 (largely identical to Region 1/2 primary services shown). Source: FCC 47 CFR 2.106 / ITU Radio Regulations 2016
0.100000,0.102000,ITU,Region 1/2,EARTH EXPLORATION-SATELLITE (passive),Secondary,,,"Radio telescopes, scientific receivers; Satellite phones, VSAT terminals, satellite internet; Deep space probes, scientific satellites",ITU Radio Regulations,EU/Europe follows ITU Region 1 (largely identical to Region 1/2 primary services shown). Source: FCC 47 CFR 2.106 / ITU Radio Regulations 2016
0.100000,0.102000,ITU,Region 1/2,RADIO ASTRONOMY,PRIMARY,,US74,"Radio telescopes, scientific receivers; Satellite phones, VSAT terminals, satellite internet; Deep space probes, scientific satellites",ITU Radio Regulations,EU/Europe follows ITU Region 1 (largely identical to Region 1/2 primary services shown). Source: FCC 47 CFR 2.106 / ITU Radio Regulations 2016
0.100000,0.102000,ITU,Region 1/2,SPACE RESEARCH (passive),Secondary,,,"Radio telescopes, scientific receivers; Satellite phones, VSAT terminals, satellite internet; Deep space probes, scientific satellites",ITU Radio Regulations,EU/Europe follows ITU Region 1 (largely identical to Region 1/2 primary services shown). Source: FCC 47 CFR 2.106 / ITU Radio Regulations 2016
0.102000,0.105000,ITU,Region 1/2,FIXED,PRIMARY,,,"Radio telescopes, scientific receivers; Point-to-point microwave links, satellite earth stations; Mobile phones, cellular base stations (2G/3G/4G/5G)",ITU Radio Regulations,EU/Europe follows ITU Region 1 (largely identical to Region 1/2 primary services shown). Source: FCC 47 CFR 2.106 / ITU Radio Regulations 2016
0.102000,0.105000,ITU,Region 1/2,MOBILE,PRIMARY,,,"Radio telescopes, scientific receivers; Point-to-point microwave links, satellite earth stations; Mobile phones, cellular base stations (2G/3G/4G/5G)",ITU Radio Regulations,EU/Europe follows ITU Region 1 (largely identical to Region 1/2 primary services shown). Source: FCC 47 CFR 2.106 / ITU Radio Regulations 2016
0.102000,0.105000,ITU,Region 1/2,RADIO ASTRONOMY,PRIMARY,,,"Radio telescopes, scientific receivers; Point-to-point microwave links, satellite earth stations; Mobile phones, cellular base stations (2G/3G/4G/5G)",ITU Radio Regulations,EU/Europe follows ITU Region 1 (largely identical to Region 1/2 primary services shown). Source: FCC 47 CFR 2.106 / ITU Radio Regulations 2016
0.105000,0.109500,ITU,Region 1/2,FIXED,PRIMARY,,,"Radio telescopes, scientific receivers; Point-to-point microwave links, satellite earth stations; Mobile phones, cellular base stations (2G/3G/4G/5G); Deep space probes, scientific satellites",ITU Radio Regulations,EU/Europe follows ITU Region 1 (largely identical to Region 1/2 primary services shown). Source: FCC 47 CFR 2.106 / ITU Radio Regulations 2016
0.105000,0.109500,ITU,Region 1/2,MOBILE,PRIMARY,,,"Radio telescopes, scientific receivers; Point-to-point microwave links, satellite earth stations; Mobile phones, cellular base stations (2G/3G/4G/5G); Deep space probes, scientific satellites",ITU Radio Regulations,EU/Europe follows ITU Region 1 (largely identical to Region 1/2 primary services shown). Source: FCC 47 CFR 2.106 / ITU Radio Regulations 2016
0.105000,0.109500,ITU,Region 1/2,RADIO ASTRONOMY,PRIMARY,,,"Radio telescopes, scientific receivers; Point-to-point microwave links, satellite earth stations; Mobile phones, cellular base stations (2G/3G/4G/5G); Deep space probes, scientific satellites",ITU Radio Regulations,EU/Europe follows ITU Region 1 (largely identical to Region 1/2 primary services shown). Source: FCC 47 CFR 2.106 / ITU Radio Regulations 2016
0.105000,0.109500,ITU,Region 1/2,SPACE RESEARCH (passive),Secondary,,5.562B,"Radio telescopes, scientific receivers; Point-to-point microwave links, satellite earth stations; Mobile phones, cellular base stations (2G/3G/4G/5G); Deep space probes, scientific satellites",ITU Radio Regulations,EU/Europe follows ITU Region 1 (largely identical to Region 1/2 primary services shown). Source: FCC 47 CFR 2.106 / ITU Radio Regulations 2016
0.108000,0.118000,USA,USA,AERONAUTICAL RADIONAVIGATION,PRIMARY,,5.197A US93,"ILS, VOR, DME, TACAN, instrument landing systems",FCC 47 CFR 2.106 (Federal),EU/Europe follows ITU Region 1 (largely identical to Region 1/2 primary services shown). Source: FCC 47 CFR 2.106 / ITU Radio Regulations 2016
0.109500,0.111800,ITU,Region 1/2,EARTH EXPLORATION-SATELLITE (passive),Secondary,,,"Radio telescopes, scientific receivers; Satellite phones, VSAT terminals, satellite internet; Deep space probes, scientific satellites",ITU Radio Regulations,EU/Europe follows ITU Region 1 (largely identical to Region 1/2 primary services shown). Source: FCC 47 CFR 2.106 / ITU Radio Regulations 2016
0.109500,0.111800,ITU,Region 1/2,RADIO ASTRONOMY,PRIMARY,,US74,"Radio telescopes, scientific receivers; Satellite phones, VSAT terminals, satellite internet; Deep space probes, scientific satellites",ITU Radio Regulations,EU/Europe follows ITU Region 1 (largely identical to Region 1/2 primary services shown). Source: FCC 47 CFR 2.106 / ITU Radio Regulations 2016
0.109500,0.111800,ITU,Region 1/2,SPACE RESEARCH (passive),Secondary,,,"Radio telescopes, scientific receivers; Satellite phones, VSAT terminals, satellite internet; Deep space probes, scientific satellites",ITU Radio Regulations,EU/Europe follows ITU Region 1 (largely identical to Region 1/2 primary services shown). Source: FCC 47 CFR 2.106 / ITU Radio Regulations 2016
0.110000,0.130000,ITU,Region 1/2,FIXED,PRIMARY,,,"GPS receivers, GNSS devices; Point-to-point microwave links, satellite earth stations; Radar systems, speed guns, weather radar; Mobile phones, cellular base stations (2G/3G/4G/5G)",ITU Radio Regulations,EU/Europe follows ITU Region 1 (largely identical to Region 1/2 primary services shown). Source: FCC 47 CFR 2.106 / ITU Radio Regulations 2016
0.110000,0.130000,ITU,Region 1/2,MARITIME MOBILE,PRIMARY,,,"GPS receivers, GNSS devices; Point-to-point microwave links, satellite earth stations; Radar systems, speed guns, weather radar; Mobile phones, cellular base stations (2G/3G/4G/5G)",ITU Radio Regulations,EU/Europe follows ITU Region 1 (largely identical to Region 1/2 primary services shown). Source: FCC 47 CFR 2.106 / ITU Radio Regulations 2016
0.110000,0.130000,ITU,Region 1/2,MARITIME RADIONAVIGATION,PRIMARY,,,"GPS receivers, GNSS devices; Point-to-point microwave links, satellite earth stations; Radar systems, speed guns, weather radar; Mobile phones, cellular base stations (2G/3G/4G/5G)",ITU Radio Regulations,EU/Europe follows ITU Region 1 (largely identical to Region 1/2 primary services shown). Source: FCC 47 CFR 2.106 / ITU Radio Regulations 2016
0.110000,0.130000,ITU,Region 1/2,Radiolocation,Secondary,,,"GPS receivers, GNSS devices; Point-to-point microwave links, satellite earth stations; Radar systems, speed guns, weather radar; Mobile phones, cellular base stations (2G/3G/4G/5G)",ITU Radio Regulations,EU/Europe follows ITU Region 1 (largely identical to Region 1/2 primary services shown). Source: FCC 47 CFR 2.106 / ITU Radio Regulations 2016
0.110000,0.130000,ITU,Region 3,FIXED,PRIMARY,,,"GPS receivers, GNSS devices; Point-to-point microwave links, satellite earth stations; Radar systems, speed guns, weather radar; Mobile phones, cellular base stations (2G/3G/4G/5G)",ITU Radio Regulations,EU/Europe follows ITU Region 1 (largely identical to Region 1/2 primary services shown). Source: FCC 47 CFR 2.106 / ITU Radio Regulations 2016
0.110000,0.130000,ITU,Region 3,MARITIME MOBILE,PRIMARY,,,"GPS receivers, GNSS devices; Point-to-point microwave links, satellite earth stations; Radar systems, speed guns, weather radar; Mobile phones, cellular base stations (2G/3G/4G/5G)",ITU Radio Regulations,EU/Europe follows ITU Region 1 (largely identical to Region 1/2 primary services shown). Source: FCC 47 CFR 2.106 / ITU Radio Regulations 2016
0.110000,0.130000,ITU,Region 3,RADIONAVIGATION,PRIMARY,,5.60,"GPS receivers, GNSS devices; Point-to-point microwave links, satellite earth stations; Radar systems, speed guns, weather radar; Mobile phones, cellular base stations (2G/3G/4G/5G)",ITU Radio Regulations,EU/Europe follows ITU Region 1 (largely identical to Region 1/2 primary services shown). Source: FCC 47 CFR 2.106 / ITU Radio Regulations 2016
0.110000,0.130000,USA,USA,FIXED,PRIMARY,,5.64 US2,"GPS receivers, GNSS devices; Point-to-point microwave links, satellite earth stations; Radar systems, speed guns, weather radar; Mobile phones, cellular base stations (2G/3G/4G/5G)",FCC 47 CFR 2.106 (Federal),EU/Europe follows ITU Region 1 (largely identical to Region 1/2 primary services shown). Source: FCC 47 CFR 2.106 / ITU Radio Regulations 2016
0.110000,0.130000,USA,USA,MARITIME MOBILE,PRIMARY,,5.64 US2,"GPS receivers, GNSS devices; Point-to-point microwave links, satellite earth stations; Radar systems, speed guns, weather radar; Mobile phones, cellular base stations (2G/3G/4G/5G)",FCC 47 CFR 2.106 (Federal),EU/Europe follows ITU Region 1 (largely identical to Region 1/2 primary services shown). Source: FCC 47 CFR 2.106 / ITU Radio Regulations 2016
0.110000,0.130000,USA,USA,Radiolocation,Secondary,,5.64 US2,"GPS receivers, GNSS devices; Point-to-point microwave links, satellite earth stations; Radar systems, speed guns, weather radar; Mobile phones, cellular base stations (2G/3G/4G/5G)",FCC 47 CFR 2.106 (Federal),EU/Europe follows ITU Region 1 (largely identical to Region 1/2 primary services shown). Source: FCC 47 CFR 2.106 / ITU Radio Regulations 2016
0.111800,0.114300,ITU,Region 1/2,FIXED,PRIMARY,,,"Radio telescopes, scientific receivers; Point-to-point microwave links, satellite earth stations; Mobile phones, cellular base stations (2G/3G/4G/5G); Deep space probes, scientific satellites",ITU Radio Regulations,EU/Europe follows ITU Region 1 (largely identical to Region 1/2 primary services shown). Source: FCC 47 CFR 2.106 / ITU Radio Regulations 2016
0.111800,0.114300,ITU,Region 1/2,MOBILE,PRIMARY,,,"Radio telescopes, scientific receivers; Point-to-point microwave links, satellite earth stations; Mobile phones, cellular base stations (2G/3G/4G/5G); Deep space probes, scientific satellites",ITU Radio Regulations,EU/Europe follows ITU Region 1 (largely identical to Region 1/2 primary services shown). Source: FCC 47 CFR 2.106 / ITU Radio Regulations 2016
0.111800,0.114300,ITU,Region 1/2,RADIO ASTRONOMY,PRIMARY,,,"Radio telescopes, scientific receivers; Point-to-point microwave links, satellite earth stations; Mobile phones, cellular base stations (2G/3G/4G/5G); Deep space probes, scientific satellites",ITU Radio Regulations,EU/Europe follows ITU Region 1 (largely identical to Region 1/2 primary services shown). Source: FCC 47 CFR 2.106 / ITU Radio Regulations 2016
0.111800,0.114300,ITU,Region 1/2,SPACE RESEARCH (passive),Secondary,,5.562B,"Radio telescopes, scientific receivers; Point-to-point microwave links, satellite earth stations; Mobile phones, cellular base stations (2G/3G/4G/5G); Deep space probes, scientific satellites",ITU Radio Regulations,EU/Europe follows ITU Region 1 (largely identical to Region 1/2 primary services shown). Source: FCC 47 CFR 2.106 / ITU Radio Regulations 2016
0.114300,0.116000,ITU,Region 1/2,EARTH EXPLORATION-SATELLITE (passive),Secondary,,,"Radio telescopes, scientific receivers; Satellite phones, VSAT terminals, satellite internet; Deep space probes, scientific satellites",ITU Radio Regulations,EU/Europe follows ITU Region 1 (largely identical to Region 1/2 primary services shown). Source: FCC 47 CFR 2.106 / ITU Radio Regulations 2016
0.114300,0.116000,ITU,Region 1/2,RADIO ASTRONOMY,PRIMARY,,US74,"Radio telescopes, scientific receivers; Satellite phones, VSAT terminals, satellite internet; Deep space probes, scientific satellites",ITU Radio Regulations,EU/Europe follows ITU Region 1 (largely identical to Region 1/2 primary services shown). Source: FCC 47 CFR 2.106 / ITU Radio Regulations 2016
0.114300,0.116000,ITU,Region 1/2,SPACE RESEARCH (passive),Secondary,,,"Radio telescopes, scientific receivers; Satellite phones, VSAT terminals, satellite internet; Deep space probes, scientific satellites",ITU Radio Regulations,EU/Europe follows ITU Region 1 (largely identical to Region 1/2 primary services shown). Source: FCC 47 CFR 2.106 / ITU Radio Regulations 2016
0.116000,0.122200,ITU,Region 1/2,EARTH EXPLORATION-SATELLITE (passive),Secondary,,,"Satellite phones, VSAT terminals, satellite internet; Deep space probes, scientific satellites",ITU Radio Regulations,EU/Europe follows ITU Region 1 (largely identical to Region 1/2 primary services shown). Source: FCC 47 CFR 2.106 / ITU Radio Regulations 2016
0.116000,0.122200,ITU,Region 1/2,INTER-SATELLITE,PRIMARY,,5.562C,"Satellite phones, VSAT terminals, satellite internet; Deep space probes, scientific satellites",ITU Radio Regulations,EU/Europe follows ITU Region 1 (largely identical to Region 1/2 primary services shown). Source: FCC 47 CFR 2.106 / ITU Radio Regulations 2016
0.116000,0.122200,ITU,Region 1/2,SPACE RESEARCH (passive),Secondary,,,"Satellite phones, VSAT terminals, satellite internet; Deep space probes, scientific satellites",ITU Radio Regulations,EU/Europe follows ITU Region 1 (largely identical to Region 1/2 primary services shown). Source: FCC 47 CFR 2.106 / ITU Radio Regulations 2016
0.118000,0.121900,USA,USA,AERONAUTICAL MOBILE (R),PRIMARY,,5.111 5.200 US26 US28 US36,"Mobile phones, cellular base stations (2G/3G/4G/5G)",FCC 47 CFR 2.106 (Federal),EU/Europe follows ITU Region 1 (largely identical to Region 1/2 primary services shown). Source: FCC 47 CFR 2.106 / ITU Radio Regulations 2016
0.121900,0.123100,USA,USA,AERONAUTICAL MOBILE,PRIMARY,,US30 US31 US33 US80 US102 US213,"Mobile phones, cellular base stations (2G/3G/4G/5G)",FCC 47 CFR 2.106 (Non-Fed),EU/Europe follows ITU Region 1 (largely identical to Region 1/2 primary services shown). Source: FCC 47 CFR 2.106 / ITU Radio Regulations 2016
0.122200,0.123000,ITU,Region 1/2,FIXED,PRIMARY,,,"Point-to-point microwave links, satellite earth stations; Satellite phones, VSAT terminals, satellite internet; Mobile phones, cellular base stations (2G/3G/4G/5G)",ITU Radio Regulations,EU/Europe follows ITU Region 1 (largely identical to Region 1/2 primary services shown). Source: FCC 47 CFR 2.106 / ITU Radio Regulations 2016
0.122200,0.123000,ITU,Region 1/2,INTER-SATELLITE,PRIMARY,,,"Point-to-point microwave links, satellite earth stations; Satellite phones, VSAT terminals, satellite internet; Mobile phones, cellular base stations (2G/3G/4G/5G)",ITU Radio Regulations,EU/Europe follows ITU Region 1 (largely identical to Region 1/2 primary services shown). Source: FCC 47 CFR 2.106 / ITU Radio Regulations 2016
0.122200,0.123000,ITU,Region 1/2,MOBILE,PRIMARY,,5.558,"Point-to-point microwave links, satellite earth stations; Satellite phones, VSAT terminals, satellite internet; Mobile phones, cellular base stations (2G/3G/4G/5G)",ITU Radio Regulations,EU/Europe follows ITU Region 1 (largely identical to Region 1/2 primary services shown). Source: FCC 47 CFR 2.106 / ITU Radio Regulations 2016
0.122200,0.123000,ITU,Region 3,FIXED,PRIMARY,,,"Point-to-point microwave links, satellite earth stations; Satellite phones, VSAT terminals, satellite internet; Mobile phones, cellular base stations (2G/3G/4G/5G)",ITU Radio Regulations,EU/Europe follows ITU Region 1 (largely identical to Region 1/2 primary services shown). Source: FCC 47 CFR 2.106 / ITU Radio Regulations 2016
0.122200,0.123000,ITU,Region 3,INTER-SATELLITE,PRIMARY,,,"Point-to-point microwave links, satellite earth stations; Satellite phones, VSAT terminals, satellite internet; Mobile phones, cellular base stations (2G/3G/4G/5G)",ITU Radio Regulations,EU/Europe follows ITU Region 1 (largely identical to Region 1/2 primary services shown). Source: FCC 47 CFR 2.106 / ITU Radio Regulations 2016
0.122200,0.123000,ITU,Region 3,MOBILE,PRIMARY,,5.558,"Point-to-point microwave links, satellite earth stations; Satellite phones, VSAT terminals, satellite internet; Mobile phones, cellular base stations (2G/3G/4G/5G)",ITU Radio Regulations,EU/Europe follows ITU Region 1 (largely identical to Region 1/2 primary services shown). Source: FCC 47 CFR 2.106 / ITU Radio Regulations 2016
0.122200,0.123000,ITU,Region 3,Amateur,Secondary,,,"Point-to-point microwave links, satellite earth stations; Satellite phones, VSAT terminals, satellite internet; Mobile phones, cellular base stations (2G/3G/4G/5G)",ITU Radio Regulations,EU/Europe follows ITU Region 1 (largely identical to Region 1/2 primary services shown). Source: FCC 47 CFR 2.106 / ITU Radio Regulations 2016
0.123000,0.130000,USA,USA,FIXED-SATELLITE (space-to-Earth),Secondary,,5.554 US211 US342,"Radio telescopes, scientific receivers; GPS receivers, GNSS devices; Point-to-point microwave links, satellite earth stations; Mobile phones, cellular base stations (2G/3G/4G/5G)",FCC 47 CFR 2.106 (Federal),EU/Europe follows ITU Region 1 (largely identical to Region 1/2 primary services shown). Source: FCC 47 CFR 2.106 / ITU Radio Regulations 2016
0.123000,0.130000,USA,USA,MOBILE-SATELLITE (space-to-Earth),Secondary,,5.554 US211 US342,"Radio telescopes, scientific receivers; GPS receivers, GNSS devices; Point-to-point microwave links, satellite earth stations; Mobile phones, cellular base stations (2G/3G/4G/5G)",FCC 47 CFR 2.106 (Federal),EU/Europe follows ITU Region 1 (largely identical to Region 1/2 primary services shown). Source: FCC 47 CFR 2.106 / ITU Radio Regulations 2016
0.123000,0.130000,USA,USA,RADIONAVIGATION,PRIMARY,,5.554 US211 US342,"Radio telescopes, scientific receivers; GPS receivers, GNSS devices; Point-to-point microwave links, satellite earth stations; Mobile phones, cellular base stations (2G/3G/4G/5G)",FCC 47 CFR 2.106 (Federal),EU/Europe follows ITU Region 1 (largely identical to Region 1/2 primary services shown). Source: FCC 47 CFR 2.106 / ITU Radio Regulations 2016
0.123000,0.130000,USA,USA,RADIONAVIGATION-SATELLITE,PRIMARY,,5.554 US211 US342,"Radio telescopes, scientific receivers; GPS receivers, GNSS devices; Point-to-point microwave links, satellite earth stations; Mobile phones, cellular base stations (2G/3G/4G/5G)",FCC 47 CFR 2.106 (Federal),EU/Europe follows ITU Region 1 (largely identical to Region 1/2 primary services shown). Source: FCC 47 CFR 2.106 / ITU Radio Regulations 2016
0.123000,0.130000,USA,USA,Radio astronomy,Secondary,,5.554 US211 US342,"Radio telescopes, scientific receivers; GPS receivers, GNSS devices; Point-to-point microwave links, satellite earth stations; Mobile phones, cellular base stations (2G/3G/4G/5G)",FCC 47 CFR 2.106 (Federal),EU/Europe follows ITU Region 1 (largely identical to Region 1/2 primary services shown). Source: FCC 47 CFR 2.106 / ITU Radio Regulations 2016
0.123100,0.123600,USA,USA,AERONAUTICAL MOBILE,PRIMARY,,5.200 US32 US33 US112,"Mobile phones, cellular base stations (2G/3G/4G/5G)",FCC 47 CFR 2.106 (Federal),EU/Europe follows ITU Region 1 (largely identical to Region 1/2 primary services shown). Source: FCC 47 CFR 2.106 / ITU Radio Regulations 2016
0.123600,0.128800,USA,USA,AERONAUTICAL MOBILE (R),PRIMARY,,US26 US36,"Mobile phones, cellular base stations (2G/3G/4G/5G)",FCC 47 CFR 2.106 (Federal),EU/Europe follows ITU Region 1 (largely identical to Region 1/2 primary services shown). Source: FCC 47 CFR 2.106 / ITU Radio Regulations 2016
0.128800,0.132000,USA,USA,AERONAUTICAL MOBILE (R),PRIMARY,,,"Mobile phones, cellular base stations (2G/3G/4G/5G)",FCC 47 CFR 2.106 (Non-Fed),EU/Europe follows ITU Region 1 (largely identical to Region 1/2 primary services shown). Source: FCC 47 CFR 2.106 / ITU Radio Regulations 2016
0.130000,0.135700,ITU,Region 1/2,FIXED,PRIMARY,,,"Point-to-point microwave links, satellite earth stations; Mobile phones, cellular base stations (2G/3G/4G/5G)",ITU Radio Regulations,EU/Europe follows ITU Region 1 (largely identical to Region 1/2 primary services shown). Source: FCC 47 CFR 2.106 / ITU Radio Regulations 2016
0.130000,0.135700,ITU,Region 1/2,MARITIME MOBILE,PRIMARY,,,"Point-to-point microwave links, satellite earth stations; Mobile phones, cellular base stations (2G/3G/4G/5G)",ITU Radio Regulations,EU/Europe follows ITU Region 1 (largely identical to Region 1/2 primary services shown). Source: FCC 47 CFR 2.106 / ITU Radio Regulations 2016
0.130000,0.135700,ITU,Region 3,FIXED,PRIMARY,,,"Point-to-point microwave links, satellite earth stations; Mobile phones, cellular base stations (2G/3G/4G/5G)",ITU Radio Regulations,EU/Europe follows ITU Region 1 (largely identical to Region 1/2 primary services shown). Source: FCC 47 CFR 2.106 / ITU Radio Regulations 2016
0.130000,0.135700,ITU,Region 3,MARITIME MOBILE,PRIMARY,,,"Point-to-point microwave links, satellite earth stations; Mobile phones, cellular base stations (2G/3G/4G/5G)",ITU Radio Regulations,EU/Europe follows ITU Region 1 (largely identical to Region 1/2 primary services shown). Source: FCC 47 CFR 2.106 / ITU Radio Regulations 2016
0.130000,0.135700,ITU,Region 3,RADIONAVIGATION,PRIMARY,,,"Point-to-point microwave links, satellite earth stations; Mobile phones, cellular base stations (2G/3G/4G/5G)",ITU Radio Regulations,EU/Europe follows ITU Region 1 (largely identical to Region 1/2 primary services shown). Source: FCC 47 CFR 2.106 / ITU Radio Regulations 2016
0.130000,0.135700,USA,USA,FIXED,PRIMARY,,5.64 US2,"Point-to-point microwave links, satellite earth stations; Mobile phones, cellular base stations (2G/3G/4G/5G)",FCC 47 CFR 2.106 (Federal),EU/Europe follows ITU Region 1 (largely identical to Region 1/2 primary services shown). Source: FCC 47 CFR 2.106 / ITU Radio Regulations 2016
0.130000,0.135700,USA,USA,MARITIME MOBILE,PRIMARY,,5.64 US2,"Point-to-point microwave links, satellite earth stations; Mobile phones, cellular base stations (2G/3G/4G/5G)",FCC 47 CFR 2.106 (Federal),EU/Europe follows ITU Region 1 (largely identical to Region 1/2 primary services shown). Source: FCC 47 CFR 2.106 / ITU Radio Regulations 2016
0.130000,0.134000,USA,USA,EARTH EXPLORATION-SATELLITE (active),Secondary,,5.562E 5.562A US342,"Radio telescopes, scientific receivers; Point-to-point microwave links, satellite earth stations; Satellite phones, VSAT terminals, satellite internet; Mobile phones, cellular base stations (2G/3G/4G/5G)",FCC 47 CFR 2.106 (Federal),EU/Europe follows ITU Region 1 (largely identical to Region 1/2 primary services shown). Source: FCC 47 CFR 2.106 / ITU Radio Regulations 2016
0.130000,0.134000,USA,USA,FIXED,PRIMARY,,5.562A US342,"Radio telescopes, scientific receivers; Point-to-point microwave links, satellite earth stations; Satellite phones, VSAT terminals, satellite internet; Mobile phones, cellular base stations (2G/3G/4G/5G)",FCC 47 CFR 2.106 (Federal),EU/Europe follows ITU Region 1 (largely identical to Region 1/2 primary services shown). Source: FCC 47 CFR 2.106 / ITU Radio Regulations 2016
0.130000,0.134000,USA,USA,INTER-SATELLITE,PRIMARY,,5.562A US342,"Radio telescopes, scientific receivers; Point-to-point microwave links, satellite earth stations; Satellite phones, VSAT terminals, satellite internet; Mobile phones, cellular base stations (2G/3G/4G/5G)",FCC 47 CFR 2.106 (Federal),EU/Europe follows ITU Region 1 (largely identical to Region 1/2 primary services shown). Source: FCC 47 CFR 2.106 / ITU Radio Regulations 2016
0.130000,0.134000,USA,USA,MOBILE,PRIMARY,,5.558 5.562A US342,"Radio telescopes, scientific receivers; Point-to-point microwave links, satellite earth stations; Satellite phones, VSAT terminals, satellite internet; Mobile phones, cellular base stations (2G/3G/4G/5G)",FCC 47 CFR 2.106 (Federal),EU/Europe follows ITU Region 1 (largely identical to Region 1/2 primary services shown). Source: FCC 47 CFR 2.106 / ITU Radio Regulations 2016
0.130000,0.134000,USA,USA,RADIO ASTRONOMY,PRIMARY,,5.562A US342,"Radio telescopes, scientific receivers; Point-to-point microwave links, satellite earth stations; Satellite phones, VSAT terminals, satellite internet; Mobile phones, cellular base stations (2G/3G/4G/5G)",FCC 47 CFR 2.106 (Federal),EU/Europe follows ITU Region 1 (largely identical to Region 1/2 primary services shown). Source: FCC 47 CFR 2.106 / ITU Radio Regulations 2016
0.132000,0.136000,USA,USA,AERONAUTICAL MOBILE (R),PRIMARY,,US26,"Mobile phones, cellular base stations (2G/3G/4G/5G)",FCC 47 CFR 2.106 (Federal),EU/Europe follows ITU Region 1 (largely identical to Region 1/2 primary services shown). Source: FCC 47 CFR 2.106 / ITU Radio Regulations 2016
0.134000,0.136000,USA,USA,Radio astronomy,Secondary,,,"Radio telescopes, scientific receivers; Ham radio transceivers, SDR receivers",FCC 47 CFR 2.106 (Federal),EU/Europe follows ITU Region 1 (largely identical to Region 1/2 primary services shown). Source: FCC 47 CFR 2.106 / ITU Radio Regulations 2016
0.134000,0.136000,USA,USA,AMATEUR,PRIMARY,,,"Radio telescopes, scientific receivers; Ham radio transceivers, SDR receivers",FCC 47 CFR 2.106 (Non-Fed),EU/Europe follows ITU Region 1 (largely identical to Region 1/2 primary services shown). Source: FCC 47 CFR 2.106 / ITU Radio Regulations 2016
0.134000,0.136000,USA,USA,AMATEUR-SATELLITE,PRIMARY,,,"Radio telescopes, scientific receivers; Ham radio transceivers, SDR receivers",FCC 47 CFR 2.106 (Non-Fed),EU/Europe follows ITU Region 1 (largely identical to Region 1/2 primary services shown). Source: FCC 47 CFR 2.106 / ITU Radio Regulations 2016
0.134000,0.136000,USA,USA,Radio astronomy,Secondary,,,"Radio telescopes, scientific receivers; Ham radio transceivers, SDR receivers",FCC 47 CFR 2.106 (Non-Fed),EU/Europe follows ITU Region 1 (largely identical to Region 1/2 primary services shown). Source: FCC 47 CFR 2.106 / ITU Radio Regulations 2016
0.135700,0.137800,ITU,Region 1/2,FIXED,PRIMARY,,,"Ham radio transceivers, SDR receivers; Point-to-point microwave links, satellite earth stations; Mobile phones, cellular base stations (2G/3G/4G/5G)",ITU Radio Regulations,EU/Europe follows ITU Region 1 (largely identical to Region 1/2 primary services shown). Source: FCC 47 CFR 2.106 / ITU Radio Regulations 2016
0.135700,0.137800,ITU,Region 1/2,MARITIME MOBILE,PRIMARY,,,"Ham radio transceivers, SDR receivers; Point-to-point microwave links, satellite earth stations; Mobile phones, cellular base stations (2G/3G/4G/5G)",ITU Radio Regulations,EU/Europe follows ITU Region 1 (largely identical to Region 1/2 primary services shown). Source: FCC 47 CFR 2.106 / ITU Radio Regulations 2016
0.135700,0.137800,ITU,Region 1/2,Amateur,Secondary,,5.67A,"Ham radio transceivers, SDR receivers; Point-to-point microwave links, satellite earth stations; Mobile phones, cellular base stations (2G/3G/4G/5G)",ITU Radio Regulations,EU/Europe follows ITU Region 1 (largely identical to Region 1/2 primary services shown). Source: FCC 47 CFR 2.106 / ITU Radio Regulations 2016
0.135700,0.137800,ITU,Region 3,FIXED,PRIMARY,,,"Ham radio transceivers, SDR receivers; Point-to-point microwave links, satellite earth stations; Mobile phones, cellular base stations (2G/3G/4G/5G)",ITU Radio Regulations,EU/Europe follows ITU Region 1 (largely identical to Region 1/2 primary services shown). Source: FCC 47 CFR 2.106 / ITU Radio Regulations 2016
0.135700,0.137800,ITU,Region 3,MARITIME MOBILE,PRIMARY,,,"Ham radio transceivers, SDR receivers; Point-to-point microwave links, satellite earth stations; Mobile phones, cellular base stations (2G/3G/4G/5G)",ITU Radio Regulations,EU/Europe follows ITU Region 1 (largely identical to Region 1/2 primary services shown). Source: FCC 47 CFR 2.106 / ITU Radio Regulations 2016
0.135700,0.137800,ITU,Region 3,RADIONAVIGATION,PRIMARY,,,"Ham radio transceivers, SDR receivers; Point-to-point microwave links, satellite earth stations; Mobile phones, cellular base stations (2G/3G/4G/5G)",ITU Radio Regulations,EU/Europe follows ITU Region 1 (largely identical to Region 1/2 primary services shown). Source: FCC 47 CFR 2.106 / ITU Radio Regulations 2016
0.135700,0.137800,ITU,Region 3,Amateur,Secondary,,5.67A,"Ham radio transceivers, SDR receivers; Point-to-point microwave links, satellite earth stations; Mobile phones, cellular base stations (2G/3G/4G/5G)",ITU Radio Regulations,EU/Europe follows ITU Region 1 (largely identical to Region 1/2 primary services shown). Source: FCC 47 CFR 2.106 / ITU Radio Regulations 2016
0.135700,0.137800,USA,USA,FIXED,PRIMARY,,5.64 US2,"Ham radio transceivers, SDR receivers; Point-to-point microwave links, satellite earth stations; Mobile phones, cellular base stations (2G/3G/4G/5G)",FCC 47 CFR 2.106 (Federal),EU/Europe follows ITU Region 1 (largely identical to Region 1/2 primary services shown). Source: FCC 47 CFR 2.106 / ITU Radio Regulations 2016
0.135700,0.137800,USA,USA,MARITIME MOBILE,PRIMARY,,5.64 US2,"Ham radio transceivers, SDR receivers; Point-to-point microwave links, satellite earth stations; Mobile phones, cellular base stations (2G/3G/4G/5G)",FCC 47 CFR 2.106 (Federal),EU/Europe follows ITU Region 1 (largely identical to Region 1/2 primary services shown). Source: FCC 47 CFR 2.106 / ITU Radio Regulations 2016
0.135700,0.137800,USA,USA,Amateur,Secondary,,5.67A US2,"Ham radio transceivers, SDR receivers; Point-to-point microwave links, satellite earth stations; Mobile phones, cellular base stations (2G/3G/4G/5G)",FCC 47 CFR 2.106 (Non-Fed),EU/Europe follows ITU Region 1 (largely identical to Region 1/2 primary services shown). Source: FCC 47 CFR 2.106 / ITU Radio Regulations 2016
0.136000,0.137000,USA,USA,AERONAUTICAL MOBILE (R),PRIMARY,,US244,"Mobile phones, cellular base stations (2G/3G/4G/5G)",FCC 47 CFR 2.106 (Non-Fed),EU/Europe follows ITU Region 1 (largely identical to Region 1/2 primary services shown). Source: FCC 47 CFR 2.106 / ITU Radio Regulations 2016
0.136000,0.141000,USA,USA,RADIO ASTRONOMY,PRIMARY,,US342,"Radio telescopes, scientific receivers; Ham radio transceivers, SDR receivers; Radar systems, speed guns, weather radar",FCC 47 CFR 2.106 (Federal),EU/Europe follows ITU Region 1 (largely identical to Region 1/2 primary services shown). Source: FCC 47 CFR 2.106 / ITU Radio Regulations 2016
0.136000,0.141000,USA,USA,RADIOLOCATION,PRIMARY,,US342,"Radio telescopes, scientific receivers; Ham radio transceivers, SDR receivers; Radar systems, speed guns, weather radar",FCC 47 CFR 2.106 (Federal),EU/Europe follows ITU Region 1 (largely identical to Region 1/2 primary services shown). Source: FCC 47 CFR 2.106 / ITU Radio Regulations 2016
0.136000,0.141000,USA,USA,RADIO ASTRONOMY,PRIMARY,,US342,"Radio telescopes, scientific receivers; Ham radio transceivers, SDR receivers; Radar systems, speed guns, weather radar",FCC 47 CFR 2.106 (Non-Fed),EU/Europe follows ITU Region 1 (largely identical to Region 1/2 primary services shown). Source: FCC 47 CFR 2.106 / ITU Radio Regulations 2016
0.136000,0.141000,USA,USA,RADIOLOCATION,PRIMARY,,US342,"Radio telescopes, scientific receivers; Ham radio transceivers, SDR receivers; Radar systems, speed guns, weather radar",FCC 47 CFR 2.106 (Non-Fed),EU/Europe follows ITU Region 1 (largely identical to Region 1/2 primary services shown). Source: FCC 47 CFR 2.106 / ITU Radio Regulations 2016
0.136000,0.141000,USA,USA,Amateur,Secondary,,US342,"Radio telescopes, scientific receivers; Ham radio transceivers, SDR receivers; Radar systems, speed guns, weather radar",FCC 47 CFR 2.106 (Non-Fed),EU/Europe follows ITU Region 1 (largely identical to Region 1/2 primary services shown). Source: FCC 47 CFR 2.106 / ITU Radio Regulations 2016
0.136000,0.141000,USA,USA,Amateur-satellite,Secondary,,US342,"Radio telescopes, scientific receivers; Ham radio transceivers, SDR receivers; Radar systems, speed guns, weather radar",FCC 47 CFR 2.106 (Non-Fed),EU/Europe follows ITU Region 1 (largely identical to Region 1/2 primary services shown). Source: FCC 47 CFR 2.106 / ITU Radio Regulations 2016
0.137000,0.137000,USA,USA,SPACE OPERATION (space-to-Earth),Secondary,,5.208,"Satellite phones, VSAT terminals, satellite internet; Mobile phones, cellular base stations (2G/3G/4G/5G); Deep space probes, scientific satellites",FCC 47 CFR 2.106 (Federal),EU/Europe follows ITU Region 1 (largely identical to Region 1/2 primary services shown). Source: FCC 47 CFR 2.106 / ITU Radio Regulations 2016
0.137000,0.137000,USA,USA,METEOROLOGICAL-SATELLITE (space-to-Earth),Secondary,,5.208,"Satellite phones, VSAT terminals, satellite internet; Mobile phones, cellular base stations (2G/3G/4G/5G); Deep space probes, scientific satellites",FCC 47 CFR 2.106 (Federal),EU/Europe follows ITU Region 1 (largely identical to Region 1/2 primary services shown). Source: FCC 47 CFR 2.106 / ITU Radio Regulations 2016
0.137000,0.137000,USA,USA,MOBILE-SATELLITE (space-to-Earth),Secondary,,US319 US320 5.208,"Satellite phones, VSAT terminals, satellite internet; Mobile phones, cellular base stations (2G/3G/4G/5G); Deep space probes, scientific satellites",FCC 47 CFR 2.106 (Federal),EU/Europe follows ITU Region 1 (largely identical to Region 1/2 primary services shown). Source: FCC 47 CFR 2.106 / ITU Radio Regulations 2016
0.137000,0.137000,USA,USA,SPACE RESEARCH (space-to-Earth),Secondary,,5.208,"Satellite phones, VSAT terminals, satellite internet; Mobile phones, cellular base stations (2G/3G/4G/5G); Deep space probes, scientific satellites",FCC 47 CFR 2.106 (Federal),EU/Europe follows ITU Region 1 (largely identical to Region 1/2 primary services shown). Source: FCC 47 CFR 2.106 / ITU Radio Regulations 2016
0.137000,0.137200,USA,USA,SPACE OPERATION (space-to-Earth),Secondary,,5.208,"Satellite phones, VSAT terminals, satellite internet; Mobile phones, cellular base stations (2G/3G/4G/5G); Deep space probes, scientific satellites",FCC 47 CFR 2.106 (Federal),EU/Europe follows ITU Region 1 (largely identical to Region 1/2 primary services shown). Source: FCC 47 CFR 2.106 / ITU Radio Regulations 2016
0.137000,0.137200,USA,USA,METEOROLOGICAL-SATELLITE (space-to-Earth),Secondary,,5.208,"Satellite phones, VSAT terminals, satellite internet; Mobile phones, cellular base stations (2G/3G/4G/5G); Deep space probes, scientific satellites",FCC 47 CFR 2.106 (Federal),EU/Europe follows ITU Region 1 (largely identical to Region 1/2 primary services shown). Source: FCC 47 CFR 2.106 / ITU Radio Regulations 2016
0.137000,0.137200,USA,USA,SPACE RESEARCH (space-to-Earth),Secondary,,5.208,"Satellite phones, VSAT terminals, satellite internet; Mobile phones, cellular base stations (2G/3G/4G/5G); Deep space probes, scientific satellites",FCC 47 CFR 2.106 (Federal),EU/Europe follows ITU Region 1 (largely identical to Region 1/2 primary services shown). Source: FCC 47 CFR 2.106 / ITU Radio Regulations 2016
0.137000,0.137200,USA,USA,Mobile-satellite (space-to-Earth),Secondary,,US319 US320 5.208,"Satellite phones, VSAT terminals, satellite internet; Mobile phones, cellular base stations (2G/3G/4G/5G); Deep space probes, scientific satellites",FCC 47 CFR 2.106 (Federal),EU/Europe follows ITU Region 1 (largely identical to Region 1/2 primary services shown). Source: FCC 47 CFR 2.106 / ITU Radio Regulations 2016
0.137200,0.137800,USA,USA,SPACE OPERATION (space-to-Earth),Secondary,,5.208,"Satellite phones, VSAT terminals, satellite internet; Mobile phones, cellular base stations (2G/3G/4G/5G); Deep space probes, scientific satellites",FCC 47 CFR 2.106 (Federal),EU/Europe follows ITU Region 1 (largely identical to Region 1/2 primary services shown). Source: FCC 47 CFR 2.106 / ITU Radio Regulations 2016
0.137200,0.137800,USA,USA,METEOROLOGICAL-SATELLITE (space-to-Earth),Secondary,,5.208,"Satellite phones, VSAT terminals, satellite internet; Mobile phones, cellular base stations (2G/3G/4G/5G); Deep space probes, scientific satellites",FCC 47 CFR 2.106 (Federal),EU/Europe follows ITU Region 1 (largely identical to Region 1/2 primary services shown). Source: FCC 47 CFR 2.106 / ITU Radio Regulations 2016
0.137200,0.137800,USA,USA,MOBILE-SATELLITE (space-to-Earth),Secondary,,US319 US320 5.208,"Satellite phones, VSAT terminals, satellite internet; Mobile phones, cellular base stations (2G/3G/4G/5G); Deep space probes, scientific satellites",FCC 47 CFR 2.106 (Federal),EU/Europe follows ITU Region 1 (largely identical to Region 1/2 primary services shown). Source: FCC 47 CFR 2.106 / ITU Radio Regulations 2016
0.137200,0.137800,USA,USA,SPACE RESEARCH (space-to-Earth),Secondary,,5.208,"Satellite phones, VSAT terminals, satellite internet; Mobile phones, cellular base stations (2G/3G/4G/5G); Deep space probes, scientific satellites",FCC 47 CFR 2.106 (Federal),EU/Europe follows ITU Region 1 (largely identical to Region 1/2 primary services shown). Source: FCC 47 CFR 2.106 / ITU Radio Regulations 2016
0.137800,0.160000,ITU,Region 1/2,FIXED,PRIMARY,,,"Point-to-point microwave links, satellite earth stations; Mobile phones, cellular base stations (2G/3G/4G/5G)",ITU Radio Regulations,EU/Europe follows ITU Region 1 (largely identical to Region 1/2 primary services shown). Source: FCC 47 CFR 2.106 / ITU Radio Regulations 2016
0.137800,0.160000,ITU,Region 1/2,MARITIME MOBILE,PRIMARY,,,"Point-to-point microwave links, satellite earth stations; Mobile phones, cellular base stations (2G/3G/4G/5G)",ITU Radio Regulations,EU/Europe follows ITU Region 1 (largely identical to Region 1/2 primary services shown). Source: FCC 47 CFR 2.106 / ITU Radio Regulations 2016
0.137800,0.160000,ITU,Region 3,FIXED,PRIMARY,,,"Point-to-point microwave links, satellite earth stations; Mobile phones, cellular base stations (2G/3G/4G/5G)",ITU Radio Regulations,EU/Europe follows ITU Region 1 (largely identical to Region 1/2 primary services shown). Source: FCC 47 CFR 2.106 / ITU Radio Regulations 2016
0.137800,0.160000,ITU,Region 3,MARITIME MOBILE,PRIMARY,,,"Point-to-point microwave links, satellite earth stations; Mobile phones, cellular base stations (2G/3G/4G/5G)",ITU Radio Regulations,EU/Europe follows ITU Region 1 (largely identical to Region 1/2 primary services shown). Source: FCC 47 CFR 2.106 / ITU Radio Regulations 2016
0.137800,0.160000,ITU,Region 3,RADIONAVIGATION,PRIMARY,,,"Point-to-point microwave links, satellite earth stations; Mobile phones, cellular base stations (2G/3G/4G/5G)",ITU Radio Regulations,EU/Europe follows ITU Region 1 (largely identical to Region 1/2 primary services shown). Source: FCC 47 CFR 2.106 / ITU Radio Regulations 2016
0.137800,0.160000,USA,USA,FIXED,PRIMARY,,5.64 US2,"Point-to-point microwave links, satellite earth stations; Mobile phones, cellular base stations (2G/3G/4G/5G)",FCC 47 CFR 2.106 (Federal),EU/Europe follows ITU Region 1 (largely identical to Region 1/2 primary services shown). Source: FCC 47 CFR 2.106 / ITU Radio Regulations 2016
0.137800,0.160000,USA,USA,MARITIME MOBILE,PRIMARY,,5.64 US2,"Point-to-point microwave links, satellite earth stations; Mobile phones, cellular base stations (2G/3G/4G/5G)",FCC 47 CFR 2.106 (Federal),EU/Europe follows ITU Region 1 (largely identical to Region 1/2 primary services shown). Source: FCC 47 CFR 2.106 / ITU Radio Regulations 2016
0.137800,0.138000,USA,USA,SPACE OPERATION (space-to-Earth),Secondary,,5.208,"Satellite phones, VSAT terminals, satellite internet; Mobile phones, cellular base stations (2G/3G/4G/5G); Deep space probes, scientific satellites",FCC 47 CFR 2.106 (Federal),EU/Europe follows ITU Region 1 (largely identical to Region 1/2 primary services shown). Source: FCC 47 CFR 2.106 / ITU Radio Regulations 2016
0.137800,0.138000,USA,USA,METEOROLOGICAL-SATELLITE (space-to-Earth),Secondary,,5.208,"Satellite phones, VSAT terminals, satellite internet; Mobile phones, cellular base stations (2G/3G/4G/5G); Deep space probes, scientific satellites",FCC 47 CFR 2.106 (Federal),EU/Europe follows ITU Region 1 (largely identical to Region 1/2 primary services shown). Source: FCC 47 CFR 2.106 / ITU Radio Regulations 2016
0.137800,0.138000,USA,USA,SPACE RESEARCH (space-to-Earth),Secondary,,5.208,"Satellite phones, VSAT terminals, satellite internet; Mobile phones, cellular base stations (2G/3G/4G/5G); Deep space probes, scientific satellites",FCC 47 CFR 2.106 (Federal),EU/Europe follows ITU Region 1 (largely identical to Region 1/2 primary services shown). Source: FCC 47 CFR 2.106 / ITU Radio Regulations 2016
0.137800,0.138000,USA,USA,Mobile-satellite (space-to-Earth),Secondary,,US319 US320 5.208,"Satellite phones, VSAT terminals, satellite internet; Mobile phones, cellular base stations (2G/3G/4G/5G); Deep space probes, scientific satellites",FCC 47 CFR 2.106 (Federal),EU/Europe follows ITU Region 1 (largely identical to Region 1/2 primary services shown). Source: FCC 47 CFR 2.106 / ITU Radio Regulations 2016
0.138000,0.143600,ITU,Region 1/2,FIXED,PRIMARY,,,"Radar systems, speed guns, weather radar; Point-to-point microwave links, satellite earth stations; Mobile phones, cellular base stations (2G/3G/4G/5G); Deep space probes, scientific satellites",ITU Radio Regulations,EU/Europe follows ITU Region 1 (largely identical to Region 1/2 primary services shown). Source: FCC 47 CFR 2.106 / ITU Radio Regulations 2016
0.138000,0.143600,ITU,Region 1/2,MOBILE,PRIMARY,,,"Radar systems, speed guns, weather radar; Point-to-point microwave links, satellite earth stations; Mobile phones, cellular base stations (2G/3G/4G/5G); Deep space probes, scientific satellites",ITU Radio Regulations,EU/Europe follows ITU Region 1 (largely identical to Region 1/2 primary services shown). Source: FCC 47 CFR 2.106 / ITU Radio Regulations 2016
0.138000,0.143600,ITU,Region 1/2,RADIOLOCATION,PRIMARY,,,"Radar systems, speed guns, weather radar; Point-to-point microwave links, satellite earth stations; Mobile phones, cellular base stations (2G/3G/4G/5G); Deep space probes, scientific satellites",ITU Radio Regulations,EU/Europe follows ITU Region 1 (largely identical to Region 1/2 primary services shown). Source: FCC 47 CFR 2.106 / ITU Radio Regulations 2016
0.138000,0.143600,ITU,Region 1/2,Space research (space-to-Earth),Secondary,,,"Radar systems, speed guns, weather radar; Point-to-point microwave links, satellite earth stations; Mobile phones, cellular base stations (2G/3G/4G/5G); Deep space probes, scientific satellites",ITU Radio Regulations,EU/Europe follows ITU Region 1 (largely identical to Region 1/2 primary services shown). Source: FCC 47 CFR 2.106 / ITU Radio Regulations 2016
0.138000,0.143600,ITU,Region 3,FIXED,PRIMARY,,,"Radar systems, speed guns, weather radar; Point-to-point microwave links, satellite earth stations; Mobile phones, cellular base stations (2G/3G/4G/5G); Deep space probes, scientific satellites",ITU Radio Regulations,EU/Europe follows ITU Region 1 (largely identical to Region 1/2 primary services shown). Source: FCC 47 CFR 2.106 / ITU Radio Regulations 2016
0.138000,0.143600,ITU,Region 3,MOBILE,PRIMARY,,,"Radar systems, speed guns, weather radar; Point-to-point microwave links, satellite earth stations; Mobile phones, cellular base stations (2G/3G/4G/5G); Deep space probes, scientific satellites",ITU Radio Regulations,EU/Europe follows ITU Region 1 (largely identical to Region 1/2 primary services shown). Source: FCC 47 CFR 2.106 / ITU Radio Regulations 2016
0.138000,0.143600,ITU,Region 3,Space research (space-to-Earth),Secondary,,,"Radar systems, speed guns, weather radar; Point-to-point microwave links, satellite earth stations; Mobile phones, cellular base stations (2G/3G/4G/5G); Deep space probes, scientific satellites",ITU Radio Regulations,EU/Europe follows ITU Region 1 (largely identical to Region 1/2 primary services shown). Source: FCC 47 CFR 2.106 / ITU Radio Regulations 2016
0.138000,0.143600,USA,USA,FIXED,PRIMARY,,G30,"Radar systems, speed guns, weather radar; Point-to-point microwave links, satellite earth stations; Mobile phones, cellular base stations (2G/3G/4G/5G); Deep space probes, scientific satellites",FCC 47 CFR 2.106 (Federal),EU/Europe follows ITU Region 1 (largely identical to Region 1/2 primary services shown). Source: FCC 47 CFR 2.106 / ITU Radio Regulations 2016
0.138000,0.143600,USA,USA,MOBILE,PRIMARY,,G30,"Radar systems, speed guns, weather radar; Point-to-point microwave links, satellite earth stations; Mobile phones, cellular base stations (2G/3G/4G/5G); Deep space probes, scientific satellites",FCC 47 CFR 2.106 (Federal),EU/Europe follows ITU Region 1 (largely identical to Region 1/2 primary services shown). Source: FCC 47 CFR 2.106 / ITU Radio Regulations 2016
0.141000,0.148500,USA,USA,FIXED,PRIMARY,,US342,"Radio telescopes, scientific receivers; Radar systems, speed guns, weather radar; Point-to-point microwave links, satellite earth stations; Mobile phones, cellular base stations (2G/3G/4G/5G)",FCC 47 CFR 2.106 (Federal),EU/Europe follows ITU Region 1 (largely identical to Region 1/2 primary services shown). Source: FCC 47 CFR 2.106 / ITU Radio Regulations 2016
0.141000,0.148500,USA,USA,MOBILE,PRIMARY,,US342,"Radio telescopes, scientific receivers; Radar systems, speed guns, weather radar; Point-to-point microwave links, satellite earth stations; Mobile phones, cellular base stations (2G/3G/4G/5G)",FCC 47 CFR 2.106 (Federal),EU/Europe follows ITU Region 1 (largely identical to Region 1/2 primary services shown). Source: FCC 47 CFR 2.106 / ITU Radio Regulations 2016
0.141000,0.148500,USA,USA,RADIO ASTRONOMY,PRIMARY,,US342,"Radio telescopes, scientific receivers; Radar systems, speed guns, weather radar; Point-to-point microwave links, satellite earth stations; Mobile phones, cellular base stations (2G/3G/4G/5G)",FCC 47 CFR 2.106 (Federal),EU/Europe follows ITU Region 1 (largely identical to Region 1/2 primary services shown). Source: FCC 47 CFR 2.106 / ITU Radio Regulations 2016
0.141000,0.148500,USA,USA,RADIOLOCATION,PRIMARY,,US342,"Radio telescopes, scientific receivers; Radar systems, speed guns, weather radar; Point-to-point microwave links, satellite earth stations; Mobile phones, cellular base stations (2G/3G/4G/5G)",FCC 47 CFR 2.106 (Federal),EU/Europe follows ITU Region 1 (largely identical to Region 1/2 primary services shown). Source: FCC 47 CFR 2.106 / ITU Radio Regulations 2016
0.143600,0.143600,ITU,Region 1/2,FIXED,PRIMARY,,,"Radar systems, speed guns, weather radar; Point-to-point microwave links, satellite earth stations; Mobile phones, cellular base stations (2G/3G/4G/5G)",ITU Radio Regulations,EU/Europe follows ITU Region 1 (largely identical to Region 1/2 primary services shown). Source: FCC 47 CFR 2.106 / ITU Radio Regulations 2016
0.143600,0.143600,ITU,Region 1/2,MOBILE,PRIMARY,,,"Radar systems, speed guns, weather radar; Point-to-point microwave links, satellite earth stations; Mobile phones, cellular base stations (2G/3G/4G/5G)",ITU Radio Regulations,EU/Europe follows ITU Region 1 (largely identical to Region 1/2 primary services shown). Source: FCC 47 CFR 2.106 / ITU Radio Regulations 2016
0.143600,0.143600,ITU,Region 1/2,RADIOLOCATION,PRIMARY,,,"Radar systems, speed guns, weather radar; Point-to-point microwave links, satellite earth stations; Mobile phones, cellular base stations (2G/3G/4G/5G)",ITU Radio Regulations,EU/Europe follows ITU Region 1 (largely identical to Region 1/2 primary services shown). Source: FCC 47 CFR 2.106 / ITU Radio Regulations 2016
0.143600,0.143600,ITU,Region 1/2,S PACE RESEARCH (space-to-Earth),Secondary,,,"Radar systems, speed guns, weather radar; Point-to-point microwave links, satellite earth stations; Mobile phones, cellular base stations (2G/3G/4G/5G)",ITU Radio Regulations,EU/Europe follows ITU Region 1 (largely identical to Region 1/2 primary services shown). Source: FCC 47 CFR 2.106 / ITU Radio Regulations 2016
0.143600,0.143600,ITU,Region 3,FIXED,PRIMARY,,,"Radar systems, speed guns, weather radar; Point-to-point microwave links, satellite earth stations; Mobile phones, cellular base stations (2G/3G/4G/5G)",ITU Radio Regulations,EU/Europe follows ITU Region 1 (largely identical to Region 1/2 primary services shown). Source: FCC 47 CFR 2.106 / ITU Radio Regulations 2016
0.143600,0.143600,ITU,Region 3,MOBILE,PRIMARY,,,"Radar systems, speed guns, weather radar; Point-to-point microwave links, satellite earth stations; Mobile phones, cellular base stations (2G/3G/4G/5G)",ITU Radio Regulations,EU/Europe follows ITU Region 1 (largely identical to Region 1/2 primary services shown). Source: FCC 47 CFR 2.106 / ITU Radio Regulations 2016
0.143600,0.143600,ITU,Region 3,SPACE RESEARCH (space-to-Earth),Secondary,,,"Radar systems, speed guns, weather radar; Point-to-point microwave links, satellite earth stations; Mobile phones, cellular base stations (2G/3G/4G/5G)",ITU Radio Regulations,EU/Europe follows ITU Region 1 (largely identical to Region 1/2 primary services shown). Source: FCC 47 CFR 2.106 / ITU Radio Regulations 2016
0.143600,0.144000,ITU,Region 1/2,FIXED,PRIMARY,,,"Radar systems, speed guns, weather radar; Point-to-point microwave links, satellite earth stations; Mobile phones, cellular base stations (2G/3G/4G/5G)",ITU Radio Regulations,EU/Europe follows ITU Region 1 (largely identical to Region 1/2 primary services shown). Source: FCC 47 CFR 2.106 / ITU Radio Regulations 2016
0.143600,0.144000,ITU,Region 1/2,MOBILE,PRIMARY,,,"Radar systems, speed guns, weather radar; Point-to-point microwave links, satellite earth stations; Mobile phones, cellular base stations (2G/3G/4G/5G)",ITU Radio Regulations,EU/Europe follows ITU Region 1 (largely identical to Region 1/2 primary services shown). Source: FCC 47 CFR 2.106 / ITU Radio Regulations 2016
0.143600,0.144000,ITU,Region 1/2,RADIOLOCATION,PRIMARY,,,"Radar systems, speed guns, weather radar; Point-to-point microwave links, satellite earth stations; Mobile phones, cellular base stations (2G/3G/4G/5G)",ITU Radio Regulations,EU/Europe follows ITU Region 1 (largely identical to Region 1/2 primary services shown). Source: FCC 47 CFR 2.106 / ITU Radio Regulations 2016
0.143600,0.144000,ITU,Region 1/2,S pace research (space-to-Earth),Secondary,,,"Radar systems, speed guns, weather radar; Point-to-point microwave links, satellite earth stations; Mobile phones, cellular base stations (2G/3G/4G/5G)",ITU Radio Regulations,EU/Europe follows ITU Region 1 (largely identical to Region 1/2 primary services shown). Source: FCC 47 CFR 2.106 / ITU Radio Regulations 2016
0.143600,0.144000,ITU,Region 3,FIXED,PRIMARY,,,"Radar systems, speed guns, weather radar; Point-to-point microwave links, satellite earth stations; Mobile phones, cellular base stations (2G/3G/4G/5G)",ITU Radio Regulations,EU/Europe follows ITU Region 1 (largely identical to Region 1/2 primary services shown). Source: FCC 47 CFR 2.106 / ITU Radio Regulations 2016
0.143600,0.144000,ITU,Region 3,MOBILE,PRIMARY,,,"Radar systems, speed guns, weather radar; Point-to-point microwave links, satellite earth stations; Mobile phones, cellular base stations (2G/3G/4G/5G)",ITU Radio Regulations,EU/Europe follows ITU Region 1 (largely identical to Region 1/2 primary services shown). Source: FCC 47 CFR 2.106 / ITU Radio Regulations 2016
0.143600,0.144000,ITU,Region 3,Space research (space-to-Earth),Secondary,,,"Radar systems, speed guns, weather radar; Point-to-point microwave links, satellite earth stations; Mobile phones, cellular base stations (2G/3G/4G/5G)",ITU Radio Regulations,EU/Europe follows ITU Region 1 (largely identical to Region 1/2 primary services shown). Source: FCC 47 CFR 2.106 / ITU Radio Regulations 2016
0.144000,0.148000,USA,USA,AMATEUR,PRIMARY,,,"Ham radio transceivers, SDR receivers",FCC 47 CFR 2.106 (Non-Fed),EU/Europe follows ITU Region 1 (largely identical to Region 1/2 primary services shown). Source: FCC 47 CFR 2.106 / ITU Radio Regulations 2016
0.144000,0.148000,USA,USA,AMATEUR-SATELLITE,PRIMARY,,,"Ham radio transceivers, SDR receivers",FCC 47 CFR 2.106 (Non-Fed),EU/Europe follows ITU Region 1 (largely identical to Region 1/2 primary services shown). Source: FCC 47 CFR 2.106 / ITU Radio Regulations 2016
0.146000,0.148000,ITU,Region 1/2,AMATEUR,PRIMARY,,,"Ham radio transceivers, SDR receivers",ITU Radio Regulations,EU/Europe follows ITU Region 1 (largely identical to Region 1/2 primary services shown). Source: FCC 47 CFR 2.106 / ITU Radio Regulations 2016
0.146000,0.148000,ITU,Region 3,AMATEUR,PRIMARY,,,"Ham radio transceivers, SDR receivers",ITU Radio Regulations,EU/Europe follows ITU Region 1 (largely identical to Region 1/2 primary services shown). Source: FCC 47 CFR 2.106 / ITU Radio Regulations 2016
0.146000,0.148000,ITU,Region 3,FIXED,PRIMARY,,,"Ham radio transceivers, SDR receivers",ITU Radio Regulations,EU/Europe follows ITU Region 1 (largely identical to Region 1/2 primary services shown). Source: FCC 47 CFR 2.106 / ITU Radio Regulations 2016
0.146000,0.148000,ITU,Region 3,MOBILE,PRIMARY,,,"Ham radio transceivers, SDR receivers",ITU Radio Regulations,EU/Europe follows ITU Region 1 (largely identical to Region 1/2 primary services shown). Source: FCC 47 CFR 2.106 / ITU Radio Regulations 2016
0.146000,0.148000,USA,USA,AMATEUR,PRIMARY,,,"Ham radio transceivers, SDR receivers",FCC 47 CFR 2.106 (Non-Fed),EU/Europe follows ITU Region 1 (largely identical to Region 1/2 primary services shown). Source: FCC 47 CFR 2.106 / ITU Radio Regulations 2016
0.148000,0.149900,ITU,Region 1/2,FIXED,PRIMARY,,,"Point-to-point microwave links, satellite earth stations; Mobile phones, cellular base stations (2G/3G/4G/5G)",ITU Radio Regulations,EU/Europe follows ITU Region 1 (largely identical to Region 1/2 primary services shown). Source: FCC 47 CFR 2.106 / ITU Radio Regulations 2016
0.148000,0.149900,ITU,Region 1/2,MOBILE,PRIMARY,,,"Point-to-point microwave links, satellite earth stations; Mobile phones, cellular base stations (2G/3G/4G/5G)",ITU Radio Regulations,EU/Europe follows ITU Region 1 (largely identical to Region 1/2 primary services shown). Source: FCC 47 CFR 2.106 / ITU Radio Regulations 2016
0.148000,0.149900,ITU,Region 1/2,MOBILE-SATELLITE (Earth-to-space),Secondary,,5.209,"Point-to-point microwave links, satellite earth stations; Mobile phones, cellular base stations (2G/3G/4G/5G)",ITU Radio Regulations,EU/Europe follows ITU Region 1 (largely identical to Region 1/2 primary services shown). Source: FCC 47 CFR 2.106 / ITU Radio Regulations 2016
0.148000,0.149900,USA,USA,FIXED,PRIMARY,,US320 US323 US325 5.218 5.219 G30,"Point-to-point microwave links, satellite earth stations; Mobile phones, cellular base stations (2G/3G/4G/5G)",FCC 47 CFR 2.106 (Federal),EU/Europe follows ITU Region 1 (largely identical to Region 1/2 primary services shown). Source: FCC 47 CFR 2.106 / ITU Radio Regulations 2016
0.148000,0.149900,USA,USA,MOBILE,PRIMARY,,US320 US323 US325 5.218 5.219 G30,"Point-to-point microwave links, satellite earth stations; Mobile phones, cellular base stations (2G/3G/4G/5G)",FCC 47 CFR 2.106 (Federal),EU/Europe follows ITU Region 1 (largely identical to Region 1/2 primary services shown). Source: FCC 47 CFR 2.106 / ITU Radio Regulations 2016
0.148000,0.149900,USA,USA,MOBILE-SATELLITE,PRIMARY,,US320 US323 US325 5.218 5.219 G30,"Point-to-point microwave links, satellite earth stations; Mobile phones, cellular base stations (2G/3G/4G/5G)",FCC 47 CFR 2.106 (Federal),EU/Europe follows ITU Region 1 (largely identical to Region 1/2 primary services shown). Source: FCC 47 CFR 2.106 / ITU Radio Regulations 2016
0.148000,0.149900,USA,USA,(Earth-to-space),Secondary,,US319 US320 US323 US325 5.218 5.219 G30,"Point-to-point microwave links, satellite earth stations; Mobile phones, cellular base stations (2G/3G/4G/5G)",FCC 47 CFR 2.106 (Federal),EU/Europe follows ITU Region 1 (largely identical to Region 1/2 primary services shown). Source: FCC 47 CFR 2.106 / ITU Radio Regulations 2016
0.148000,0.149900,USA,USA,MOBILE-SATELLITE,PRIMARY,,US323 US325 5.218 5.219 US319,"Point-to-point microwave links, satellite earth stations; Mobile phones, cellular base stations (2G/3G/4G/5G)",FCC 47 CFR 2.106 (Non-Fed),EU/Europe follows ITU Region 1 (largely identical to Region 1/2 primary services shown). Source: FCC 47 CFR 2.106 / ITU Radio Regulations 2016
0.148000,0.149900,USA,USA,(Earth-to-space),Secondary,,US320 US323 US325 5.218 5.219 US319,"Point-to-point microwave links, satellite earth stations; Mobile phones, cellular base stations (2G/3G/4G/5G)",FCC 47 CFR 2.106 (Non-Fed),EU/Europe follows ITU Region 1 (largely identical to Region 1/2 primary services shown). Source: FCC 47 CFR 2.106 / ITU Radio Regulations 2016
0.148500,0.151500,USA,USA,EARTH EXPLORATION-SATELLITE (passive),Secondary,,US246,"Radio telescopes, scientific receivers; Satellite phones, VSAT terminals, satellite internet; Deep space probes, scientific satellites",FCC 47 CFR 2.106 (Federal),EU/Europe follows ITU Region 1 (largely identical to Region 1/2 primary services shown). Source: FCC 47 CFR 2.106 / ITU Radio Regulations 2016
0.148500,0.151500,USA,USA,RADIO ASTRONOMY,PRIMARY,,US74 US246,"Radio telescopes, scientific receivers; Satellite phones, VSAT terminals, satellite internet; Deep space probes, scientific satellites",FCC 47 CFR 2.106 (Federal),EU/Europe follows ITU Region 1 (largely identical to Region 1/2 primary services shown). Source: FCC 47 CFR 2.106 / ITU Radio Regulations 2016
0.148500,0.151500,USA,USA,SPACE RESEARCH (passive),Secondary,,US246,"Radio telescopes, scientific receivers; Satellite phones, VSAT terminals, satellite internet; Deep space probes, scientific satellites",FCC 47 CFR 2.106 (Federal),EU/Europe follows ITU Region 1 (largely identical to Region 1/2 primary services shown). Source: FCC 47 CFR 2.106 / ITU Radio Regulations 2016
0.149900,0.150100,USA,USA,MOBILE-SATELLITE (Earth-to-space),Secondary,,US319 US320,"GPS receivers, GNSS devices; Mobile phones, cellular base stations (2G/3G/4G/5G)",FCC 47 CFR 2.106 (Federal),EU/Europe follows ITU Region 1 (largely identical to Region 1/2 primary services shown). Source: FCC 47 CFR 2.106 / ITU Radio Regulations 2016
0.149900,0.150100,USA,USA,RADIONAVIGATION-SATELLITE,PRIMARY,,,"GPS receivers, GNSS devices; Mobile phones, cellular base stations (2G/3G/4G/5G)",FCC 47 CFR 2.106 (Federal),EU/Europe follows ITU Region 1 (largely identical to Region 1/2 primary services shown). Source: FCC 47 CFR 2.106 / ITU Radio Regulations 2016
0.150100,0.154000,ITU,Region 1/2,FIXED,PRIMARY,,,"Point-to-point microwave links, satellite earth stations; Mobile phones, cellular base stations (2G/3G/4G/5G)",ITU Radio Regulations,EU/Europe follows ITU Region 1 (largely identical to Region 1/2 primary services shown). Source: FCC 47 CFR 2.106 / ITU Radio Regulations 2016
0.150100,0.154000,ITU,Region 1/2,MOBILE,PRIMARY,,,"Point-to-point microwave links, satellite earth stations; Mobile phones, cellular base stations (2G/3G/4G/5G)",ITU Radio Regulations,EU/Europe follows ITU Region 1 (largely identical to Region 1/2 primary services shown). Source: FCC 47 CFR 2.106 / ITU Radio Regulations 2016
0.150100,0.154000,USA,USA,FIXED,PRIMARY,,US73 G30,"Point-to-point microwave links, satellite earth stations; Mobile phones, cellular base stations (2G/3G/4G/5G)",FCC 47 CFR 2.106 (Federal),EU/Europe follows ITU Region 1 (largely identical to Region 1/2 primary services shown). Source: FCC 47 CFR 2.106 / ITU Radio Regulations 2016
0.150100,0.154000,USA,USA,MOBILE,PRIMARY,,US73 G30,"Point-to-point microwave links, satellite earth stations; Mobile phones, cellular base stations (2G/3G/4G/5G)",FCC 47 CFR 2.106 (Federal),EU/Europe follows ITU Region 1 (largely identical to Region 1/2 primary services shown). Source: FCC 47 CFR 2.106 / ITU Radio Regulations 2016
0.150800,0.152900,ITU,Region 1/2,(See previous page),Secondary,,,"Point-to-point microwave links, satellite earth stations; Mobile phones, cellular base stations (2G/3G/4G/5G)",ITU Radio Regulations,EU/Europe follows ITU Region 1 (largely identical to Region 1/2 primary services shown). Source: FCC 47 CFR 2.106 / ITU Radio Regulations 2016
0.150800,0.152900,USA,USA,FIXED,PRIMARY,,US73 NG124,"Point-to-point microwave links, satellite earth stations; Mobile phones, cellular base stations (2G/3G/4G/5G)",FCC 47 CFR 2.106 (Non-Fed),EU/Europe follows ITU Region 1 (largely identical to Region 1/2 primary services shown). Source: FCC 47 CFR 2.106 / ITU Radio Regulations 2016
0.150800,0.152900,USA,USA,LAND MOBILE,PRIMARY,,NG4 NG51 NG112 US73 NG124,"Point-to-point microwave links, satellite earth stations; Mobile phones, cellular base stations (2G/3G/4G/5G)",FCC 47 CFR 2.106 (Non-Fed),EU/Europe follows ITU Region 1 (largely identical to Region 1/2 primary services shown). Source: FCC 47 CFR 2.106 / ITU Radio Regulations 2016
0.151500,0.155500,USA,USA,FIXED,PRIMARY,,US342,"Radio telescopes, scientific receivers; Radar systems, speed guns, weather radar; Point-to-point microwave links, satellite earth stations; Mobile phones, cellular base stations (2G/3G/4G/5G)",FCC 47 CFR 2.106 (Federal),EU/Europe follows ITU Region 1 (largely identical to Region 1/2 primary services shown). Source: FCC 47 CFR 2.106 / ITU Radio Regulations 2016
0.151500,0.155500,USA,USA,MOBILE,PRIMARY,,US342,"Radio telescopes, scientific receivers; Radar systems, speed guns, weather radar; Point-to-point microwave links, satellite earth stations; Mobile phones, cellular base stations (2G/3G/4G/5G)",FCC 47 CFR 2.106 (Federal),EU/Europe follows ITU Region 1 (largely identical to Region 1/2 primary services shown). Source: FCC 47 CFR 2.106 / ITU Radio Regulations 2016
0.151500,0.155500,USA,USA,RADIO ASTRONOMY,PRIMARY,,US342,"Radio telescopes, scientific receivers; Radar systems, speed guns, weather radar; Point-to-point microwave links, satellite earth stations; Mobile phones, cellular base stations (2G/3G/4G/5G)",FCC 47 CFR 2.106 (Federal),EU/Europe follows ITU Region 1 (largely identical to Region 1/2 primary services shown). Source: FCC 47 CFR 2.106 / ITU Radio Regulations 2016
0.151500,0.155500,USA,USA,RADIOLOCATION,PRIMARY,,US342,"Radio telescopes, scientific receivers; Radar systems, speed guns, weather radar; Point-to-point microwave links, satellite earth stations; Mobile phones, cellular base stations (2G/3G/4G/5G)",FCC 47 CFR 2.106 (Federal),EU/Europe follows ITU Region 1 (largely identical to Region 1/2 primary services shown). Source: FCC 47 CFR 2.106 / ITU Radio Regulations 2016
0.152900,0.156200,USA,USA,LAND MOBILE,PRIMARY,,NG4 NG124,"Mobile phones, cellular base stations (2G/3G/4G/5G)",FCC 47 CFR 2.106 (Non-Fed),EU/Europe follows ITU Region 1 (largely identical to Region 1/2 primary services shown). Source: FCC 47 CFR 2.106 / ITU Radio Regulations 2016
0.154000,0.156500,ITU,Region 1/2,FIXED,PRIMARY,,,"Point-to-point microwave links, satellite earth stations; Mobile phones, cellular base stations (2G/3G/4G/5G)",ITU Radio Regulations,EU/Europe follows ITU Region 1 (largely identical to Region 1/2 primary services shown). Source: FCC 47 CFR 2.106 / ITU Radio Regulations 2016
0.154000,0.156500,ITU,Region 1/2,MOBILE,PRIMARY,,,"Point-to-point microwave links, satellite earth stations; Mobile phones, cellular base stations (2G/3G/4G/5G)",ITU Radio Regulations,EU/Europe follows ITU Region 1 (largely identical to Region 1/2 primary services shown). Source: FCC 47 CFR 2.106 / ITU Radio Regulations 2016
0.154000,0.156500,ITU,Region 3,FIXED,PRIMARY,,,"Point-to-point microwave links, satellite earth stations; Mobile phones, cellular base stations (2G/3G/4G/5G)",ITU Radio Regulations,EU/Europe follows ITU Region 1 (largely identical to Region 1/2 primary services shown). Source: FCC 47 CFR 2.106 / ITU Radio Regulations 2016
0.154000,0.156500,ITU,Region 3,MOBILE,PRIMARY,,,"Point-to-point microwave links, satellite earth stations; Mobile phones, cellular base stations (2G/3G/4G/5G)",ITU Radio Regulations,EU/Europe follows ITU Region 1 (largely identical to Region 1/2 primary services shown). Source: FCC 47 CFR 2.106 / ITU Radio Regulations 2016
0.154000,0.156500,USA,USA,FIXED,PRIMARY,,5.226 NG22 NG124 NG148,"Point-to-point microwave links, satellite earth stations; Mobile phones, cellular base stations (2G/3G/4G/5G)",FCC 47 CFR 2.106 (Non-Fed),EU/Europe follows ITU Region 1 (largely identical to Region 1/2 primary services shown). Source: FCC 47 CFR 2.106 / ITU Radio Regulations 2016
0.154000,0.156500,USA,USA,LAND MOBILE,PRIMARY,,NG112 5.226 NG22 NG124 NG148,"Point-to-point microwave links, satellite earth stations; Mobile phones, cellular base stations (2G/3G/4G/5G)",FCC 47 CFR 2.106 (Non-Fed),EU/Europe follows ITU Region 1 (largely identical to Region 1/2 primary services shown). Source: FCC 47 CFR 2.106 / ITU Radio Regulations 2016
0.156200,0.156500,USA,USA,MARITIME MOBILE,PRIMARY,,NG22 5.226 US52 US227 US266 NG124,"Mobile phones, cellular base stations (2G/3G/4G/5G)",FCC 47 CFR 2.106 (Non-Fed),EU/Europe follows ITU Region 1 (largely identical to Region 1/2 primary services shown). Source: FCC 47 CFR 2.106 / ITU Radio Regulations 2016
0.156500,0.156500,USA,USA,"MARITIME MOBILE (distress, urgency, safety and calling via DSC)",Secondary,,5.111 5.226 US266,"Mobile phones, cellular base stations (2G/3G/4G/5G)",FCC 47 CFR 2.106 (Federal),EU/Europe follows ITU Region 1 (largely identical to Region 1/2 primary services shown). Source: FCC 47 CFR 2.106 / ITU Radio Regulations 2016
0.156500,0.156800,USA,USA,MARITIME MOBILE,PRIMARY,,5.226 US52 US227 US266,"Mobile phones, cellular base stations (2G/3G/4G/5G)",FCC 47 CFR 2.106 (Non-Fed),EU/Europe follows ITU Region 1 (largely identical to Region 1/2 primary services shown). Source: FCC 47 CFR 2.106 / ITU Radio Regulations 2016
0.156600,0.156800,ITU,Region 1/2,FIXED,PRIMARY,,,"Point-to-point microwave links, satellite earth stations; Mobile phones, cellular base stations (2G/3G/4G/5G)",ITU Radio Regulations,EU/Europe follows ITU Region 1 (largely identical to Region 1/2 primary services shown). Source: FCC 47 CFR 2.106 / ITU Radio Regulations 2016
0.156600,0.156800,ITU,Region 1/2,MOBILE,PRIMARY,,,"Point-to-point microwave links, satellite earth stations; Mobile phones, cellular base stations (2G/3G/4G/5G)",ITU Radio Regulations,EU/Europe follows ITU Region 1 (largely identical to Region 1/2 primary services shown). Source: FCC 47 CFR 2.106 / ITU Radio Regulations 2016
0.156800,0.156800,ITU,Region 1/2,MARITIME MOBILE,PRIMARY,,,"Mobile phones, cellular base stations (2G/3G/4G/5G)",ITU Radio Regulations,EU/Europe follows ITU Region 1 (largely identical to Region 1/2 primary services shown). Source: FCC 47 CFR 2.106 / ITU Radio Regulations 2016
0.156800,0.156800,ITU,Region 1/2,MOBILE-SATELLITE (Earth-to-space),Secondary,,,"Mobile phones, cellular base stations (2G/3G/4G/5G)",ITU Radio Regulations,EU/Europe follows ITU Region 1 (largely identical to Region 1/2 primary services shown). Source: FCC 47 CFR 2.106 / ITU Radio Regulations 2016
0.156800,0.156800,ITU,Region 3,MARITIME MOBILE,PRIMARY,,,"Mobile phones, cellular base stations (2G/3G/4G/5G)",ITU Radio Regulations,EU/Europe follows ITU Region 1 (largely identical to Region 1/2 primary services shown). Source: FCC 47 CFR 2.106 / ITU Radio Regulations 2016
0.156800,0.156800,ITU,Region 3,Mobile-satellite (Earth-to-space),Secondary,,,"Mobile phones, cellular base stations (2G/3G/4G/5G)",ITU Radio Regulations,EU/Europe follows ITU Region 1 (largely identical to Region 1/2 primary services shown). Source: FCC 47 CFR 2.106 / ITU Radio Regulations 2016
0.156800,0.156800,USA,USA,MOBILE-SATELLITE (Earth-to-space) (AIS 3),Secondary,,5.226 US52 US266,"Mobile phones, cellular base stations (2G/3G/4G/5G)",FCC 47 CFR 2.106 (Federal),EU/Europe follows ITU Region 1 (largely identical to Region 1/2 primary services shown). Source: FCC 47 CFR 2.106 / ITU Radio Regulations 2016
0.156800,0.156800,USA,USA,"MARITIME MOBILE (distress, urgency, safety and calling)",Secondary,,5.111 5.226 US266,"Mobile phones, cellular base stations (2G/3G/4G/5G)",FCC 47 CFR 2.106 (Federal),EU/Europe follows ITU Region 1 (largely identical to Region 1/2 primary services shown). Source: FCC 47 CFR 2.106 / ITU Radio Regulations 2016
0.156800,0.156800,ITU,Region 1/2,MARITIME MOBILE,PRIMARY,,,"Mobile phones, cellular base stations (2G/3G/4G/5G)",ITU Radio Regulations,EU/Europe follows ITU Region 1 (largely identical to Region 1/2 primary services shown). Source: FCC 47 CFR 2.106 / ITU Radio Regulations 2016
0.156800,0.156800,ITU,Region 1/2,MOBILE-SATELLITE (Earth-to-space),Secondary,,,"Mobile phones, cellular base stations (2G/3G/4G/5G)",ITU Radio Regulations,EU/Europe follows ITU Region 1 (largely identical to Region 1/2 primary services shown). Source: FCC 47 CFR 2.106 / ITU Radio Regulations 2016
0.156800,0.156800,ITU,Region 3,MARITIME MOBILE,PRIMARY,,,"Mobile phones, cellular base stations (2G/3G/4G/5G)",ITU Radio Regulations,EU/Europe follows ITU Region 1 (largely identical to Region 1/2 primary services shown). Source: FCC 47 CFR 2.106 / ITU Radio Regulations 2016
0.156800,0.156800,ITU,Region 3,Mobile-satellite (Earth-to-space),Secondary,,,"Mobile phones, cellular base stations (2G/3G/4G/5G)",ITU Radio Regulations,EU/Europe follows ITU Region 1 (largely identical to Region 1/2 primary services shown). Source: FCC 47 CFR 2.106 / ITU Radio Regulations 2016
0.156800,0.156800,USA,USA,MOBILE-SATELLITE (Earth-to-space) (AIS 4),Secondary,,5.226 US52 US266,"Mobile phones, cellular base stations (2G/3G/4G/5G)",FCC 47 CFR 2.106 (Federal),EU/Europe follows ITU Region 1 (largely identical to Region 1/2 primary services shown). Source: FCC 47 CFR 2.106 / ITU Radio Regulations 2016
0.156800,0.157000,USA,USA,MARITIME MOBILE,PRIMARY,,5.226 US52 US266,"Mobile phones, cellular base stations (2G/3G/4G/5G)",FCC 47 CFR 2.106 (Non-Fed),EU/Europe follows ITU Region 1 (largely identical to Region 1/2 primary services shown). Source: FCC 47 CFR 2.106 / ITU Radio Regulations 2016
0.157000,0.157200,USA,USA,MARITIME MOBILE,PRIMARY,,US214 5.226 US266 G109,"Mobile phones, cellular base stations (2G/3G/4G/5G)",FCC 47 CFR 2.106 (Federal),EU/Europe follows ITU Region 1 (largely identical to Region 1/2 primary services shown). Source: FCC 47 CFR 2.106 / ITU Radio Regulations 2016
0.160000,0.190000,ITU,Region 1/2,FIXED,PRIMARY,,,"Point-to-point microwave links, satellite earth stations; Mobile phones, cellular base stations (2G/3G/4G/5G)",ITU Radio Regulations,EU/Europe follows ITU Region 1 (largely identical to Region 1/2 primary services shown). Source: FCC 47 CFR 2.106 / ITU Radio Regulations 2016
0.160000,0.190000,ITU,Region 3,FIXED,PRIMARY,,,"Point-to-point microwave links, satellite earth stations; Mobile phones, cellular base stations (2G/3G/4G/5G)",ITU Radio Regulations,EU/Europe follows ITU Region 1 (largely identical to Region 1/2 primary services shown). Source: FCC 47 CFR 2.106 / ITU Radio Regulations 2016
0.160000,0.190000,ITU,Region 3,Aeronautical radionavigation,Secondary,,,"Point-to-point microwave links, satellite earth stations; Mobile phones, cellular base stations (2G/3G/4G/5G)",ITU Radio Regulations,EU/Europe follows ITU Region 1 (largely identical to Region 1/2 primary services shown). Source: FCC 47 CFR 2.106 / ITU Radio Regulations 2016
0.160000,0.190000,USA,USA,FIXED,PRIMARY,,US2,"Point-to-point microwave links, satellite earth stations; Mobile phones, cellular base stations (2G/3G/4G/5G)",FCC 47 CFR 2.106 (Federal),EU/Europe follows ITU Region 1 (largely identical to Region 1/2 primary services shown). Source: FCC 47 CFR 2.106 / ITU Radio Regulations 2016
0.160000,0.190000,USA,USA,MARITIME MOBILE,PRIMARY,,US2,"Point-to-point microwave links, satellite earth stations; Mobile phones, cellular base stations (2G/3G/4G/5G)",FCC 47 CFR 2.106 (Federal),EU/Europe follows ITU Region 1 (largely identical to Region 1/2 primary services shown). Source: FCC 47 CFR 2.106 / ITU Radio Regulations 2016
0.160000,0.190000,USA,USA,FIXED,PRIMARY,,US2,"Point-to-point microwave links, satellite earth stations; Mobile phones, cellular base stations (2G/3G/4G/5G)",FCC 47 CFR 2.106 (Non-Fed),EU/Europe follows ITU Region 1 (largely identical to Region 1/2 primary services shown). Source: FCC 47 CFR 2.106 / ITU Radio Regulations 2016
0.161600,0.161600,USA,USA,MARITIME MOBILE,PRIMARY,,5.226 US52 NG6 NG17,"Mobile phones, cellular base stations (2G/3G/4G/5G)",FCC 47 CFR 2.106 (Non-Fed),EU/Europe follows ITU Region 1 (largely identical to Region 1/2 primary services shown). Source: FCC 47 CFR 2.106 / ITU Radio Regulations 2016
0.161600,0.162000,USA,USA,LAND MOBILE,PRIMARY,,NG6 5.226,"Mobile phones, cellular base stations (2G/3G/4G/5G)",FCC 47 CFR 2.106 (Non-Fed),EU/Europe follows ITU Region 1 (largely identical to Region 1/2 primary services shown). Source: FCC 47 CFR 2.106 / ITU Radio Regulations 2016
0.161900,0.162000,ITU,Region 1/2,FIXED,PRIMARY,,,"Point-to-point microwave links, satellite earth stations; Mobile phones, cellular base stations (2G/3G/4G/5G)",ITU Radio Regulations,EU/Europe follows ITU Region 1 (largely identical to Region 1/2 primary services shown). Source: FCC 47 CFR 2.106 / ITU Radio Regulations 2016
0.161900,0.162000,ITU,Region 1/2,MOBILE,PRIMARY,,,"Point-to-point microwave links, satellite earth stations; Mobile phones, cellular base stations (2G/3G/4G/5G)",ITU Radio Regulations,EU/Europe follows ITU Region 1 (largely identical to Region 1/2 primary services shown). Source: FCC 47 CFR 2.106 / ITU Radio Regulations 2016
0.161900,0.162000,ITU,Region 1/2,Maritime mobile-satellite (Earth-to-space),Secondary,,5.228AA,"Point-to-point microwave links, satellite earth stations; Mobile phones, cellular base stations (2G/3G/4G/5G)",ITU Radio Regulations,EU/Europe follows ITU Region 1 (largely identical to Region 1/2 primary services shown). Source: FCC 47 CFR 2.106 / ITU Radio Regulations 2016
0.162000,0.162000,ITU,Region 1/2,AERONAUTICAL MOBILE (OR),PRIMARY,,,"Mobile phones, cellular base stations (2G/3G/4G/5G)",ITU Radio Regulations,EU/Europe follows ITU Region 1 (largely identical to Region 1/2 primary services shown). Source: FCC 47 CFR 2.106 / ITU Radio Regulations 2016
0.162000,0.162000,ITU,Region 1/2,MARITIME MOBILE,PRIMARY,,,"Mobile phones, cellular base stations (2G/3G/4G/5G)",ITU Radio Regulations,EU/Europe follows ITU Region 1 (largely identical to Region 1/2 primary services shown). Source: FCC 47 CFR 2.106 / ITU Radio Regulations 2016
0.162000,0.162000,ITU,Region 1/2,MOBILE-SATELLITE (Earth-to-space),Secondary,,,"Mobile phones, cellular base stations (2G/3G/4G/5G)",ITU Radio Regulations,EU/Europe follows ITU Region 1 (largely identical to Region 1/2 primary services shown). Source: FCC 47 CFR 2.106 / ITU Radio Regulations 2016
0.162000,0.162000,ITU,Region 3,MARITIME MOBILE,PRIMARY,,,"Mobile phones, cellular base stations (2G/3G/4G/5G)",ITU Radio Regulations,EU/Europe follows ITU Region 1 (largely identical to Region 1/2 primary services shown). Source: FCC 47 CFR 2.106 / ITU Radio Regulations 2016
0.162000,0.162000,ITU,Region 3,Aeronautical mobile (OR),Secondary,,5.228E,"Mobile phones, cellular base stations (2G/3G/4G/5G)",ITU Radio Regulations,EU/Europe follows ITU Region 1 (largely identical to Region 1/2 primary services shown). Source: FCC 47 CFR 2.106 / ITU Radio Regulations 2016
0.162000,0.162000,ITU,Region 3,Mobile-satellite (Earth-to-space),Secondary,,,"Mobile phones, cellular base stations (2G/3G/4G/5G)",ITU Radio Regulations,EU/Europe follows ITU Region 1 (largely identical to Region 1/2 primary services shown). Source: FCC 47 CFR 2.106 / ITU Radio Regulations 2016
0.162000,0.162000,USA,USA,AERONAUTICAL MOBILE (OR) (AIS 1),PRIMARY,,5.228C US52,"Mobile phones, cellular base stations (2G/3G/4G/5G)",FCC 47 CFR 2.106 (Federal),EU/Europe follows ITU Region 1 (largely identical to Region 1/2 primary services shown). Source: FCC 47 CFR 2.106 / ITU Radio Regulations 2016
0.162000,0.162000,USA,USA,MARITIME MOBILE (AIS 1),PRIMARY,,5.228C US52,"Mobile phones, cellular base stations (2G/3G/4G/5G)",FCC 47 CFR 2.106 (Federal),EU/Europe follows ITU Region 1 (largely identical to Region 1/2 primary services shown). Source: FCC 47 CFR 2.106 / ITU Radio Regulations 2016
0.162000,0.162000,USA,USA,MOBILE-SATELLITE (Earth-to-space) (AIS 1),Secondary,,5.228C US52,"Mobile phones, cellular base stations (2G/3G/4G/5G)",FCC 47 CFR 2.106 (Federal),EU/Europe follows ITU Region 1 (largely identical to Region 1/2 primary services shown). Source: FCC 47 CFR 2.106 / ITU Radio Regulations 2016
0.162000,0.162000,ITU,Region 1/2,FIXED,PRIMARY,,,"Point-to-point microwave links, satellite earth stations; Mobile phones, cellular base stations (2G/3G/4G/5G)",ITU Radio Regulations,EU/Europe follows ITU Region 1 (largely identical to Region 1/2 primary services shown). Source: FCC 47 CFR 2.106 / ITU Radio Regulations 2016
0.162000,0.162000,ITU,Region 1/2,MOBILE,PRIMARY,,,"Point-to-point microwave links, satellite earth stations; Mobile phones, cellular base stations (2G/3G/4G/5G)",ITU Radio Regulations,EU/Europe follows ITU Region 1 (largely identical to Region 1/2 primary services shown). Source: FCC 47 CFR 2.106 / ITU Radio Regulations 2016
0.162000,0.162000,ITU,Region 1/2,Maritime mobile-satellite (Earth-to-space),Secondary,,5.228AA,"Point-to-point microwave links, satellite earth stations; Mobile phones, cellular base stations (2G/3G/4G/5G)",ITU Radio Regulations,EU/Europe follows ITU Region 1 (largely identical to Region 1/2 primary services shown). Source: FCC 47 CFR 2.106 / ITU Radio Regulations 2016
0.162000,0.162000,USA,USA,MOBILE except aeronautical mobile,Secondary,,5.226,"Point-to-point microwave links, satellite earth stations; Mobile phones, cellular base stations (2G/3G/4G/5G)",FCC 47 CFR 2.106 (Non-Fed),EU/Europe follows ITU Region 1 (largely identical to Region 1/2 primary services shown). Source: FCC 47 CFR 2.106 / ITU Radio Regulations 2016
0.162000,0.162000,ITU,Region 1/2,AERONAUTICAL MOBILE (OR),PRIMARY,,,"Mobile phones, cellular base stations (2G/3G/4G/5G)",ITU Radio Regulations,EU/Europe follows ITU Region 1 (largely identical to Region 1/2 primary services shown). Source: FCC 47 CFR 2.106 / ITU Radio Regulations 2016
0.162000,0.162000,ITU,Region 1/2,MARITIME MOBILE,PRIMARY,,,"Mobile phones, cellular base stations (2G/3G/4G/5G)",ITU Radio Regulations,EU/Europe follows ITU Region 1 (largely identical to Region 1/2 primary services shown). Source: FCC 47 CFR 2.106 / ITU Radio Regulations 2016
0.162000,0.162000,ITU,Region 1/2,MOBILE-SATELLITE (Earth-to-space),Secondary,,,"Mobile phones, cellular base stations (2G/3G/4G/5G)",ITU Radio Regulations,EU/Europe follows ITU Region 1 (largely identical to Region 1/2 primary services shown). Source: FCC 47 CFR 2.106 / ITU Radio Regulations 2016
0.162000,0.162000,ITU,Region 3,MARITIME MOBILE,PRIMARY,,,"Mobile phones, cellular base stations (2G/3G/4G/5G)",ITU Radio Regulations,EU/Europe follows ITU Region 1 (largely identical to Region 1/2 primary services shown). Source: FCC 47 CFR 2.106 / ITU Radio Regulations 2016
0.162000,0.162000,ITU,Region 3,Aeronautical mobile (OR),Secondary,,5.228E,"Mobile phones, cellular base stations (2G/3G/4G/5G)",ITU Radio Regulations,EU/Europe follows ITU Region 1 (largely identical to Region 1/2 primary services shown). Source: FCC 47 CFR 2.106 / ITU Radio Regulations 2016
0.162000,0.162000,ITU,Region 3,Mobile-satellite (Earth-to-space),Secondary,,,"Mobile phones, cellular base stations (2G/3G/4G/5G)",ITU Radio Regulations,EU/Europe follows ITU Region 1 (largely identical to Region 1/2 primary services shown). Source: FCC 47 CFR 2.106 / ITU Radio Regulations 2016
0.162000,0.162000,USA,USA,AERONAUTICAL MOBILE (OR) (AIS 2),PRIMARY,,5.228C US52,"Mobile phones, cellular base stations (2G/3G/4G/5G)",FCC 47 CFR 2.106 (Federal),EU/Europe follows ITU Region 1 (largely identical to Region 1/2 primary services shown). Source: FCC 47 CFR 2.106 / ITU Radio Regulations 2016
0.162000,0.162000,USA,USA,MARITIME MOBILE (AIS 2),PRIMARY,,5.228C US52,"Mobile phones, cellular base stations (2G/3G/4G/5G)",FCC 47 CFR 2.106 (Federal),EU/Europe follows ITU Region 1 (largely identical to Region 1/2 primary services shown). Source: FCC 47 CFR 2.106 / ITU Radio Regulations 2016
0.162000,0.162000,USA,USA,MOBILE-SATELLITE (Earth-to-space) (AIS 2),Secondary,,5.228C US52,"Mobile phones, cellular base stations (2G/3G/4G/5G)",FCC 47 CFR 2.106 (Federal),EU/Europe follows ITU Region 1 (largely identical to Region 1/2 primary services shown). Source: FCC 47 CFR 2.106 / ITU Radio Regulations 2016
0.162000,0.174000,ITU,Region 1/2,FIXED,PRIMARY,,,"Point-to-point microwave links, satellite earth stations; Mobile phones, cellular base stations (2G/3G/4G/5G)",ITU Radio Regulations,EU/Europe follows ITU Region 1 (largely identical to Region 1/2 primary services shown). Source: FCC 47 CFR 2.106 / ITU Radio Regulations 2016
0.162000,0.174000,ITU,Region 1/2,MOBILE,PRIMARY,,,"Point-to-point microwave links, satellite earth stations; Mobile phones, cellular base stations (2G/3G/4G/5G)",ITU Radio Regulations,EU/Europe follows ITU Region 1 (largely identical to Region 1/2 primary services shown). Source: FCC 47 CFR 2.106 / ITU Radio Regulations 2016
0.162000,0.174000,USA,USA,FIXED,PRIMARY,,US8 US11 US13 US55 US73 US300 US312 G5,"Point-to-point microwave links, satellite earth stations; Mobile phones, cellular base stations (2G/3G/4G/5G)",FCC 47 CFR 2.106 (Federal),EU/Europe follows ITU Region 1 (largely identical to Region 1/2 primary services shown). Source: FCC 47 CFR 2.106 / ITU Radio Regulations 2016
0.162000,0.174000,USA,USA,MOBILE,PRIMARY,,US8 US11 US13 US55 US73 US300 US312 G5,"Point-to-point microwave links, satellite earth stations; Mobile phones, cellular base stations (2G/3G/4G/5G)",FCC 47 CFR 2.106 (Federal),EU/Europe follows ITU Region 1 (largely identical to Region 1/2 primary services shown). Source: FCC 47 CFR 2.106 / ITU Radio Regulations 2016
0.173200,0.173400,USA,USA,FIXED,PRIMARY,,,"Point-to-point microwave links, satellite earth stations; Mobile phones, cellular base stations (2G/3G/4G/5G)",FCC 47 CFR 2.106 (Non-Fed),EU/Europe follows ITU Region 1 (largely identical to Region 1/2 primary services shown). Source: FCC 47 CFR 2.106 / ITU Radio Regulations 2016
0.173200,0.173400,USA,USA,Land mobile,Secondary,,,"Point-to-point microwave links, satellite earth stations; Mobile phones, cellular base stations (2G/3G/4G/5G)",FCC 47 CFR 2.106 (Non-Fed),EU/Europe follows ITU Region 1 (largely identical to Region 1/2 primary services shown). Source: FCC 47 CFR 2.106 / ITU Radio Regulations 2016
0.173400,0.174000,USA,USA,FIXED,PRIMARY,,G5,"Point-to-point microwave links, satellite earth stations; Mobile phones, cellular base stations (2G/3G/4G/5G)",FCC 47 CFR 2.106 (Federal),EU/Europe follows ITU Region 1 (largely identical to Region 1/2 primary services shown). Source: FCC 47 CFR 2.106 / ITU Radio Regulations 2016
0.173400,0.174000,USA,USA,MOBILE,PRIMARY,,G5,"Point-to-point microwave links, satellite earth stations; Mobile phones, cellular base stations (2G/3G/4G/5G)",FCC 47 CFR 2.106 (Federal),EU/Europe follows ITU Region 1 (largely identical to Region 1/2 primary services shown). Source: FCC 47 CFR 2.106 / ITU Radio Regulations 2016
0.174000,0.216000,ITU,Region 1/2,BROADCASTING,PRIMARY,,,"AM/FM radios, DAB receivers, TV sets; Point-to-point microwave links, satellite earth stations; Mobile phones, cellular base stations (2G/3G/4G/5G)",ITU Radio Regulations,EU/Europe follows ITU Region 1 (largely identical to Region 1/2 primary services shown). Source: FCC 47 CFR 2.106 / ITU Radio Regulations 2016
0.174000,0.216000,ITU,Region 1/2,Fixed,Secondary,,,"AM/FM radios, DAB receivers, TV sets; Point-to-point microwave links, satellite earth stations; Mobile phones, cellular base stations (2G/3G/4G/5G)",ITU Radio Regulations,EU/Europe follows ITU Region 1 (largely identical to Region 1/2 primary services shown). Source: FCC 47 CFR 2.106 / ITU Radio Regulations 2016
0.174000,0.216000,ITU,Region 1/2,Mobile,Secondary,,,"AM/FM radios, DAB receivers, TV sets; Point-to-point microwave links, satellite earth stations; Mobile phones, cellular base stations (2G/3G/4G/5G)",ITU Radio Regulations,EU/Europe follows ITU Region 1 (largely identical to Region 1/2 primary services shown). Source: FCC 47 CFR 2.106 / ITU Radio Regulations 2016
0.174000,0.216000,ITU,Region 3,FIXED,PRIMARY,,,"AM/FM radios, DAB receivers, TV sets; Point-to-point microwave links, satellite earth stations; Mobile phones, cellular base stations (2G/3G/4G/5G)",ITU Radio Regulations,EU/Europe follows ITU Region 1 (largely identical to Region 1/2 primary services shown). Source: FCC 47 CFR 2.106 / ITU Radio Regulations 2016
0.174000,0.216000,ITU,Region 3,MOBILE,PRIMARY,,,"AM/FM radios, DAB receivers, TV sets; Point-to-point microwave links, satellite earth stations; Mobile phones, cellular base stations (2G/3G/4G/5G)",ITU Radio Regulations,EU/Europe follows ITU Region 1 (largely identical to Region 1/2 primary services shown). Source: FCC 47 CFR 2.106 / ITU Radio Regulations 2016
0.174000,0.216000,ITU,Region 3,BROADCASTING,PRIMARY,,,"AM/FM radios, DAB receivers, TV sets; Point-to-point microwave links, satellite earth stations; Mobile phones, cellular base stations (2G/3G/4G/5G)",ITU Radio Regulations,EU/Europe follows ITU Region 1 (largely identical to Region 1/2 primary services shown). Source: FCC 47 CFR 2.106 / ITU Radio Regulations 2016
0.174000,0.216000,USA,USA,BROADCASTING,PRIMARY,,NG5 NG14 NG115 NG149,"AM/FM radios, DAB receivers, TV sets; Point-to-point microwave links, satellite earth stations; Mobile phones, cellular base stations (2G/3G/4G/5G)",FCC 47 CFR 2.106 (Non-Fed),EU/Europe follows ITU Region 1 (largely identical to Region 1/2 primary services shown). Source: FCC 47 CFR 2.106 / ITU Radio Regulations 2016
0.190000,0.200000,ITU,Region 1/2,AERONAUTICAL RADIONAVIGATION,PRIMARY,,,"ILS, VOR, DME, TACAN, instrument landing systems",ITU Radio Regulations,EU/Europe follows ITU Region 1 (largely identical to Region 1/2 primary services shown). Source: FCC 47 CFR 2.106 / ITU Radio Regulations 2016
0.190000,0.200000,USA,USA,AERONAUTICAL RADIONAVIGATION,PRIMARY,,US18 US2,"ILS, VOR, DME, TACAN, instrument landing systems",FCC 47 CFR 2.106 (Federal),EU/Europe follows ITU Region 1 (largely identical to Region 1/2 primary services shown). Source: FCC 47 CFR 2.106 / ITU Radio Regulations 2016
0.191800,0.200000,USA,USA,FIXED,PRIMARY,,5.341 5.554 US211 US342,"GPS receivers, GNSS devices; Satellite phones, VSAT terminals, satellite internet; Mobile phones, cellular base stations (2G/3G/4G/5G); Point-to-point microwave links, satellite earth stations",FCC 47 CFR 2.106 (Federal),EU/Europe follows ITU Region 1 (largely identical to Region 1/2 primary services shown). Source: FCC 47 CFR 2.106 / ITU Radio Regulations 2016
0.191800,0.200000,USA,USA,INTER-SATELLITE,PRIMARY,,5.341 5.554 US211 US342,"GPS receivers, GNSS devices; Satellite phones, VSAT terminals, satellite internet; Mobile phones, cellular base stations (2G/3G/4G/5G); Point-to-point microwave links, satellite earth stations",FCC 47 CFR 2.106 (Federal),EU/Europe follows ITU Region 1 (largely identical to Region 1/2 primary services shown). Source: FCC 47 CFR 2.106 / ITU Radio Regulations 2016
0.191800,0.200000,USA,USA,MOBILE,PRIMARY,,5.558 5.341 5.554 US211 US342,"GPS receivers, GNSS devices; Satellite phones, VSAT terminals, satellite internet; Mobile phones, cellular base stations (2G/3G/4G/5G); Point-to-point microwave links, satellite earth stations",FCC 47 CFR 2.106 (Federal),EU/Europe follows ITU Region 1 (largely identical to Region 1/2 primary services shown). Source: FCC 47 CFR 2.106 / ITU Radio Regulations 2016
0.191800,0.200000,USA,USA,MOBILE-SATELLITE,PRIMARY,,5.341 5.554 US211 US342,"GPS receivers, GNSS devices; Satellite phones, VSAT terminals, satellite internet; Mobile phones, cellular base stations (2G/3G/4G/5G); Point-to-point microwave links, satellite earth stations",FCC 47 CFR 2.106 (Federal),EU/Europe follows ITU Region 1 (largely identical to Region 1/2 primary services shown). Source: FCC 47 CFR 2.106 / ITU Radio Regulations 2016
0.191800,0.200000,USA,USA,RADIONAVIGATION,PRIMARY,,5.341 5.554 US211 US342,"GPS receivers, GNSS devices; Satellite phones, VSAT terminals, satellite internet; Mobile phones, cellular base stations (2G/3G/4G/5G); Point-to-point microwave links, satellite earth stations",FCC 47 CFR 2.106 (Federal),EU/Europe follows ITU Region 1 (largely identical to Region 1/2 primary services shown). Source: FCC 47 CFR 2.106 / ITU Radio Regulations 2016
0.191800,0.200000,USA,USA,RADIONAVIGATION-SATELLITE,PRIMARY,,5.341 5.554 US211 US342,"GPS receivers, GNSS devices; Satellite phones, VSAT terminals, satellite internet; Mobile phones, cellular base stations (2G/3G/4G/5G); Point-to-point microwave links, satellite earth stations",FCC 47 CFR 2.106 (Federal),EU/Europe follows ITU Region 1 (largely identical to Region 1/2 primary services shown). Source: FCC 47 CFR 2.106 / ITU Radio Regulations 2016
0.200000,0.275000,ITU,Region 1/2,AERONAUTICAL RADIONAVIGATION,PRIMARY,,,"Mobile phones, cellular base stations (2G/3G/4G/5G); ILS, VOR, DME, TACAN, instrument landing systems",ITU Radio Regulations,EU/Europe follows ITU Region 1 (largely identical to Region 1/2 primary services shown). Source: FCC 47 CFR 2.106 / ITU Radio Regulations 2016
0.200000,0.275000,ITU,Region 1/2,Aeronautical mobile,Secondary,,,"Mobile phones, cellular base stations (2G/3G/4G/5G); ILS, VOR, DME, TACAN, instrument landing systems",ITU Radio Regulations,EU/Europe follows ITU Region 1 (largely identical to Region 1/2 primary services shown). Source: FCC 47 CFR 2.106 / ITU Radio Regulations 2016
0.200000,0.275000,ITU,Region 3,AERONAUTICAL RADIONAVIGATION,PRIMARY,,,"Mobile phones, cellular base stations (2G/3G/4G/5G); ILS, VOR, DME, TACAN, instrument landing systems",ITU Radio Regulations,EU/Europe follows ITU Region 1 (largely identical to Region 1/2 primary services shown). Source: FCC 47 CFR 2.106 / ITU Radio Regulations 2016
0.200000,0.275000,ITU,Region 3,Aeronautical mobile,Secondary,,,"Mobile phones, cellular base stations (2G/3G/4G/5G); ILS, VOR, DME, TACAN, instrument landing systems",ITU Radio Regulations,EU/Europe follows ITU Region 1 (largely identical to Region 1/2 primary services shown). Source: FCC 47 CFR 2.106 / ITU Radio Regulations 2016
0.200000,0.275000,USA,USA,AERONAUTICAL RADIONAVIGATION,PRIMARY,,US18 US2,"Mobile phones, cellular base stations (2G/3G/4G/5G); ILS, VOR, DME, TACAN, instrument landing systems",FCC 47 CFR 2.106 (Federal),EU/Europe follows ITU Region 1 (largely identical to Region 1/2 primary services shown). Source: FCC 47 CFR 2.106 / ITU Radio Regulations 2016
0.200000,0.275000,USA,USA,Aeronautical mobile,Secondary,,US2,"Mobile phones, cellular base stations (2G/3G/4G/5G); ILS, VOR, DME, TACAN, instrument landing systems",FCC 47 CFR 2.106 (Federal),EU/Europe follows ITU Region 1 (largely identical to Region 1/2 primary services shown). Source: FCC 47 CFR 2.106 / ITU Radio Regulations 2016
0.200000,0.209000,USA,USA,EARTH EXPLORATION-SATELLITE (passive),Secondary,,5.341 5.563A US246,"Radio telescopes, scientific receivers; Satellite phones, VSAT terminals, satellite internet; Deep space probes, scientific satellites",FCC 47 CFR 2.106 (Federal),EU/Europe follows ITU Region 1 (largely identical to Region 1/2 primary services shown). Source: FCC 47 CFR 2.106 / ITU Radio Regulations 2016
0.200000,0.209000,USA,USA,RADIO ASTRONOMY,PRIMARY,,US74 5.341 5.563A US246,"Radio telescopes, scientific receivers; Satellite phones, VSAT terminals, satellite internet; Deep space probes, scientific satellites",FCC 47 CFR 2.106 (Federal),EU/Europe follows ITU Region 1 (largely identical to Region 1/2 primary services shown). Source: FCC 47 CFR 2.106 / ITU Radio Regulations 2016
0.200000,0.209000,USA,USA,SPACE RESEARCH (passive),Secondary,,5.341 5.563A US246,"Radio telescopes, scientific receivers; Satellite phones, VSAT terminals, satellite internet; Deep space probes, scientific satellites",FCC 47 CFR 2.106 (Federal),EU/Europe follows ITU Region 1 (largely identical to Region 1/2 primary services shown). Source: FCC 47 CFR 2.106 / ITU Radio Regulations 2016
0.209000,0.217000,USA,USA,FIXED,PRIMARY,,5.341 US342,"Radio telescopes, scientific receivers; Point-to-point microwave links, satellite earth stations; Mobile phones, cellular base stations (2G/3G/4G/5G)",FCC 47 CFR 2.106 (Federal),EU/Europe follows ITU Region 1 (largely identical to Region 1/2 primary services shown). Source: FCC 47 CFR 2.106 / ITU Radio Regulations 2016
0.209000,0.217000,USA,USA,FIXED-SATELLITE (Earth-to-space),Secondary,,5.341 US342,"Radio telescopes, scientific receivers; Point-to-point microwave links, satellite earth stations; Mobile phones, cellular base stations (2G/3G/4G/5G)",FCC 47 CFR 2.106 (Federal),EU/Europe follows ITU Region 1 (largely identical to Region 1/2 primary services shown). Source: FCC 47 CFR 2.106 / ITU Radio Regulations 2016
0.209000,0.217000,USA,USA,MOBILE,PRIMARY,,5.341 US342,"Radio telescopes, scientific receivers; Point-to-point microwave links, satellite earth stations; Mobile phones, cellular base stations (2G/3G/4G/5G)",FCC 47 CFR 2.106 (Federal),EU/Europe follows ITU Region 1 (largely identical to Region 1/2 primary services shown). Source: FCC 47 CFR 2.106 / ITU Radio Regulations 2016
0.209000,0.217000,USA,USA,RADIO ASTRONOMY,PRIMARY,,5.341 US342,"Radio telescopes, scientific receivers; Point-to-point microwave links, satellite earth stations; Mobile phones, cellular base stations (2G/3G/4G/5G)",FCC 47 CFR 2.106 (Federal),EU/Europe follows ITU Region 1 (largely identical to Region 1/2 primary services shown). Source: FCC 47 CFR 2.106 / ITU Radio Regulations 2016
0.216000,0.220000,ITU,Region 1/2,FIXED,PRIMARY,,,"Radar systems, speed guns, weather radar; Point-to-point microwave links, satellite earth stations; Mobile phones, cellular base stations (2G/3G/4G/5G)",ITU Radio Regulations,EU/Europe follows ITU Region 1 (largely identical to Region 1/2 primary services shown). Source: FCC 47 CFR 2.106 / ITU Radio Regulations 2016
0.216000,0.220000,ITU,Region 1/2,MARITIME MOBILE,PRIMARY,,,"Radar systems, speed guns, weather radar; Point-to-point microwave links, satellite earth stations; Mobile phones, cellular base stations (2G/3G/4G/5G)",ITU Radio Regulations,EU/Europe follows ITU Region 1 (largely identical to Region 1/2 primary services shown). Source: FCC 47 CFR 2.106 / ITU Radio Regulations 2016
0.216000,0.220000,ITU,Region 1/2,Radiolocation,Secondary,,5.241,"Radar systems, speed guns, weather radar; Point-to-point microwave links, satellite earth stations; Mobile phones, cellular base stations (2G/3G/4G/5G)",ITU Radio Regulations,EU/Europe follows ITU Region 1 (largely identical to Region 1/2 primary services shown). Source: FCC 47 CFR 2.106 / ITU Radio Regulations 2016
0.216000,0.220000,USA,USA,Fixed,Secondary,,US210 US241 G2,"Radar systems, speed guns, weather radar; Point-to-point microwave links, satellite earth stations; Mobile phones, cellular base stations (2G/3G/4G/5G)",FCC 47 CFR 2.106 (Federal),EU/Europe follows ITU Region 1 (largely identical to Region 1/2 primary services shown). Source: FCC 47 CFR 2.106 / ITU Radio Regulations 2016
0.216000,0.220000,USA,USA,Land mobile,Secondary,,US210 US241 G2,"Radar systems, speed guns, weather radar; Point-to-point microwave links, satellite earth stations; Mobile phones, cellular base stations (2G/3G/4G/5G)",FCC 47 CFR 2.106 (Federal),EU/Europe follows ITU Region 1 (largely identical to Region 1/2 primary services shown). Source: FCC 47 CFR 2.106 / ITU Radio Regulations 2016
0.216000,0.220000,USA,USA,FIXED,PRIMARY,,US210 US241 NG173,"Radar systems, speed guns, weather radar; Point-to-point microwave links, satellite earth stations; Mobile phones, cellular base stations (2G/3G/4G/5G)",FCC 47 CFR 2.106 (Non-Fed),EU/Europe follows ITU Region 1 (largely identical to Region 1/2 primary services shown). Source: FCC 47 CFR 2.106 / ITU Radio Regulations 2016
0.216000,0.220000,USA,USA,MOBILE except aeronautical mobile,Secondary,,US210 US241 NG173,"Radar systems, speed guns, weather radar; Point-to-point microwave links, satellite earth stations; Mobile phones, cellular base stations (2G/3G/4G/5G)",FCC 47 CFR 2.106 (Non-Fed),EU/Europe follows ITU Region 1 (largely identical to Region 1/2 primary services shown). Source: FCC 47 CFR 2.106 / ITU Radio Regulations 2016
0.217000,0.220000,USA,USA,Fixed,Secondary,,US210 US241,"Point-to-point microwave links, satellite earth stations; Mobile phones, cellular base stations (2G/3G/4G/5G)",FCC 47 CFR 2.106 (Federal),EU/Europe follows ITU Region 1 (largely identical to Region 1/2 primary services shown). Source: FCC 47 CFR 2.106 / ITU Radio Regulations 2016
0.217000,0.220000,USA,USA,Mobile,Secondary,,US210 US241,"Point-to-point microwave links, satellite earth stations; Mobile phones, cellular base stations (2G/3G/4G/5G)",FCC 47 CFR 2.106 (Federal),EU/Europe follows ITU Region 1 (largely identical to Region 1/2 primary services shown). Source: FCC 47 CFR 2.106 / ITU Radio Regulations 2016
0.217000,0.226000,USA,USA,FIXED,PRIMARY,,5.341 US342,"Radio telescopes, scientific receivers; Point-to-point microwave links, satellite earth stations; Mobile phones, cellular base stations (2G/3G/4G/5G); Deep space probes, scientific satellites",FCC 47 CFR 2.106 (Federal),EU/Europe follows ITU Region 1 (largely identical to Region 1/2 primary services shown). Source: FCC 47 CFR 2.106 / ITU Radio Regulations 2016
0.217000,0.226000,USA,USA,FIXED-SATELLITE (Earth-to-space),Secondary,,5.341 US342,"Radio telescopes, scientific receivers; Point-to-point microwave links, satellite earth stations; Mobile phones, cellular base stations (2G/3G/4G/5G); Deep space probes, scientific satellites",FCC 47 CFR 2.106 (Federal),EU/Europe follows ITU Region 1 (largely identical to Region 1/2 primary services shown). Source: FCC 47 CFR 2.106 / ITU Radio Regulations 2016
0.217000,0.226000,USA,USA,MOBILE,PRIMARY,,5.341 US342,"Radio telescopes, scientific receivers; Point-to-point microwave links, satellite earth stations; Mobile phones, cellular base stations (2G/3G/4G/5G); Deep space probes, scientific satellites",FCC 47 CFR 2.106 (Federal),EU/Europe follows ITU Region 1 (largely identical to Region 1/2 primary services shown). Source: FCC 47 CFR 2.106 / ITU Radio Regulations 2016
0.217000,0.226000,USA,USA,RADIO ASTRONOMY,PRIMARY,,5.341 US342,"Radio telescopes, scientific receivers; Point-to-point microwave links, satellite earth stations; Mobile phones, cellular base stations (2G/3G/4G/5G); Deep space probes, scientific satellites",FCC 47 CFR 2.106 (Federal),EU/Europe follows ITU Region 1 (largely identical to Region 1/2 primary services shown). Source: FCC 47 CFR 2.106 / ITU Radio Regulations 2016
0.217000,0.226000,USA,USA,SPACE RESEARCH (passive),Secondary,,5.562B 5.341 US342,"Radio telescopes, scientific receivers; Point-to-point microwave links, satellite earth stations; Mobile phones, cellular base stations (2G/3G/4G/5G); Deep space probes, scientific satellites",FCC 47 CFR 2.106 (Federal),EU/Europe follows ITU Region 1 (largely identical to Region 1/2 primary services shown). Source: FCC 47 CFR 2.106 / ITU Radio Regulations 2016
0.220000,0.225000,ITU,Region 1/2,AMATEUR,PRIMARY,,,"Ham radio transceivers, SDR receivers; Point-to-point microwave links, satellite earth stations; Mobile phones, cellular base stations (2G/3G/4G/5G); Radar systems, speed guns, weather radar",ITU Radio Regulations,EU/Europe follows ITU Region 1 (largely identical to Region 1/2 primary services shown). Source: FCC 47 CFR 2.106 / ITU Radio Regulations 2016
0.220000,0.225000,ITU,Region 1/2,FIXED,PRIMARY,,,"Ham radio transceivers, SDR receivers; Point-to-point microwave links, satellite earth stations; Mobile phones, cellular base stations (2G/3G/4G/5G); Radar systems, speed guns, weather radar",ITU Radio Regulations,EU/Europe follows ITU Region 1 (largely identical to Region 1/2 primary services shown). Source: FCC 47 CFR 2.106 / ITU Radio Regulations 2016
0.220000,0.225000,ITU,Region 1/2,MOBILE,PRIMARY,,,"Ham radio transceivers, SDR receivers; Point-to-point microwave links, satellite earth stations; Mobile phones, cellular base stations (2G/3G/4G/5G); Radar systems, speed guns, weather radar",ITU Radio Regulations,EU/Europe follows ITU Region 1 (largely identical to Region 1/2 primary services shown). Source: FCC 47 CFR 2.106 / ITU Radio Regulations 2016
0.220000,0.225000,ITU,Region 1/2,Radiolocation,Secondary,,5.241,"Ham radio transceivers, SDR receivers; Point-to-point microwave links, satellite earth stations; Mobile phones, cellular base stations (2G/3G/4G/5G); Radar systems, speed guns, weather radar",ITU Radio Regulations,EU/Europe follows ITU Region 1 (largely identical to Region 1/2 primary services shown). Source: FCC 47 CFR 2.106 / ITU Radio Regulations 2016
0.220000,0.225000,USA,USA,FIXED,PRIMARY,,US241 US242,"Ham radio transceivers, SDR receivers; Point-to-point microwave links, satellite earth stations; Mobile phones, cellular base stations (2G/3G/4G/5G); Radar systems, speed guns, weather radar",FCC 47 CFR 2.106 (Federal),EU/Europe follows ITU Region 1 (largely identical to Region 1/2 primary services shown). Source: FCC 47 CFR 2.106 / ITU Radio Regulations 2016
0.220000,0.225000,USA,USA,LAND MOBILE,PRIMARY,,US241 US242,"Ham radio transceivers, SDR receivers; Point-to-point microwave links, satellite earth stations; Mobile phones, cellular base stations (2G/3G/4G/5G); Radar systems, speed guns, weather radar",FCC 47 CFR 2.106 (Federal),EU/Europe follows ITU Region 1 (largely identical to Region 1/2 primary services shown). Source: FCC 47 CFR 2.106 / ITU Radio Regulations 2016
0.220000,0.220600,ITU,Region 1/2,Redstone Arsenal………………………………………………..............,Secondary,,,"Satellite phones, VSAT terminals, satellite internet",ITU Radio Regulations,EU/Europe follows ITU Region 1 (largely identical to Region 1/2 primary services shown). Source: FCC 47 CFR 2.106 / ITU Radio Regulations 2016
0.220000,0.220600,ITU,Region 1/2,Fort Huachuca………………………………………………………..…,Secondary,,,"Satellite phones, VSAT terminals, satellite internet",ITU Radio Regulations,EU/Europe follows ITU Region 1 (largely identical to Region 1/2 primary services shown). Source: FCC 47 CFR 2.106 / ITU Radio Regulations 2016
0.220000,0.220600,ITU,Region 1/2,Yuma Proving ……………………………………….................,Secondary,,Ground,"Satellite phones, VSAT terminals, satellite internet",ITU Radio Regulations,EU/Europe follows ITU Region 1 (largely identical to Region 1/2 primary services shown). Source: FCC 47 CFR 2.106 / ITU Radio Regulations 2016
0.220000,0.220600,ITU,Region 1/2,Beale AFB……………………………………………………………....,Secondary,,,"Satellite phones, VSAT terminals, satellite internet",ITU Radio Regulations,EU/Europe follows ITU Region 1 (largely identical to Region 1/2 primary services shown). Source: FCC 47 CFR 2.106 / ITU Radio Regulations 2016
0.220000,0.220600,ITU,Region 1/2,Camp Parks Reserve Forces Training Area………………...……..……,Secondary,,,"Satellite phones, VSAT terminals, satellite internet",ITU Radio Regulations,EU/Europe follows ITU Region 1 (largely identical to Region 1/2 primary services shown). Source: FCC 47 CFR 2.106 / ITU Radio Regulations 2016
0.220000,0.220600,ITU,Region 1/2,China Lake Naval Air Weapons Station…………………………..……,Secondary,,,"Satellite phones, VSAT terminals, satellite internet",ITU Radio Regulations,EU/Europe follows ITU Region 1 (largely identical to Region 1/2 primary services shown). Source: FCC 47 CFR 2.106 / ITU Radio Regulations 2016
0.220000,0.220600,ITU,Region 1/2,Edwards AFB………………………………………………………..….,Secondary,,,"Satellite phones, VSAT terminals, satellite internet",ITU Radio Regulations,EU/Europe follows ITU Region 1 (largely identical to Region 1/2 primary services shown). Source: FCC 47 CFR 2.106 / ITU Radio Regulations 2016
0.220000,0.220600,ITU,Region 1/2,Fort Irwin……………………...……………………………………..…,Secondary,,,"Satellite phones, VSAT terminals, satellite internet",ITU Radio Regulations,EU/Europe follows ITU Region 1 (largely identical to Region 1/2 primary services shown). Source: FCC 47 CFR 2.106 / ITU Radio Regulations 2016
0.220000,0.220600,ITU,Region 1/2,Marine Corps Air  Combat Center………………………...…...,Secondary,,Ground,"Satellite phones, VSAT terminals, satellite internet",ITU Radio Regulations,EU/Europe follows ITU Region 1 (largely identical to Region 1/2 primary services shown). Source: FCC 47 CFR 2.106 / ITU Radio Regulations 2016
0.220000,0.220600,ITU,Region 1/2,Buckley AFB……………………..……………………..…………..….,Secondary,,,"Satellite phones, VSAT terminals, satellite internet",ITU Radio Regulations,EU/Europe follows ITU Region 1 (largely identical to Region 1/2 primary services shown). Source: FCC 47 CFR 2.106 / ITU Radio Regulations 2016
0.220000,0.220600,ITU,Region 1/2,Schriever AFB…………………………………………………….....…,Secondary,,,"Satellite phones, VSAT terminals, satellite internet",ITU Radio Regulations,EU/Europe follows ITU Region 1 (largely identical to Region 1/2 primary services shown). Source: FCC 47 CFR 2.106 / ITU Radio Regulations 2016
0.220000,0.220600,ITU,Region 1/2,Fort ………………………………………………….................,Secondary,,Gordon,"Satellite phones, VSAT terminals, satellite internet",ITU Radio Regulations,EU/Europe follows ITU Region 1 (largely identical to Region 1/2 primary services shown). Source: FCC 47 CFR 2.106 / ITU Radio Regulations 2016
0.220000,0.220600,ITU,Region 1/2,Naval Satellite Operations Center………………………………...…....,Secondary,,,"Satellite phones, VSAT terminals, satellite internet",ITU Radio Regulations,EU/Europe follows ITU Region 1 (largely identical to Region 1/2 primary services shown). Source: FCC 47 CFR 2.106 / ITU Radio Regulations 2016
0.220000,0.220600,ITU,Region 1/2,"Naval Computer and Telecommunications Area Master Station, Pacific",Secondary,,,"Satellite phones, VSAT terminals, satellite internet",ITU Radio Regulations,EU/Europe follows ITU Region 1 (largely identical to Region 1/2 primary services shown). Source: FCC 47 CFR 2.106 / ITU Radio Regulations 2016
0.220000,0.220600,ITU,Region 1/2,Fort Detrick………………………………………………………..……,Secondary,,,"Satellite phones, VSAT terminals, satellite internet",ITU Radio Regulations,EU/Europe follows ITU Region 1 (largely identical to Region 1/2 primary services shown). Source: FCC 47 CFR 2.106 / ITU Radio Regulations 2016
0.220000,0.220600,ITU,Region 1/2,Nellis AFB…………………………………………………………..….,Secondary,,,"Satellite phones, VSAT terminals, satellite internet",ITU Radio Regulations,EU/Europe follows ITU Region 1 (largely identical to Region 1/2 primary services shown). Source: FCC 47 CFR 2.106 / ITU Radio Regulations 2016
0.220000,0.220600,ITU,Region 1/2,Nevada Test Site……………………………………………………..…,Secondary,,,"Satellite phones, VSAT terminals, satellite internet",ITU Radio Regulations,EU/Europe follows ITU Region 1 (largely identical to Region 1/2 primary services shown). Source: FCC 47 CFR 2.106 / ITU Radio Regulations 2016
0.220000,0.220600,ITU,Region 1/2,Tonapah Test Range Airfield…………………………………...……....,Secondary,,,"Satellite phones, VSAT terminals, satellite internet",ITU Radio Regulations,EU/Europe follows ITU Region 1 (largely identical to Region 1/2 primary services shown). Source: FCC 47 CFR 2.106 / ITU Radio Regulations 2016
0.220000,0.220600,ITU,Region 1/2,Cannon AFB………………………………………………....................,Secondary,,,"Satellite phones, VSAT terminals, satellite internet",ITU Radio Regulations,EU/Europe follows ITU Region 1 (largely identical to Region 1/2 primary services shown). Source: FCC 47 CFR 2.106 / ITU Radio Regulations 2016
0.220000,0.220600,ITU,Region 1/2,White Sands Missile Range…………………………………….............,Secondary,,,"Satellite phones, VSAT terminals, satellite internet",ITU Radio Regulations,EU/Europe follows ITU Region 1 (largely identical to Region 1/2 primary services shown). Source: FCC 47 CFR 2.106 / ITU Radio Regulations 2016
0.220000,0.220600,ITU,Region 1/2,Dyess AFB…………………………………………………………..….,Secondary,,,"Satellite phones, VSAT terminals, satellite internet",ITU Radio Regulations,EU/Europe follows ITU Region 1 (largely identical to Region 1/2 primary services shown). Source: FCC 47 CFR 2.106 / ITU Radio Regulations 2016
0.220000,0.220600,ITU,Region 1/2,Fort Bliss……………………………………………………………..…,Secondary,,,"Satellite phones, VSAT terminals, satellite internet",ITU Radio Regulations,EU/Europe follows ITU Region 1 (largely identical to Region 1/2 primary services shown). Source: FCC 47 CFR 2.106 / ITU Radio Regulations 2016
0.220000,0.220600,ITU,Region 1/2,Fort Sam Houston……………………………………………………....,Secondary,,,"Satellite phones, VSAT terminals, satellite internet",ITU Radio Regulations,EU/Europe follows ITU Region 1 (largely identical to Region 1/2 primary services shown). Source: FCC 47 CFR 2.106 / ITU Radio Regulations 2016
0.220000,0.220600,ITU,Region 1/2,AFB…………………………………………………..……,PRIMARY,,Goodfellow,"Satellite phones, VSAT terminals, satellite internet",ITU Radio Regulations,EU/Europe follows ITU Region 1 (largely identical to Region 1/2 primary services shown). Source: FCC 47 CFR 2.106 / ITU Radio Regulations 2016
0.220000,0.220600,ITU,Region 1/2,Kelly AFB……………………………….……………...…………..…..,Secondary,,,"Satellite phones, VSAT terminals, satellite internet",ITU Radio Regulations,EU/Europe follows ITU Region 1 (largely identical to Region 1/2 primary services shown). Source: FCC 47 CFR 2.106 / ITU Radio Regulations 2016
0.220000,0.220600,ITU,Region 1/2,Utah Test and Training Range……………………………….………....,Secondary,,,"Satellite phones, VSAT terminals, satellite internet",ITU Radio Regulations,EU/Europe follows ITU Region 1 (largely identical to Region 1/2 primary services shown). Source: FCC 47 CFR 2.106 / ITU Radio Regulations 2016
0.220000,0.220600,ITU,Region 1/2,Fort Belvoir………………………………………………………..……,Secondary,,,"Satellite phones, VSAT terminals, satellite internet",ITU Radio Regulations,EU/Europe follows ITU Region 1 (largely identical to Region 1/2 primary services shown). Source: FCC 47 CFR 2.106 / ITU Radio Regulations 2016
0.220000,0.220600,ITU,Region 1/2,Naval Satellite Operations Center.……………………………...…..….,Secondary,,,"Satellite phones, VSAT terminals, satellite internet",ITU Radio Regulations,EU/Europe follows ITU Region 1 (largely identical to Region 1/2 primary services shown). Source: FCC 47 CFR 2.106 / ITU Radio Regulations 2016
0.220000,0.220600,ITU,Region 3,AL,PRIMARY,,,"Satellite phones, VSAT terminals, satellite internet",ITU Radio Regulations,EU/Europe follows ITU Region 1 (largely identical to Region 1/2 primary services shown). Source: FCC 47 CFR 2.106 / ITU Radio Regulations 2016
0.220000,0.220600,ITU,Region 3,AZ,PRIMARY,,,"Satellite phones, VSAT terminals, satellite internet",ITU Radio Regulations,EU/Europe follows ITU Region 1 (largely identical to Region 1/2 primary services shown). Source: FCC 47 CFR 2.106 / ITU Radio Regulations 2016
0.220000,0.220600,ITU,Region 3,AZ,PRIMARY,,,"Satellite phones, VSAT terminals, satellite internet",ITU Radio Regulations,EU/Europe follows ITU Region 1 (largely identical to Region 1/2 primary services shown). Source: FCC 47 CFR 2.106 / ITU Radio Regulations 2016
0.220000,0.220600,ITU,Region 3,CA,PRIMARY,,,"Satellite phones, VSAT terminals, satellite internet",ITU Radio Regulations,EU/Europe follows ITU Region 1 (largely identical to Region 1/2 primary services shown). Source: FCC 47 CFR 2.106 / ITU Radio Regulations 2016
0.220000,0.220600,ITU,Region 3,CA,PRIMARY,,,"Satellite phones, VSAT terminals, satellite internet",ITU Radio Regulations,EU/Europe follows ITU Region 1 (largely identical to Region 1/2 primary services shown). Source: FCC 47 CFR 2.106 / ITU Radio Regulations 2016
0.220000,0.220600,ITU,Region 3,CA,PRIMARY,,,"Satellite phones, VSAT terminals, satellite internet",ITU Radio Regulations,EU/Europe follows ITU Region 1 (largely identical to Region 1/2 primary services shown). Source: FCC 47 CFR 2.106 / ITU Radio Regulations 2016
0.220000,0.220600,ITU,Region 3,CA,PRIMARY,,,"Satellite phones, VSAT terminals, satellite internet",ITU Radio Regulations,EU/Europe follows ITU Region 1 (largely identical to Region 1/2 primary services shown). Source: FCC 47 CFR 2.106 / ITU Radio Regulations 2016
0.220000,0.220600,ITU,Region 3,CA,PRIMARY,,,"Satellite phones, VSAT terminals, satellite internet",ITU Radio Regulations,EU/Europe follows ITU Region 1 (largely identical to Region 1/2 primary services shown). Source: FCC 47 CFR 2.106 / ITU Radio Regulations 2016
0.220000,0.220600,ITU,Region 3,CA,PRIMARY,,,"Satellite phones, VSAT terminals, satellite internet",ITU Radio Regulations,EU/Europe follows ITU Region 1 (largely identical to Region 1/2 primary services shown). Source: FCC 47 CFR 2.106 / ITU Radio Regulations 2016
0.220000,0.220600,ITU,Region 3,CO,PRIMARY,,,"Satellite phones, VSAT terminals, satellite internet",ITU Radio Regulations,EU/Europe follows ITU Region 1 (largely identical to Region 1/2 primary services shown). Source: FCC 47 CFR 2.106 / ITU Radio Regulations 2016
0.220000,0.220600,ITU,Region 3,CO,PRIMARY,,,"Satellite phones, VSAT terminals, satellite internet",ITU Radio Regulations,EU/Europe follows ITU Region 1 (largely identical to Region 1/2 primary services shown). Source: FCC 47 CFR 2.106 / ITU Radio Regulations 2016
0.220000,0.220600,ITU,Region 3,HI,PRIMARY,,,"Satellite phones, VSAT terminals, satellite internet",ITU Radio Regulations,EU/Europe follows ITU Region 1 (largely identical to Region 1/2 primary services shown). Source: FCC 47 CFR 2.106 / ITU Radio Regulations 2016
0.220000,0.220600,ITU,Region 3,MD,PRIMARY,,,"Satellite phones, VSAT terminals, satellite internet",ITU Radio Regulations,EU/Europe follows ITU Region 1 (largely identical to Region 1/2 primary services shown). Source: FCC 47 CFR 2.106 / ITU Radio Regulations 2016
0.220000,0.220600,ITU,Region 3,NV,PRIMARY,,,"Satellite phones, VSAT terminals, satellite internet",ITU Radio Regulations,EU/Europe follows ITU Region 1 (largely identical to Region 1/2 primary services shown). Source: FCC 47 CFR 2.106 / ITU Radio Regulations 2016
0.220000,0.220600,ITU,Region 3,NV,PRIMARY,,,"Satellite phones, VSAT terminals, satellite internet",ITU Radio Regulations,EU/Europe follows ITU Region 1 (largely identical to Region 1/2 primary services shown). Source: FCC 47 CFR 2.106 / ITU Radio Regulations 2016
0.220000,0.220600,ITU,Region 3,NV,PRIMARY,,,"Satellite phones, VSAT terminals, satellite internet",ITU Radio Regulations,EU/Europe follows ITU Region 1 (largely identical to Region 1/2 primary services shown). Source: FCC 47 CFR 2.106 / ITU Radio Regulations 2016
0.220000,0.220600,ITU,Region 3,NM,PRIMARY,,,"Satellite phones, VSAT terminals, satellite internet",ITU Radio Regulations,EU/Europe follows ITU Region 1 (largely identical to Region 1/2 primary services shown). Source: FCC 47 CFR 2.106 / ITU Radio Regulations 2016
0.220000,0.220600,ITU,Region 3,NM,PRIMARY,,,"Satellite phones, VSAT terminals, satellite internet",ITU Radio Regulations,EU/Europe follows ITU Region 1 (largely identical to Region 1/2 primary services shown). Source: FCC 47 CFR 2.106 / ITU Radio Regulations 2016
0.220000,0.220600,ITU,Region 3,TX,PRIMARY,,,"Satellite phones, VSAT terminals, satellite internet",ITU Radio Regulations,EU/Europe follows ITU Region 1 (largely identical to Region 1/2 primary services shown). Source: FCC 47 CFR 2.106 / ITU Radio Regulations 2016
0.220000,0.220600,ITU,Region 3,TX,PRIMARY,,,"Satellite phones, VSAT terminals, satellite internet",ITU Radio Regulations,EU/Europe follows ITU Region 1 (largely identical to Region 1/2 primary services shown). Source: FCC 47 CFR 2.106 / ITU Radio Regulations 2016
0.220000,0.220600,ITU,Region 3,TX,PRIMARY,,,"Satellite phones, VSAT terminals, satellite internet",ITU Radio Regulations,EU/Europe follows ITU Region 1 (largely identical to Region 1/2 primary services shown). Source: FCC 47 CFR 2.106 / ITU Radio Regulations 2016
0.220000,0.220600,ITU,Region 3,TX,PRIMARY,,,"Satellite phones, VSAT terminals, satellite internet",ITU Radio Regulations,EU/Europe follows ITU Region 1 (largely identical to Region 1/2 primary services shown). Source: FCC 47 CFR 2.106 / ITU Radio Regulations 2016
0.220000,0.220600,ITU,Region 3,TX,PRIMARY,,,"Satellite phones, VSAT terminals, satellite internet",ITU Radio Regulations,EU/Europe follows ITU Region 1 (largely identical to Region 1/2 primary services shown). Source: FCC 47 CFR 2.106 / ITU Radio Regulations 2016
0.220000,0.220600,ITU,Region 3,UT,PRIMARY,,,"Satellite phones, VSAT terminals, satellite internet",ITU Radio Regulations,EU/Europe follows ITU Region 1 (largely identical to Region 1/2 primary services shown). Source: FCC 47 CFR 2.106 / ITU Radio Regulations 2016
0.220000,0.220600,ITU,Region 3,VA,PRIMARY,,,"Satellite phones, VSAT terminals, satellite internet",ITU Radio Regulations,EU/Europe follows ITU Region 1 (largely identical to Region 1/2 primary services shown). Source: FCC 47 CFR 2.106 / ITU Radio Regulations 2016
0.220000,0.220600,ITU,Region 3,VA,PRIMARY,,,"Satellite phones, VSAT terminals, satellite internet",ITU Radio Regulations,EU/Europe follows ITU Region 1 (largely identical to Region 1/2 primary services shown). Source: FCC 47 CFR 2.106 / ITU Radio Regulations 2016
0.220000,0.220600,USA,USA,Huntsville,Secondary,,,"Satellite phones, VSAT terminals, satellite internet",FCC 47 CFR 2.106 (Federal),EU/Europe follows ITU Region 1 (largely identical to Region 1/2 primary services shown). Source: FCC 47 CFR 2.106 / ITU Radio Regulations 2016
0.220000,0.220600,USA,USA,Sierra Vista,Secondary,,,"Satellite phones, VSAT terminals, satellite internet",FCC 47 CFR 2.106 (Federal),EU/Europe follows ITU Region 1 (largely identical to Region 1/2 primary services shown). Source: FCC 47 CFR 2.106 / ITU Radio Regulations 2016
0.220000,0.220600,USA,USA,Yuma,Secondary,,,"Satellite phones, VSAT terminals, satellite internet",FCC 47 CFR 2.106 (Federal),EU/Europe follows ITU Region 1 (largely identical to Region 1/2 primary services shown). Source: FCC 47 CFR 2.106 / ITU Radio Regulations 2016
0.220000,0.220600,USA,USA,Marysville,Secondary,,,"Satellite phones, VSAT terminals, satellite internet",FCC 47 CFR 2.106 (Federal),EU/Europe follows ITU Region 1 (largely identical to Region 1/2 primary services shown). Source: FCC 47 CFR 2.106 / ITU Radio Regulations 2016
0.220000,0.220600,USA,USA,Dublin,Secondary,,,"Satellite phones, VSAT terminals, satellite internet",FCC 47 CFR 2.106 (Federal),EU/Europe follows ITU Region 1 (largely identical to Region 1/2 primary services shown). Source: FCC 47 CFR 2.106 / ITU Radio Regulations 2016
0.220000,0.220600,USA,USA,Ridgecrest,Secondary,,,"Satellite phones, VSAT terminals, satellite internet",FCC 47 CFR 2.106 (Federal),EU/Europe follows ITU Region 1 (largely identical to Region 1/2 primary services shown). Source: FCC 47 CFR 2.106 / ITU Radio Regulations 2016
0.220000,0.220600,USA,USA,Rosamond,Secondary,,,"Satellite phones, VSAT terminals, satellite internet",FCC 47 CFR 2.106 (Federal),EU/Europe follows ITU Region 1 (largely identical to Region 1/2 primary services shown). Source: FCC 47 CFR 2.106 / ITU Radio Regulations 2016
0.220000,0.220600,USA,USA,Barstow,Secondary,,,"Satellite phones, VSAT terminals, satellite internet",FCC 47 CFR 2.106 (Federal),EU/Europe follows ITU Region 1 (largely identical to Region 1/2 primary services shown). Source: FCC 47 CFR 2.106 / ITU Radio Regulations 2016
0.220000,0.220600,USA,USA,Twentynine Palms,Secondary,,,"Satellite phones, VSAT terminals, satellite internet",FCC 47 CFR 2.106 (Federal),EU/Europe follows ITU Region 1 (largely identical to Region 1/2 primary services shown). Source: FCC 47 CFR 2.106 / ITU Radio Regulations 2016
0.220000,0.220600,USA,USA,Aurora (Denver),Secondary,,,"Satellite phones, VSAT terminals, satellite internet",FCC 47 CFR 2.106 (Federal),EU/Europe follows ITU Region 1 (largely identical to Region 1/2 primary services shown). Source: FCC 47 CFR 2.106 / ITU Radio Regulations 2016
0.220000,0.220600,USA,USA,Colorado Springs,Secondary,,,"Satellite phones, VSAT terminals, satellite internet",FCC 47 CFR 2.106 (Federal),EU/Europe follows ITU Region 1 (largely identical to Region 1/2 primary services shown). Source: FCC 47 CFR 2.106 / ITU Radio Regulations 2016
0.220000,0.220600,USA,USA,Augusta,Secondary,,,"Satellite phones, VSAT terminals, satellite internet",FCC 47 CFR 2.106 (Federal),EU/Europe follows ITU Region 1 (largely identical to Region 1/2 primary services shown). Source: FCC 47 CFR 2.106 / ITU Radio Regulations 2016
0.220000,0.220600,USA,USA,Finegayan (),Secondary,,Guam,"Satellite phones, VSAT terminals, satellite internet",FCC 47 CFR 2.106 (Federal),EU/Europe follows ITU Region 1 (largely identical to Region 1/2 primary services shown). Source: FCC 47 CFR 2.106 / ITU Radio Regulations 2016
0.220000,0.220600,USA,USA,Wahiawa (Oahu Is.),Secondary,,,"Satellite phones, VSAT terminals, satellite internet",FCC 47 CFR 2.106 (Federal),EU/Europe follows ITU Region 1 (largely identical to Region 1/2 primary services shown). Source: FCC 47 CFR 2.106 / ITU Radio Regulations 2016
0.220000,0.220600,USA,USA,Frederick,Secondary,,,"Satellite phones, VSAT terminals, satellite internet",FCC 47 CFR 2.106 (Federal),EU/Europe follows ITU Region 1 (largely identical to Region 1/2 primary services shown). Source: FCC 47 CFR 2.106 / ITU Radio Regulations 2016
0.220000,0.220600,USA,USA,Las Vegas,Secondary,,,"Satellite phones, VSAT terminals, satellite internet",FCC 47 CFR 2.106 (Federal),EU/Europe follows ITU Region 1 (largely identical to Region 1/2 primary services shown). Source: FCC 47 CFR 2.106 / ITU Radio Regulations 2016
0.220000,0.220600,USA,USA,Amargosa Valley,Secondary,,,"Satellite phones, VSAT terminals, satellite internet",FCC 47 CFR 2.106 (Federal),EU/Europe follows ITU Region 1 (largely identical to Region 1/2 primary services shown). Source: FCC 47 CFR 2.106 / ITU Radio Regulations 2016
0.220000,0.220600,USA,USA,Tonapah,Secondary,,,"Satellite phones, VSAT terminals, satellite internet",FCC 47 CFR 2.106 (Federal),EU/Europe follows ITU Region 1 (largely identical to Region 1/2 primary services shown). Source: FCC 47 CFR 2.106 / ITU Radio Regulations 2016
0.220000,0.220600,USA,USA,Clovis,Secondary,,,"Satellite phones, VSAT terminals, satellite internet",FCC 47 CFR 2.106 (Federal),EU/Europe follows ITU Region 1 (largely identical to Region 1/2 primary services shown). Source: FCC 47 CFR 2.106 / ITU Radio Regulations 2016
0.220000,0.220600,USA,USA,White Sands,Secondary,,,"Satellite phones, VSAT terminals, satellite internet",FCC 47 CFR 2.106 (Federal),EU/Europe follows ITU Region 1 (largely identical to Region 1/2 primary services shown). Source: FCC 47 CFR 2.106 / ITU Radio Regulations 2016
0.220000,0.220600,USA,USA,Abilene,Secondary,,,"Satellite phones, VSAT terminals, satellite internet",FCC 47 CFR 2.106 (Federal),EU/Europe follows ITU Region 1 (largely identical to Region 1/2 primary services shown). Source: FCC 47 CFR 2.106 / ITU Radio Regulations 2016
0.220000,0.220600,USA,USA,El Paso,Secondary,,,"Satellite phones, VSAT terminals, satellite internet",FCC 47 CFR 2.106 (Federal),EU/Europe follows ITU Region 1 (largely identical to Region 1/2 primary services shown). Source: FCC 47 CFR 2.106 / ITU Radio Regulations 2016
0.220000,0.220600,USA,USA,San Antonio,Secondary,,,"Satellite phones, VSAT terminals, satellite internet",FCC 47 CFR 2.106 (Federal),EU/Europe follows ITU Region 1 (largely identical to Region 1/2 primary services shown). Source: FCC 47 CFR 2.106 / ITU Radio Regulations 2016
0.220000,0.220600,USA,USA,San Angelo,Secondary,,,"Satellite phones, VSAT terminals, satellite internet",FCC 47 CFR 2.106 (Federal),EU/Europe follows ITU Region 1 (largely identical to Region 1/2 primary services shown). Source: FCC 47 CFR 2.106 / ITU Radio Regulations 2016
0.220000,0.220600,USA,USA,San Antonio,Secondary,,,"Satellite phones, VSAT terminals, satellite internet",FCC 47 CFR 2.106 (Federal),EU/Europe follows ITU Region 1 (largely identical to Region 1/2 primary services shown). Source: FCC 47 CFR 2.106 / ITU Radio Regulations 2016
0.220000,0.220600,USA,USA,…..,Secondary,,,"Satellite phones, VSAT terminals, satellite internet",FCC 47 CFR 2.106 (Federal),EU/Europe follows ITU Region 1 (largely identical to Region 1/2 primary services shown). Source: FCC 47 CFR 2.106 / ITU Radio Regulations 2016
0.220000,0.220600,USA,USA,Alexandria,Secondary,,,"Satellite phones, VSAT terminals, satellite internet",FCC 47 CFR 2.106 (Federal),EU/Europe follows ITU Region 1 (largely identical to Region 1/2 primary services shown). Source: FCC 47 CFR 2.106 / ITU Radio Regulations 2016
0.220000,0.220600,USA,USA,Chesapeake,Secondary,,,"Satellite phones, VSAT terminals, satellite internet",FCC 47 CFR 2.106 (Federal),EU/Europe follows ITU Region 1 (largely identical to Region 1/2 primary services shown). Source: FCC 47 CFR 2.106 / ITU Radio Regulations 2016
0.222000,0.225000,USA,USA,AMATEUR,PRIMARY,,,"Ham radio transceivers, SDR receivers",FCC 47 CFR 2.106 (Non-Fed),EU/Europe follows ITU Region 1 (largely identical to Region 1/2 primary services shown). Source: FCC 47 CFR 2.106 / ITU Radio Regulations 2016
0.225000,0.235000,ITU,Region 1/2,FIXED,PRIMARY,,,"Point-to-point microwave links, satellite earth stations; Mobile phones, cellular base stations (2G/3G/4G/5G)",ITU Radio Regulations,EU/Europe follows ITU Region 1 (largely identical to Region 1/2 primary services shown). Source: FCC 47 CFR 2.106 / ITU Radio Regulations 2016
0.225000,0.235000,ITU,Region 1/2,MOBILE,PRIMARY,,,"Point-to-point microwave links, satellite earth stations; Mobile phones, cellular base stations (2G/3G/4G/5G)",ITU Radio Regulations,EU/Europe follows ITU Region 1 (largely identical to Region 1/2 primary services shown). Source: FCC 47 CFR 2.106 / ITU Radio Regulations 2016
0.225000,0.235000,USA,USA,FIXED,PRIMARY,,G27,"Point-to-point microwave links, satellite earth stations; Mobile phones, cellular base stations (2G/3G/4G/5G)",FCC 47 CFR 2.106 (Federal),EU/Europe follows ITU Region 1 (largely identical to Region 1/2 primary services shown). Source: FCC 47 CFR 2.106 / ITU Radio Regulations 2016
0.225000,0.235000,USA,USA,MOBILE,PRIMARY,,G27,"Point-to-point microwave links, satellite earth stations; Mobile phones, cellular base stations (2G/3G/4G/5G)",FCC 47 CFR 2.106 (Federal),EU/Europe follows ITU Region 1 (largely identical to Region 1/2 primary services shown). Source: FCC 47 CFR 2.106 / ITU Radio Regulations 2016
0.226000,0.231500,USA,USA,EARTH EXPLORATION-SATELLITE (passive),Secondary,,US246,"Radio telescopes, scientific receivers; Satellite phones, VSAT terminals, satellite internet; Deep space probes, scientific satellites",FCC 47 CFR 2.106 (Federal),EU/Europe follows ITU Region 1 (largely identical to Region 1/2 primary services shown). Source: FCC 47 CFR 2.106 / ITU Radio Regulations 2016
0.226000,0.231500,USA,USA,RADIO ASTRONOMY,PRIMARY,,US246,"Radio telescopes, scientific receivers; Satellite phones, VSAT terminals, satellite internet; Deep space probes, scientific satellites",FCC 47 CFR 2.106 (Federal),EU/Europe follows ITU Region 1 (largely identical to Region 1/2 primary services shown). Source: FCC 47 CFR 2.106 / ITU Radio Regulations 2016
0.226000,0.231500,USA,USA,SPACE RESEARCH (passive),Secondary,,US246,"Radio telescopes, scientific receivers; Satellite phones, VSAT terminals, satellite internet; Deep space probes, scientific satellites",FCC 47 CFR 2.106 (Federal),EU/Europe follows ITU Region 1 (largely identical to Region 1/2 primary services shown). Source: FCC 47 CFR 2.106 / ITU Radio Regulations 2016
0.231500,0.232000,USA,USA,FIXED,PRIMARY,,,"Radar systems, speed guns, weather radar; Point-to-point microwave links, satellite earth stations; Mobile phones, cellular base stations (2G/3G/4G/5G)",FCC 47 CFR 2.106 (Federal),EU/Europe follows ITU Region 1 (largely identical to Region 1/2 primary services shown). Source: FCC 47 CFR 2.106 / ITU Radio Regulations 2016
0.231500,0.232000,USA,USA,MOBILE,PRIMARY,,,"Radar systems, speed guns, weather radar; Point-to-point microwave links, satellite earth stations; Mobile phones, cellular base stations (2G/3G/4G/5G)",FCC 47 CFR 2.106 (Federal),EU/Europe follows ITU Region 1 (largely identical to Region 1/2 primary services shown). Source: FCC 47 CFR 2.106 / ITU Radio Regulations 2016
0.231500,0.232000,USA,USA,Radiolocation,Secondary,,,"Radar systems, speed guns, weather radar; Point-to-point microwave links, satellite earth stations; Mobile phones, cellular base stations (2G/3G/4G/5G)",FCC 47 CFR 2.106 (Federal),EU/Europe follows ITU Region 1 (largely identical to Region 1/2 primary services shown). Source: FCC 47 CFR 2.106 / ITU Radio Regulations 2016
0.232000,0.235000,USA,USA,FIXED,PRIMARY,,,"Radar systems, speed guns, weather radar; Point-to-point microwave links, satellite earth stations; Mobile phones, cellular base stations (2G/3G/4G/5G)",FCC 47 CFR 2.106 (Federal),EU/Europe follows ITU Region 1 (largely identical to Region 1/2 primary services shown). Source: FCC 47 CFR 2.106 / ITU Radio Regulations 2016
0.232000,0.235000,USA,USA,FIXED-SATELLITE (space-to-Earth),Secondary,,,"Radar systems, speed guns, weather radar; Point-to-point microwave links, satellite earth stations; Mobile phones, cellular base stations (2G/3G/4G/5G)",FCC 47 CFR 2.106 (Federal),EU/Europe follows ITU Region 1 (largely identical to Region 1/2 primary services shown). Source: FCC 47 CFR 2.106 / ITU Radio Regulations 2016
0.232000,0.235000,USA,USA,MOBILE,PRIMARY,,,"Radar systems, speed guns, weather radar; Point-to-point microwave links, satellite earth stations; Mobile phones, cellular base stations (2G/3G/4G/5G)",FCC 47 CFR 2.106 (Federal),EU/Europe follows ITU Region 1 (largely identical to Region 1/2 primary services shown). Source: FCC 47 CFR 2.106 / ITU Radio Regulations 2016
0.232000,0.235000,USA,USA,Radiolocation,Secondary,,,"Radar systems, speed guns, weather radar; Point-to-point microwave links, satellite earth stations; Mobile phones, cellular base stations (2G/3G/4G/5G)",FCC 47 CFR 2.106 (Federal),EU/Europe follows ITU Region 1 (largely identical to Region 1/2 primary services shown). Source: FCC 47 CFR 2.106 / ITU Radio Regulations 2016
0.235000,0.267000,USA,USA,FIXED,PRIMARY,,5.111 5.256 G27 G100,"Point-to-point microwave links, satellite earth stations; Mobile phones, cellular base stations (2G/3G/4G/5G)",FCC 47 CFR 2.106 (Federal),EU/Europe follows ITU Region 1 (largely identical to Region 1/2 primary services shown). Source: FCC 47 CFR 2.106 / ITU Radio Regulations 2016
0.235000,0.267000,USA,USA,MOBILE,PRIMARY,,5.111 5.256 G27 G100,"Point-to-point microwave links, satellite earth stations; Mobile phones, cellular base stations (2G/3G/4G/5G)",FCC 47 CFR 2.106 (Federal),EU/Europe follows ITU Region 1 (largely identical to Region 1/2 primary services shown). Source: FCC 47 CFR 2.106 / ITU Radio Regulations 2016
0.235000,0.238000,USA,USA,EARTH EXPLORATION-SATELLITE (passive),Secondary,,5.563A 5.563B,"Point-to-point microwave links, satellite earth stations; Satellite phones, VSAT terminals, satellite internet; Deep space probes, scientific satellites",FCC 47 CFR 2.106 (Federal),EU/Europe follows ITU Region 1 (largely identical to Region 1/2 primary services shown). Source: FCC 47 CFR 2.106 / ITU Radio Regulations 2016
0.235000,0.238000,USA,USA,FIXED-SATELLITE (space-to-Earth),Secondary,,5.563A 5.563B,"Point-to-point microwave links, satellite earth stations; Satellite phones, VSAT terminals, satellite internet; Deep space probes, scientific satellites",FCC 47 CFR 2.106 (Federal),EU/Europe follows ITU Region 1 (largely identical to Region 1/2 primary services shown). Source: FCC 47 CFR 2.106 / ITU Radio Regulations 2016
0.235000,0.238000,USA,USA,SPACE RESEARCH (passive),Secondary,,5.563A 5.563B,"Point-to-point microwave links, satellite earth stations; Satellite phones, VSAT terminals, satellite internet; Deep space probes, scientific satellites",FCC 47 CFR 2.106 (Federal),EU/Europe follows ITU Region 1 (largely identical to Region 1/2 primary services shown). Source: FCC 47 CFR 2.106 / ITU Radio Regulations 2016
0.238000,0.240000,ITU,Region 1/2,FIXED,PRIMARY,,,"GPS receivers, GNSS devices; Point-to-point microwave links, satellite earth stations; Mobile phones, cellular base stations (2G/3G/4G/5G); Radar systems, speed guns, weather radar",ITU Radio Regulations,EU/Europe follows ITU Region 1 (largely identical to Region 1/2 primary services shown). Source: FCC 47 CFR 2.106 / ITU Radio Regulations 2016
0.238000,0.240000,ITU,Region 1/2,FIXED-SATELLITE (space-to-Earth),Secondary,,,"GPS receivers, GNSS devices; Point-to-point microwave links, satellite earth stations; Mobile phones, cellular base stations (2G/3G/4G/5G); Radar systems, speed guns, weather radar",ITU Radio Regulations,EU/Europe follows ITU Region 1 (largely identical to Region 1/2 primary services shown). Source: FCC 47 CFR 2.106 / ITU Radio Regulations 2016
0.238000,0.240000,ITU,Region 1/2,MOBILE,PRIMARY,,,"GPS receivers, GNSS devices; Point-to-point microwave links, satellite earth stations; Mobile phones, cellular base stations (2G/3G/4G/5G); Radar systems, speed guns, weather radar",ITU Radio Regulations,EU/Europe follows ITU Region 1 (largely identical to Region 1/2 primary services shown). Source: FCC 47 CFR 2.106 / ITU Radio Regulations 2016
0.238000,0.240000,ITU,Region 1/2,RADIOLOCATION,PRIMARY,,,"GPS receivers, GNSS devices; Point-to-point microwave links, satellite earth stations; Mobile phones, cellular base stations (2G/3G/4G/5G); Radar systems, speed guns, weather radar",ITU Radio Regulations,EU/Europe follows ITU Region 1 (largely identical to Region 1/2 primary services shown). Source: FCC 47 CFR 2.106 / ITU Radio Regulations 2016
0.238000,0.240000,ITU,Region 1/2,RADIONAVIGATION,PRIMARY,,,"GPS receivers, GNSS devices; Point-to-point microwave links, satellite earth stations; Mobile phones, cellular base stations (2G/3G/4G/5G); Radar systems, speed guns, weather radar",ITU Radio Regulations,EU/Europe follows ITU Region 1 (largely identical to Region 1/2 primary services shown). Source: FCC 47 CFR 2.106 / ITU Radio Regulations 2016
0.238000,0.240000,ITU,Region 1/2,RADIONAVIGATION-SATELLITE,PRIMARY,,,"GPS receivers, GNSS devices; Point-to-point microwave links, satellite earth stations; Mobile phones, cellular base stations (2G/3G/4G/5G); Radar systems, speed guns, weather radar",ITU Radio Regulations,EU/Europe follows ITU Region 1 (largely identical to Region 1/2 primary services shown). Source: FCC 47 CFR 2.106 / ITU Radio Regulations 2016
0.240000,0.241000,ITU,Region 1/2,FIXED,PRIMARY,,,"Radar systems, speed guns, weather radar; Point-to-point microwave links, satellite earth stations; Mobile phones, cellular base stations (2G/3G/4G/5G)",ITU Radio Regulations,EU/Europe follows ITU Region 1 (largely identical to Region 1/2 primary services shown). Source: FCC 47 CFR 2.106 / ITU Radio Regulations 2016
0.240000,0.241000,ITU,Region 1/2,MOBILE,PRIMARY,,,"Radar systems, speed guns, weather radar; Point-to-point microwave links, satellite earth stations; Mobile phones, cellular base stations (2G/3G/4G/5G)",ITU Radio Regulations,EU/Europe follows ITU Region 1 (largely identical to Region 1/2 primary services shown). Source: FCC 47 CFR 2.106 / ITU Radio Regulations 2016
0.240000,0.241000,ITU,Region 1/2,RADIOLOCATION,PRIMARY,,,"Radar systems, speed guns, weather radar; Point-to-point microwave links, satellite earth stations; Mobile phones, cellular base stations (2G/3G/4G/5G)",ITU Radio Regulations,EU/Europe follows ITU Region 1 (largely identical to Region 1/2 primary services shown). Source: FCC 47 CFR 2.106 / ITU Radio Regulations 2016
0.241000,0.248000,ITU,Region 1/2,RADIO ASTRONOMY,PRIMARY,,,"Radio telescopes, scientific receivers; Radar systems, speed guns, weather radar",ITU Radio Regulations,EU/Europe follows ITU Region 1 (largely identical to Region 1/2 primary services shown). Source: FCC 47 CFR 2.106 / ITU Radio Regulations 2016
0.241000,0.248000,ITU,Region 1/2,RADIOLOCATION,PRIMARY,,,"Radio telescopes, scientific receivers; Radar systems, speed guns, weather radar",ITU Radio Regulations,EU/Europe follows ITU Region 1 (largely identical to Region 1/2 primary services shown). Source: FCC 47 CFR 2.106 / ITU Radio Regulations 2016
0.241000,0.248000,ITU,Region 3,RADIO ASTRONOMY,PRIMARY,,,"Radio telescopes, scientific receivers; Radar systems, speed guns, weather radar",ITU Radio Regulations,EU/Europe follows ITU Region 1 (largely identical to Region 1/2 primary services shown). Source: FCC 47 CFR 2.106 / ITU Radio Regulations 2016
0.241000,0.248000,ITU,Region 3,RADIOLOCATION,PRIMARY,,,"Radio telescopes, scientific receivers; Radar systems, speed guns, weather radar",ITU Radio Regulations,EU/Europe follows ITU Region 1 (largely identical to Region 1/2 primary services shown). Source: FCC 47 CFR 2.106 / ITU Radio Regulations 2016
0.241000,0.248000,ITU,Region 3,Amateur,Secondary,,,"Radio telescopes, scientific receivers; Radar systems, speed guns, weather radar",ITU Radio Regulations,EU/Europe follows ITU Region 1 (largely identical to Region 1/2 primary services shown). Source: FCC 47 CFR 2.106 / ITU Radio Regulations 2016
0.241000,0.248000,ITU,Region 3,Amateur-satellite,Secondary,,,"Radio telescopes, scientific receivers; Radar systems, speed guns, weather radar",ITU Radio Regulations,EU/Europe follows ITU Region 1 (largely identical to Region 1/2 primary services shown). Source: FCC 47 CFR 2.106 / ITU Radio Regulations 2016
0.248000,0.250000,ITU,Region 1/2,Radio astronomy,Secondary,,,"Radio telescopes, scientific receivers",ITU Radio Regulations,EU/Europe follows ITU Region 1 (largely identical to Region 1/2 primary services shown). Source: FCC 47 CFR 2.106 / ITU Radio Regulations 2016
0.248000,0.250000,ITU,Region 3,AMATEUR,PRIMARY,,,"Radio telescopes, scientific receivers",ITU Radio Regulations,EU/Europe follows ITU Region 1 (largely identical to Region 1/2 primary services shown). Source: FCC 47 CFR 2.106 / ITU Radio Regulations 2016
0.248000,0.250000,ITU,Region 3,AMATEUR-SATELLITE,PRIMARY,,,"Radio telescopes, scientific receivers",ITU Radio Regulations,EU/Europe follows ITU Region 1 (largely identical to Region 1/2 primary services shown). Source: FCC 47 CFR 2.106 / ITU Radio Regulations 2016
0.248000,0.250000,ITU,Region 3,Radio astronomy,Secondary,,,"Radio telescopes, scientific receivers",ITU Radio Regulations,EU/Europe follows ITU Region 1 (largely identical to Region 1/2 primary services shown). Source: FCC 47 CFR 2.106 / ITU Radio Regulations 2016
0.250000,0.252000,ITU,Region 1/2,EARTH EXPLORATION-SATELLITE (passive),Secondary,,,"Radio telescopes, scientific receivers; Satellite phones, VSAT terminals, satellite internet; Deep space probes, scientific satellites",ITU Radio Regulations,EU/Europe follows ITU Region 1 (largely identical to Region 1/2 primary services shown). Source: FCC 47 CFR 2.106 / ITU Radio Regulations 2016
0.250000,0.252000,ITU,Region 1/2,RADIO ASTRONOMY,PRIMARY,,US74,"Radio telescopes, scientific receivers; Satellite phones, VSAT terminals, satellite internet; Deep space probes, scientific satellites",ITU Radio Regulations,EU/Europe follows ITU Region 1 (largely identical to Region 1/2 primary services shown). Source: FCC 47 CFR 2.106 / ITU Radio Regulations 2016
0.250000,0.252000,ITU,Region 1/2,SPACE RESEARCH (passive),Secondary,,,"Radio telescopes, scientific receivers; Satellite phones, VSAT terminals, satellite internet; Deep space probes, scientific satellites",ITU Radio Regulations,EU/Europe follows ITU Region 1 (largely identical to Region 1/2 primary services shown). Source: FCC 47 CFR 2.106 / ITU Radio Regulations 2016
0.252000,0.265000,ITU,Region 1/2,FIXED,PRIMARY,,,"Radio telescopes, scientific receivers; GPS receivers, GNSS devices; Point-to-point microwave links, satellite earth stations; Mobile phones, cellular base stations (2G/3G/4G/5G)",ITU Radio Regulations,EU/Europe follows ITU Region 1 (largely identical to Region 1/2 primary services shown). Source: FCC 47 CFR 2.106 / ITU Radio Regulations 2016
0.252000,0.265000,ITU,Region 1/2,MOBILE,PRIMARY,,,"Radio telescopes, scientific receivers; GPS receivers, GNSS devices; Point-to-point microwave links, satellite earth stations; Mobile phones, cellular base stations (2G/3G/4G/5G)",ITU Radio Regulations,EU/Europe follows ITU Region 1 (largely identical to Region 1/2 primary services shown). Source: FCC 47 CFR 2.106 / ITU Radio Regulations 2016
0.252000,0.265000,ITU,Region 1/2,MOBILE-SATELLITE (Earth-to-space),Secondary,,,"Radio telescopes, scientific receivers; GPS receivers, GNSS devices; Point-to-point microwave links, satellite earth stations; Mobile phones, cellular base stations (2G/3G/4G/5G)",ITU Radio Regulations,EU/Europe follows ITU Region 1 (largely identical to Region 1/2 primary services shown). Source: FCC 47 CFR 2.106 / ITU Radio Regulations 2016
0.252000,0.265000,ITU,Region 1/2,RADIO ASTRONOMY,PRIMARY,,,"Radio telescopes, scientific receivers; GPS receivers, GNSS devices; Point-to-point microwave links, satellite earth stations; Mobile phones, cellular base stations (2G/3G/4G/5G)",ITU Radio Regulations,EU/Europe follows ITU Region 1 (largely identical to Region 1/2 primary services shown). Source: FCC 47 CFR 2.106 / ITU Radio Regulations 2016
0.252000,0.265000,ITU,Region 1/2,RADIONAVIGATION,PRIMARY,,,"Radio telescopes, scientific receivers; GPS receivers, GNSS devices; Point-to-point microwave links, satellite earth stations; Mobile phones, cellular base stations (2G/3G/4G/5G)",ITU Radio Regulations,EU/Europe follows ITU Region 1 (largely identical to Region 1/2 primary services shown). Source: FCC 47 CFR 2.106 / ITU Radio Regulations 2016
0.252000,0.265000,ITU,Region 1/2,RADIONAVIGATION-SATELLITE,PRIMARY,,,"Radio telescopes, scientific receivers; GPS receivers, GNSS devices; Point-to-point microwave links, satellite earth stations; Mobile phones, cellular base stations (2G/3G/4G/5G)",ITU Radio Regulations,EU/Europe follows ITU Region 1 (largely identical to Region 1/2 primary services shown). Source: FCC 47 CFR 2.106 / ITU Radio Regulations 2016
0.265000,0.275000,ITU,Region 1/2,FIXED,PRIMARY,,,"Radio telescopes, scientific receivers; Point-to-point microwave links, satellite earth stations; Mobile phones, cellular base stations (2G/3G/4G/5G)",ITU Radio Regulations,EU/Europe follows ITU Region 1 (largely identical to Region 1/2 primary services shown). Source: FCC 47 CFR 2.106 / ITU Radio Regulations 2016
0.265000,0.275000,ITU,Region 1/2,FIXED-SATELLITE (Earth-to-space),Secondary,,,"Radio telescopes, scientific receivers; Point-to-point microwave links, satellite earth stations; Mobile phones, cellular base stations (2G/3G/4G/5G)",ITU Radio Regulations,EU/Europe follows ITU Region 1 (largely identical to Region 1/2 primary services shown). Source: FCC 47 CFR 2.106 / ITU Radio Regulations 2016
0.265000,0.275000,ITU,Region 1/2,MOBILE,PRIMARY,,,"Radio telescopes, scientific receivers; Point-to-point microwave links, satellite earth stations; Mobile phones, cellular base stations (2G/3G/4G/5G)",ITU Radio Regulations,EU/Europe follows ITU Region 1 (largely identical to Region 1/2 primary services shown). Source: FCC 47 CFR 2.106 / ITU Radio Regulations 2016
0.265000,0.275000,ITU,Region 1/2,RADIO ASTRONOMY,PRIMARY,,,"Radio telescopes, scientific receivers; Point-to-point microwave links, satellite earth stations; Mobile phones, cellular base stations (2G/3G/4G/5G)",ITU Radio Regulations,EU/Europe follows ITU Region 1 (largely identical to Region 1/2 primary services shown). Source: FCC 47 CFR 2.106 / ITU Radio Regulations 2016
0.275000,0.285000,ITU,Region 1/2,AERONAUTICAL RADIONAVIGATION,PRIMARY,,,"GPS receivers, GNSS devices; Mobile phones, cellular base stations (2G/3G/4G/5G); ILS, VOR, DME, TACAN, instrument landing systems",ITU Radio Regulations,EU/Europe follows ITU Region 1 (largely identical to Region 1/2 primary services shown). Source: FCC 47 CFR 2.106 / ITU Radio Regulations 2016
0.275000,0.285000,ITU,Region 1/2,Aeronautical mobile,Secondary,,,"GPS receivers, GNSS devices; Mobile phones, cellular base stations (2G/3G/4G/5G); ILS, VOR, DME, TACAN, instrument landing systems",ITU Radio Regulations,EU/Europe follows ITU Region 1 (largely identical to Region 1/2 primary services shown). Source: FCC 47 CFR 2.106 / ITU Radio Regulations 2016
0.275000,0.285000,ITU,Region 1/2,Maritime radionavigation (radiobeacons),Secondary,,,"GPS receivers, GNSS devices; Mobile phones, cellular base stations (2G/3G/4G/5G); ILS, VOR, DME, TACAN, instrument landing systems",ITU Radio Regulations,EU/Europe follows ITU Region 1 (largely identical to Region 1/2 primary services shown). Source: FCC 47 CFR 2.106 / ITU Radio Regulations 2016
0.275000,0.285000,USA,USA,AERONAUTICAL RADIONAVIGATION,PRIMARY,,US2 US18,"GPS receivers, GNSS devices; Mobile phones, cellular base stations (2G/3G/4G/5G); ILS, VOR, DME, TACAN, instrument landing systems",FCC 47 CFR 2.106 (Federal),EU/Europe follows ITU Region 1 (largely identical to Region 1/2 primary services shown). Source: FCC 47 CFR 2.106 / ITU Radio Regulations 2016
0.275000,0.285000,USA,USA,Aeronautical mobile,Secondary,,US2 US18,"GPS receivers, GNSS devices; Mobile phones, cellular base stations (2G/3G/4G/5G); ILS, VOR, DME, TACAN, instrument landing systems",FCC 47 CFR 2.106 (Federal),EU/Europe follows ITU Region 1 (largely identical to Region 1/2 primary services shown). Source: FCC 47 CFR 2.106 / ITU Radio Regulations 2016
0.275000,0.285000,USA,USA,Maritime radionavigation (radiobeacons),Secondary,,US2 US18,"GPS receivers, GNSS devices; Mobile phones, cellular base stations (2G/3G/4G/5G); ILS, VOR, DME, TACAN, instrument landing systems",FCC 47 CFR 2.106 (Federal),EU/Europe follows ITU Region 1 (largely identical to Region 1/2 primary services shown). Source: FCC 47 CFR 2.106 / ITU Radio Regulations 2016
0.275000,3.000000,ITU,Region 1/2,"FX, FB, ML",PRIMARY,,,,ITU Radio Regulations,EU/Europe follows ITU Region 1 (largely identical to Region 1/2 primary services shown). Source: FCC 47 CFR 2.106 / ITU Radio Regulations 2016
0.275000,3.000000,ITU,Region 3,FX,PRIMARY,,,,ITU Radio Regulations,EU/Europe follows ITU Region 1 (largely identical to Region 1/2 primary services shown). Source: FCC 47 CFR 2.106 / ITU Radio Regulations 2016
0.275000,3.000000,USA,USA,"FX, FB, ML",PRIMARY,,,,FCC 47 CFR 2.106 (Federal),EU/Europe follows ITU Region 1 (largely identical to Region 1/2 primary services shown). Source: FCC 47 CFR 2.106 / ITU Radio Regulations 2016
0.275000,3.000000,USA,USA,FX (including itinerant),Secondary,,,,FCC 47 CFR 2.106 (Non-Fed),EU/Europe follows ITU Region 1 (largely identical to Region 1/2 primary services shown). Source: FCC 47 CFR 2.106 / ITU Radio Regulations 2016
0.285000,0.315000,ITU,Region 1/2,AERONAUTICAL RADIONAVIGATION,PRIMARY,,,"GPS receivers, GNSS devices; ILS, VOR, DME, TACAN, instrument landing systems",ITU Radio Regulations,EU/Europe follows ITU Region 1 (largely identical to Region 1/2 primary services shown). Source: FCC 47 CFR 2.106 / ITU Radio Regulations 2016
0.285000,0.315000,ITU,Region 1/2,MARITIME RADIONAVIGATION (radiobeacons),Secondary,,5.73,"GPS receivers, GNSS devices; ILS, VOR, DME, TACAN, instrument landing systems",ITU Radio Regulations,EU/Europe follows ITU Region 1 (largely identical to Region 1/2 primary services shown). Source: FCC 47 CFR 2.106 / ITU Radio Regulations 2016
0.285000,0.315000,USA,USA,MARITIME RADIONAVIGATION (radiobeacons),Secondary,,5.73 US2 US18 US364,"GPS receivers, GNSS devices; ILS, VOR, DME, TACAN, instrument landing systems",FCC 47 CFR 2.106 (Federal),EU/Europe follows ITU Region 1 (largely identical to Region 1/2 primary services shown). Source: FCC 47 CFR 2.106 / ITU Radio Regulations 2016
0.285000,0.315000,USA,USA,Aeronautical radionavigation (radiobeacons),Secondary,,US2 US18 US364,"GPS receivers, GNSS devices; ILS, VOR, DME, TACAN, instrument landing systems",FCC 47 CFR 2.106 (Federal),EU/Europe follows ITU Region 1 (largely identical to Region 1/2 primary services shown). Source: FCC 47 CFR 2.106 / ITU Radio Regulations 2016
0.315000,0.325000,ITU,Region 1/2,MARITIME RADIONAVIGATION,PRIMARY,,,"GPS receivers, GNSS devices; ILS, VOR, DME, TACAN, instrument landing systems",ITU Radio Regulations,EU/Europe follows ITU Region 1 (largely identical to Region 1/2 primary services shown). Source: FCC 47 CFR 2.106 / ITU Radio Regulations 2016
0.315000,0.325000,ITU,Region 1/2,(radiobeacons),Secondary,,5.73,"GPS receivers, GNSS devices; ILS, VOR, DME, TACAN, instrument landing systems",ITU Radio Regulations,EU/Europe follows ITU Region 1 (largely identical to Region 1/2 primary services shown). Source: FCC 47 CFR 2.106 / ITU Radio Regulations 2016
0.315000,0.325000,ITU,Region 1/2,Aeronautical radionavigation,Secondary,,,"GPS receivers, GNSS devices; ILS, VOR, DME, TACAN, instrument landing systems",ITU Radio Regulations,EU/Europe follows ITU Region 1 (largely identical to Region 1/2 primary services shown). Source: FCC 47 CFR 2.106 / ITU Radio Regulations 2016
0.315000,0.325000,ITU,Region 3,AERONAUTICAL RADIONAVIGATION,PRIMARY,,,"GPS receivers, GNSS devices; ILS, VOR, DME, TACAN, instrument landing systems",ITU Radio Regulations,EU/Europe follows ITU Region 1 (largely identical to Region 1/2 primary services shown). Source: FCC 47 CFR 2.106 / ITU Radio Regulations 2016
0.315000,0.325000,ITU,Region 3,MARITIME RADIONAVIGATION,PRIMARY,,,"GPS receivers, GNSS devices; ILS, VOR, DME, TACAN, instrument landing systems",ITU Radio Regulations,EU/Europe follows ITU Region 1 (largely identical to Region 1/2 primary services shown). Source: FCC 47 CFR 2.106 / ITU Radio Regulations 2016
0.315000,0.325000,ITU,Region 3,(radiobeacons),Secondary,,5.73,"GPS receivers, GNSS devices; ILS, VOR, DME, TACAN, instrument landing systems",ITU Radio Regulations,EU/Europe follows ITU Region 1 (largely identical to Region 1/2 primary services shown). Source: FCC 47 CFR 2.106 / ITU Radio Regulations 2016
0.322000,0.328600,ITU,Region 1/2,FIXED,PRIMARY,,,"Point-to-point microwave links, satellite earth stations; Mobile phones, cellular base stations (2G/3G/4G/5G)",ITU Radio Regulations,EU/Europe follows ITU Region 1 (largely identical to Region 1/2 primary services shown). Source: FCC 47 CFR 2.106 / ITU Radio Regulations 2016
0.322000,0.328600,ITU,Region 1/2,MOBILE,PRIMARY,,,"Point-to-point microwave links, satellite earth stations; Mobile phones, cellular base stations (2G/3G/4G/5G)",ITU Radio Regulations,EU/Europe follows ITU Region 1 (largely identical to Region 1/2 primary services shown). Source: FCC 47 CFR 2.106 / ITU Radio Regulations 2016
0.325000,0.335000,ITU,Region 1/2,AERONAUTICAL RADIONAVIGATION,PRIMARY,,,"GPS receivers, GNSS devices; Mobile phones, cellular base stations (2G/3G/4G/5G); ILS, VOR, DME, TACAN, instrument landing systems",ITU Radio Regulations,EU/Europe follows ITU Region 1 (largely identical to Region 1/2 primary services shown). Source: FCC 47 CFR 2.106 / ITU Radio Regulations 2016
0.325000,0.335000,ITU,Region 1/2,Aeronautical mobile,Secondary,,,"GPS receivers, GNSS devices; Mobile phones, cellular base stations (2G/3G/4G/5G); ILS, VOR, DME, TACAN, instrument landing systems",ITU Radio Regulations,EU/Europe follows ITU Region 1 (largely identical to Region 1/2 primary services shown). Source: FCC 47 CFR 2.106 / ITU Radio Regulations 2016
0.325000,0.335000,ITU,Region 1/2,Maritime radionavigation (radiobeacons),Secondary,,,"GPS receivers, GNSS devices; Mobile phones, cellular base stations (2G/3G/4G/5G); ILS, VOR, DME, TACAN, instrument landing systems",ITU Radio Regulations,EU/Europe follows ITU Region 1 (largely identical to Region 1/2 primary services shown). Source: FCC 47 CFR 2.106 / ITU Radio Regulations 2016
0.325000,0.335000,ITU,Region 3,AERONAUTICAL RADIONAVIGATION,PRIMARY,,,"GPS receivers, GNSS devices; Mobile phones, cellular base stations (2G/3G/4G/5G); ILS, VOR, DME, TACAN, instrument landing systems",ITU Radio Regulations,EU/Europe follows ITU Region 1 (largely identical to Region 1/2 primary services shown). Source: FCC 47 CFR 2.106 / ITU Radio Regulations 2016
0.325000,0.335000,ITU,Region 3,Aeronautical mobile,Secondary,,,"GPS receivers, GNSS devices; Mobile phones, cellular base stations (2G/3G/4G/5G); ILS, VOR, DME, TACAN, instrument landing systems",ITU Radio Regulations,EU/Europe follows ITU Region 1 (largely identical to Region 1/2 primary services shown). Source: FCC 47 CFR 2.106 / ITU Radio Regulations 2016
0.325000,0.335000,USA,USA,AERONAUTICAL RADIONAVIGATION (radiobeacons),Secondary,,US2 US18,"GPS receivers, GNSS devices; Mobile phones, cellular base stations (2G/3G/4G/5G); ILS, VOR, DME, TACAN, instrument landing systems",FCC 47 CFR 2.106 (Federal),EU/Europe follows ITU Region 1 (largely identical to Region 1/2 primary services shown). Source: FCC 47 CFR 2.106 / ITU Radio Regulations 2016
0.325000,0.335000,USA,USA,Aeronautical mobile,Secondary,,US2 US18,"GPS receivers, GNSS devices; Mobile phones, cellular base stations (2G/3G/4G/5G); ILS, VOR, DME, TACAN, instrument landing systems",FCC 47 CFR 2.106 (Federal),EU/Europe follows ITU Region 1 (largely identical to Region 1/2 primary services shown). Source: FCC 47 CFR 2.106 / ITU Radio Regulations 2016
0.325000,0.335000,USA,USA,Maritime radionavigation (radiobeacons),Secondary,,US2 US18,"GPS receivers, GNSS devices; Mobile phones, cellular base stations (2G/3G/4G/5G); ILS, VOR, DME, TACAN, instrument landing systems",FCC 47 CFR 2.106 (Federal),EU/Europe follows ITU Region 1 (largely identical to Region 1/2 primary services shown). Source: FCC 47 CFR 2.106 / ITU Radio Regulations 2016
0.328600,0.335400,ITU,Region 1/2,AERONAUTICAL RADIONAVIGATION,PRIMARY,,5.258,"ILS, VOR, DME, TACAN, instrument landing systems",ITU Radio Regulations,EU/Europe follows ITU Region 1 (largely identical to Region 1/2 primary services shown). Source: FCC 47 CFR 2.106 / ITU Radio Regulations 2016
0.335000,0.405000,ITU,Region 1/2,AERONAUTICAL RADIONAVIGATION,PRIMARY,,,"Mobile phones, cellular base stations (2G/3G/4G/5G); ILS, VOR, DME, TACAN, instrument landing systems",ITU Radio Regulations,EU/Europe follows ITU Region 1 (largely identical to Region 1/2 primary services shown). Source: FCC 47 CFR 2.106 / ITU Radio Regulations 2016
0.335000,0.405000,ITU,Region 1/2,Aeronautical mobile,Secondary,,,"Mobile phones, cellular base stations (2G/3G/4G/5G); ILS, VOR, DME, TACAN, instrument landing systems",ITU Radio Regulations,EU/Europe follows ITU Region 1 (largely identical to Region 1/2 primary services shown). Source: FCC 47 CFR 2.106 / ITU Radio Regulations 2016
0.335000,0.405000,USA,USA,AERONAUTICAL RADIONAVIGATION (radiobeacons),Secondary,,US18 US2,"Mobile phones, cellular base stations (2G/3G/4G/5G); ILS, VOR, DME, TACAN, instrument landing systems",FCC 47 CFR 2.106 (Federal),EU/Europe follows ITU Region 1 (largely identical to Region 1/2 primary services shown). Source: FCC 47 CFR 2.106 / ITU Radio Regulations 2016
0.335000,0.405000,USA,USA,Aeronautical mobile,Secondary,,US2,"Mobile phones, cellular base stations (2G/3G/4G/5G); ILS, VOR, DME, TACAN, instrument landing systems",FCC 47 CFR 2.106 (Federal),EU/Europe follows ITU Region 1 (largely identical to Region 1/2 primary services shown). Source: FCC 47 CFR 2.106 / ITU Radio Regulations 2016
0.335400,0.399900,ITU,Region 1/2,FIXED,PRIMARY,,,"Point-to-point microwave links, satellite earth stations; Mobile phones, cellular base stations (2G/3G/4G/5G)",ITU Radio Regulations,EU/Europe follows ITU Region 1 (largely identical to Region 1/2 primary services shown). Source: FCC 47 CFR 2.106 / ITU Radio Regulations 2016
0.335400,0.399900,ITU,Region 1/2,MOBILE,PRIMARY,,,"Point-to-point microwave links, satellite earth stations; Mobile phones, cellular base stations (2G/3G/4G/5G)",ITU Radio Regulations,EU/Europe follows ITU Region 1 (largely identical to Region 1/2 primary services shown). Source: FCC 47 CFR 2.106 / ITU Radio Regulations 2016
0.399900,0.400100,ITU,Region 1/2,MOBILE-SATELLITE (Earth-to-space),Secondary,,US319 US320,"GPS receivers, GNSS devices; Mobile phones, cellular base stations (2G/3G/4G/5G)",ITU Radio Regulations,EU/Europe follows ITU Region 1 (largely identical to Region 1/2 primary services shown). Source: FCC 47 CFR 2.106 / ITU Radio Regulations 2016
0.399900,0.400100,ITU,Region 1/2,RADIONAVIGATION-SATELLITE,PRIMARY,,,"GPS receivers, GNSS devices; Mobile phones, cellular base stations (2G/3G/4G/5G)",ITU Radio Regulations,EU/Europe follows ITU Region 1 (largely identical to Region 1/2 primary services shown). Source: FCC 47 CFR 2.106 / ITU Radio Regulations 2016
0.400100,0.400100,ITU,Region 1/2,STANDARD FREQUENCY AND TIME SIGNAL-SATELLITE (400.1 MHz),Secondary,,,"Atomic clocks, time receivers (DCF77, WWVB)",ITU Radio Regulations,EU/Europe follows ITU Region 1 (largely identical to Region 1/2 primary services shown). Source: FCC 47 CFR 2.106 / ITU Radio Regulations 2016
0.400100,0.401000,USA,USA,METEOROLOGICAL AIDS,PRIMARY,,5.264,"Satellite phones, VSAT terminals, satellite internet; Mobile phones, cellular base stations (2G/3G/4G/5G); Deep space probes, scientific satellites; Radiosondes, weather balloons",FCC 47 CFR 2.106 (Federal),EU/Europe follows ITU Region 1 (largely identical to Region 1/2 primary services shown). Source: FCC 47 CFR 2.106 / ITU Radio Regulations 2016
0.400100,0.401000,USA,USA,(radiosonde),Secondary,,US70 5.264,"Satellite phones, VSAT terminals, satellite internet; Mobile phones, cellular base stations (2G/3G/4G/5G); Deep space probes, scientific satellites; Radiosondes, weather balloons",FCC 47 CFR 2.106 (Federal),EU/Europe follows ITU Region 1 (largely identical to Region 1/2 primary services shown). Source: FCC 47 CFR 2.106 / ITU Radio Regulations 2016
0.400100,0.401000,USA,USA,METEOROLOGICAL-SATELLITE,PRIMARY,,5.264,"Satellite phones, VSAT terminals, satellite internet; Mobile phones, cellular base stations (2G/3G/4G/5G); Deep space probes, scientific satellites; Radiosondes, weather balloons",FCC 47 CFR 2.106 (Federal),EU/Europe follows ITU Region 1 (largely identical to Region 1/2 primary services shown). Source: FCC 47 CFR 2.106 / ITU Radio Regulations 2016
0.400100,0.401000,USA,USA,(space-to-Earth),Secondary,,5.264,"Satellite phones, VSAT terminals, satellite internet; Mobile phones, cellular base stations (2G/3G/4G/5G); Deep space probes, scientific satellites; Radiosondes, weather balloons",FCC 47 CFR 2.106 (Federal),EU/Europe follows ITU Region 1 (largely identical to Region 1/2 primary services shown). Source: FCC 47 CFR 2.106 / ITU Radio Regulations 2016
0.400100,0.401000,USA,USA,MOBILE-SATELLITE (space-to-,Secondary,,5.264,"Satellite phones, VSAT terminals, satellite internet; Mobile phones, cellular base stations (2G/3G/4G/5G); Deep space probes, scientific satellites; Radiosondes, weather balloons",FCC 47 CFR 2.106 (Federal),EU/Europe follows ITU Region 1 (largely identical to Region 1/2 primary services shown). Source: FCC 47 CFR 2.106 / ITU Radio Regulations 2016
0.400100,0.401000,USA,USA,Earth),Secondary,,US319 US320 US324 5.264,"Satellite phones, VSAT terminals, satellite internet; Mobile phones, cellular base stations (2G/3G/4G/5G); Deep space probes, scientific satellites; Radiosondes, weather balloons",FCC 47 CFR 2.106 (Federal),EU/Europe follows ITU Region 1 (largely identical to Region 1/2 primary services shown). Source: FCC 47 CFR 2.106 / ITU Radio Regulations 2016
0.400100,0.401000,USA,USA,SPACE RESEARCH,PRIMARY,,5.264,"Satellite phones, VSAT terminals, satellite internet; Mobile phones, cellular base stations (2G/3G/4G/5G); Deep space probes, scientific satellites; Radiosondes, weather balloons",FCC 47 CFR 2.106 (Federal),EU/Europe follows ITU Region 1 (largely identical to Region 1/2 primary services shown). Source: FCC 47 CFR 2.106 / ITU Radio Regulations 2016
0.400100,0.401000,USA,USA,(space-to-Earth),Secondary,,5.263 5.264,"Satellite phones, VSAT terminals, satellite internet; Mobile phones, cellular base stations (2G/3G/4G/5G); Deep space probes, scientific satellites; Radiosondes, weather balloons",FCC 47 CFR 2.106 (Federal),EU/Europe follows ITU Region 1 (largely identical to Region 1/2 primary services shown). Source: FCC 47 CFR 2.106 / ITU Radio Regulations 2016
0.400100,0.401000,USA,USA,Space operation (space-to-Earth),Secondary,,5.264,"Satellite phones, VSAT terminals, satellite internet; Mobile phones, cellular base stations (2G/3G/4G/5G); Deep space probes, scientific satellites; Radiosondes, weather balloons",FCC 47 CFR 2.106 (Federal),EU/Europe follows ITU Region 1 (largely identical to Region 1/2 primary services shown). Source: FCC 47 CFR 2.106 / ITU Radio Regulations 2016
0.400100,0.401000,USA,USA,METEOROLOGICAL AIDS,PRIMARY,,5.264,"Satellite phones, VSAT terminals, satellite internet; Mobile phones, cellular base stations (2G/3G/4G/5G); Deep space probes, scientific satellites; Radiosondes, weather balloons",FCC 47 CFR 2.106 (Non-Fed),EU/Europe follows ITU Region 1 (largely identical to Region 1/2 primary services shown). Source: FCC 47 CFR 2.106 / ITU Radio Regulations 2016
0.400100,0.401000,USA,USA,(radiosonde),Secondary,,US70 5.264,"Satellite phones, VSAT terminals, satellite internet; Mobile phones, cellular base stations (2G/3G/4G/5G); Deep space probes, scientific satellites; Radiosondes, weather balloons",FCC 47 CFR 2.106 (Non-Fed),EU/Europe follows ITU Region 1 (largely identical to Region 1/2 primary services shown). Source: FCC 47 CFR 2.106 / ITU Radio Regulations 2016
0.400100,0.401000,USA,USA,MOBILE-SATELLITE (space-to-,Secondary,,5.264,"Satellite phones, VSAT terminals, satellite internet; Mobile phones, cellular base stations (2G/3G/4G/5G); Deep space probes, scientific satellites; Radiosondes, weather balloons",FCC 47 CFR 2.106 (Non-Fed),EU/Europe follows ITU Region 1 (largely identical to Region 1/2 primary services shown). Source: FCC 47 CFR 2.106 / ITU Radio Regulations 2016
0.400100,0.401000,USA,USA,Earth),Secondary,,US319 US320 US324 5.264,"Satellite phones, VSAT terminals, satellite internet; Mobile phones, cellular base stations (2G/3G/4G/5G); Deep space probes, scientific satellites; Radiosondes, weather balloons",FCC 47 CFR 2.106 (Non-Fed),EU/Europe follows ITU Region 1 (largely identical to Region 1/2 primary services shown). Source: FCC 47 CFR 2.106 / ITU Radio Regulations 2016
0.400100,0.401000,USA,USA,SPACE RESEARCH,PRIMARY,,5.264,"Satellite phones, VSAT terminals, satellite internet; Mobile phones, cellular base stations (2G/3G/4G/5G); Deep space probes, scientific satellites; Radiosondes, weather balloons",FCC 47 CFR 2.106 (Non-Fed),EU/Europe follows ITU Region 1 (largely identical to Region 1/2 primary services shown). Source: FCC 47 CFR 2.106 / ITU Radio Regulations 2016
0.400100,0.401000,USA,USA,(space-to-Earth),Secondary,,5.263 5.264,"Satellite phones, VSAT terminals, satellite internet; Mobile phones, cellular base stations (2G/3G/4G/5G); Deep space probes, scientific satellites; Radiosondes, weather balloons",FCC 47 CFR 2.106 (Non-Fed),EU/Europe follows ITU Region 1 (largely identical to Region 1/2 primary services shown). Source: FCC 47 CFR 2.106 / ITU Radio Regulations 2016
0.400100,0.401000,USA,USA,Space operation (space-to-Earth),Secondary,,5.264,"Satellite phones, VSAT terminals, satellite internet; Mobile phones, cellular base stations (2G/3G/4G/5G); Deep space probes, scientific satellites; Radiosondes, weather balloons",FCC 47 CFR 2.106 (Non-Fed),EU/Europe follows ITU Region 1 (largely identical to Region 1/2 primary services shown). Source: FCC 47 CFR 2.106 / ITU Radio Regulations 2016
0.401000,0.402000,USA,USA,METEOROLOGICAL AIDS,PRIMARY,,US64 US384,"Satellite phones, VSAT terminals, satellite internet; Radiosondes, weather balloons",FCC 47 CFR 2.106 (Federal),EU/Europe follows ITU Region 1 (largely identical to Region 1/2 primary services shown). Source: FCC 47 CFR 2.106 / ITU Radio Regulations 2016
0.401000,0.402000,USA,USA,(radiosonde),Secondary,,US70 US64 US384,"Satellite phones, VSAT terminals, satellite internet; Radiosondes, weather balloons",FCC 47 CFR 2.106 (Federal),EU/Europe follows ITU Region 1 (largely identical to Region 1/2 primary services shown). Source: FCC 47 CFR 2.106 / ITU Radio Regulations 2016
0.401000,0.402000,USA,USA,SPACE OPERATION,PRIMARY,,US64 US384,"Satellite phones, VSAT terminals, satellite internet; Radiosondes, weather balloons",FCC 47 CFR 2.106 (Federal),EU/Europe follows ITU Region 1 (largely identical to Region 1/2 primary services shown). Source: FCC 47 CFR 2.106 / ITU Radio Regulations 2016
0.401000,0.402000,USA,USA,(space-to-Earth),Secondary,,US64 US384,"Satellite phones, VSAT terminals, satellite internet; Radiosondes, weather balloons",FCC 47 CFR 2.106 (Federal),EU/Europe follows ITU Region 1 (largely identical to Region 1/2 primary services shown). Source: FCC 47 CFR 2.106 / ITU Radio Regulations 2016
0.401000,0.402000,USA,USA,EARTH EXPLORATION-,PRIMARY,,US64 US384,"Satellite phones, VSAT terminals, satellite internet; Radiosondes, weather balloons",FCC 47 CFR 2.106 (Federal),EU/Europe follows ITU Region 1 (largely identical to Region 1/2 primary services shown). Source: FCC 47 CFR 2.106 / ITU Radio Regulations 2016
0.401000,0.402000,USA,USA,SATELLITE (Earth-to-space),Secondary,,US64 US384,"Satellite phones, VSAT terminals, satellite internet; Radiosondes, weather balloons",FCC 47 CFR 2.106 (Federal),EU/Europe follows ITU Region 1 (largely identical to Region 1/2 primary services shown). Source: FCC 47 CFR 2.106 / ITU Radio Regulations 2016
0.401000,0.402000,USA,USA,METEOROLOGICAL-SATELLITE,PRIMARY,,US64 US384,"Satellite phones, VSAT terminals, satellite internet; Radiosondes, weather balloons",FCC 47 CFR 2.106 (Federal),EU/Europe follows ITU Region 1 (largely identical to Region 1/2 primary services shown). Source: FCC 47 CFR 2.106 / ITU Radio Regulations 2016
0.401000,0.402000,USA,USA,(Earth-to-space),Secondary,,US64 US384,"Satellite phones, VSAT terminals, satellite internet; Radiosondes, weather balloons",FCC 47 CFR 2.106 (Federal),EU/Europe follows ITU Region 1 (largely identical to Region 1/2 primary services shown). Source: FCC 47 CFR 2.106 / ITU Radio Regulations 2016
0.401000,0.402000,USA,USA,METEOROLOGICAL AIDS,PRIMARY,,US64 US384,"Satellite phones, VSAT terminals, satellite internet; Radiosondes, weather balloons",FCC 47 CFR 2.106 (Non-Fed),EU/Europe follows ITU Region 1 (largely identical to Region 1/2 primary services shown). Source: FCC 47 CFR 2.106 / ITU Radio Regulations 2016
0.401000,0.402000,USA,USA,(radiosonde),Secondary,,US70 US64 US384,"Satellite phones, VSAT terminals, satellite internet; Radiosondes, weather balloons",FCC 47 CFR 2.106 (Non-Fed),EU/Europe follows ITU Region 1 (largely identical to Region 1/2 primary services shown). Source: FCC 47 CFR 2.106 / ITU Radio Regulations 2016
0.401000,0.402000,USA,USA,SPACE OPERATION,PRIMARY,,US64 US384,"Satellite phones, VSAT terminals, satellite internet; Radiosondes, weather balloons",FCC 47 CFR 2.106 (Non-Fed),EU/Europe follows ITU Region 1 (largely identical to Region 1/2 primary services shown). Source: FCC 47 CFR 2.106 / ITU Radio Regulations 2016
0.401000,0.402000,USA,USA,(space-to-Earth),Secondary,,US64 US384,"Satellite phones, VSAT terminals, satellite internet; Radiosondes, weather balloons",FCC 47 CFR 2.106 (Non-Fed),EU/Europe follows ITU Region 1 (largely identical to Region 1/2 primary services shown). Source: FCC 47 CFR 2.106 / ITU Radio Regulations 2016
0.401000,0.402000,USA,USA,Earth exploration-satellite,Secondary,,US64 US384,"Satellite phones, VSAT terminals, satellite internet; Radiosondes, weather balloons",FCC 47 CFR 2.106 (Non-Fed),EU/Europe follows ITU Region 1 (largely identical to Region 1/2 primary services shown). Source: FCC 47 CFR 2.106 / ITU Radio Regulations 2016
0.401000,0.402000,USA,USA,(Earth-to-space),Secondary,,US64 US384,"Satellite phones, VSAT terminals, satellite internet; Radiosondes, weather balloons",FCC 47 CFR 2.106 (Non-Fed),EU/Europe follows ITU Region 1 (largely identical to Region 1/2 primary services shown). Source: FCC 47 CFR 2.106 / ITU Radio Regulations 2016
0.401000,0.402000,USA,USA,Meteorological-satellite,Secondary,,US64 US384,"Satellite phones, VSAT terminals, satellite internet; Radiosondes, weather balloons",FCC 47 CFR 2.106 (Non-Fed),EU/Europe follows ITU Region 1 (largely identical to Region 1/2 primary services shown). Source: FCC 47 CFR 2.106 / ITU Radio Regulations 2016
0.401000,0.402000,USA,USA,(Earth-to-space),Secondary,,US64 US384,"Satellite phones, VSAT terminals, satellite internet; Radiosondes, weather balloons",FCC 47 CFR 2.106 (Non-Fed),EU/Europe follows ITU Region 1 (largely identical to Region 1/2 primary services shown). Source: FCC 47 CFR 2.106 / ITU Radio Regulations 2016
0.402000,0.403000,USA,USA,METEOROLOGICAL AIDS,PRIMARY,,US64 US384,"Satellite phones, VSAT terminals, satellite internet; Radiosondes, weather balloons",FCC 47 CFR 2.106 (Federal),EU/Europe follows ITU Region 1 (largely identical to Region 1/2 primary services shown). Source: FCC 47 CFR 2.106 / ITU Radio Regulations 2016
0.402000,0.403000,USA,USA,(radiosonde),Secondary,,US70 US64 US384,"Satellite phones, VSAT terminals, satellite internet; Radiosondes, weather balloons",FCC 47 CFR 2.106 (Federal),EU/Europe follows ITU Region 1 (largely identical to Region 1/2 primary services shown). Source: FCC 47 CFR 2.106 / ITU Radio Regulations 2016
0.402000,0.403000,USA,USA,EARTH EXPLORATION-,PRIMARY,,US64 US384,"Satellite phones, VSAT terminals, satellite internet; Radiosondes, weather balloons",FCC 47 CFR 2.106 (Federal),EU/Europe follows ITU Region 1 (largely identical to Region 1/2 primary services shown). Source: FCC 47 CFR 2.106 / ITU Radio Regulations 2016
0.402000,0.403000,USA,USA,SATELLITE (Earth-to-space),Secondary,,US64 US384,"Satellite phones, VSAT terminals, satellite internet; Radiosondes, weather balloons",FCC 47 CFR 2.106 (Federal),EU/Europe follows ITU Region 1 (largely identical to Region 1/2 primary services shown). Source: FCC 47 CFR 2.106 / ITU Radio Regulations 2016
0.402000,0.403000,USA,USA,METEOROLOGICAL-SATELLITE,PRIMARY,,US64 US384,"Satellite phones, VSAT terminals, satellite internet; Radiosondes, weather balloons",FCC 47 CFR 2.106 (Federal),EU/Europe follows ITU Region 1 (largely identical to Region 1/2 primary services shown). Source: FCC 47 CFR 2.106 / ITU Radio Regulations 2016
0.402000,0.403000,USA,USA,(Earth-to-space),Secondary,,US64 US384,"Satellite phones, VSAT terminals, satellite internet; Radiosondes, weather balloons",FCC 47 CFR 2.106 (Federal),EU/Europe follows ITU Region 1 (largely identical to Region 1/2 primary services shown). Source: FCC 47 CFR 2.106 / ITU Radio Regulations 2016
0.402000,0.403000,USA,USA,METEOROLOGICAL AIDS,PRIMARY,,US64 US384,"Satellite phones, VSAT terminals, satellite internet; Radiosondes, weather balloons",FCC 47 CFR 2.106 (Non-Fed),EU/Europe follows ITU Region 1 (largely identical to Region 1/2 primary services shown). Source: FCC 47 CFR 2.106 / ITU Radio Regulations 2016
0.402000,0.403000,USA,USA,(radiosonde),Secondary,,US70 US64 US384,"Satellite phones, VSAT terminals, satellite internet; Radiosondes, weather balloons",FCC 47 CFR 2.106 (Non-Fed),EU/Europe follows ITU Region 1 (largely identical to Region 1/2 primary services shown). Source: FCC 47 CFR 2.106 / ITU Radio Regulations 2016
0.402000,0.403000,USA,USA,Earth exploration-satellite,Secondary,,US64 US384,"Satellite phones, VSAT terminals, satellite internet; Radiosondes, weather balloons",FCC 47 CFR 2.106 (Non-Fed),EU/Europe follows ITU Region 1 (largely identical to Region 1/2 primary services shown). Source: FCC 47 CFR 2.106 / ITU Radio Regulations 2016
0.402000,0.403000,USA,USA,(Earth-to-space),Secondary,,US64 US384,"Satellite phones, VSAT terminals, satellite internet; Radiosondes, weather balloons",FCC 47 CFR 2.106 (Non-Fed),EU/Europe follows ITU Region 1 (largely identical to Region 1/2 primary services shown). Source: FCC 47 CFR 2.106 / ITU Radio Regulations 2016
0.402000,0.403000,USA,USA,Meteorological-satellite,Secondary,,US64 US384,"Satellite phones, VSAT terminals, satellite internet; Radiosondes, weather balloons",FCC 47 CFR 2.106 (Non-Fed),EU/Europe follows ITU Region 1 (largely identical to Region 1/2 primary services shown). Source: FCC 47 CFR 2.106 / ITU Radio Regulations 2016
0.402000,0.403000,USA,USA,(Earth-to-space),Secondary,,US64 US384,"Satellite phones, VSAT terminals, satellite internet; Radiosondes, weather balloons",FCC 47 CFR 2.106 (Non-Fed),EU/Europe follows ITU Region 1 (largely identical to Region 1/2 primary services shown). Source: FCC 47 CFR 2.106 / ITU Radio Regulations 2016
0.403000,0.406000,USA,USA,METEOROLOGICAL AIDS,PRIMARY,,US64 G6,"Radiosondes, weather balloons",FCC 47 CFR 2.106 (Federal),EU/Europe follows ITU Region 1 (largely identical to Region 1/2 primary services shown). Source: FCC 47 CFR 2.106 / ITU Radio Regulations 2016
0.403000,0.406000,USA,USA,(radiosonde),Secondary,,US70 US64 G6,"Radiosondes, weather balloons",FCC 47 CFR 2.106 (Federal),EU/Europe follows ITU Region 1 (largely identical to Region 1/2 primary services shown). Source: FCC 47 CFR 2.106 / ITU Radio Regulations 2016
0.403000,0.406000,USA,USA,METEOROLOGICAL AIDS,PRIMARY,,US64,"Radiosondes, weather balloons",FCC 47 CFR 2.106 (Non-Fed),EU/Europe follows ITU Region 1 (largely identical to Region 1/2 primary services shown). Source: FCC 47 CFR 2.106 / ITU Radio Regulations 2016
0.403000,0.406000,USA,USA,(radiosonde),Secondary,,US70 US64,"Radiosondes, weather balloons",FCC 47 CFR 2.106 (Non-Fed),EU/Europe follows ITU Region 1 (largely identical to Region 1/2 primary services shown). Source: FCC 47 CFR 2.106 / ITU Radio Regulations 2016
0.405000,0.415000,ITU,Region 1/2,RADIONAVIGATION,PRIMARY,,5.76,"GPS receivers, GNSS devices; Mobile phones, cellular base stations (2G/3G/4G/5G)",ITU Radio Regulations,EU/Europe follows ITU Region 1 (largely identical to Region 1/2 primary services shown). Source: FCC 47 CFR 2.106 / ITU Radio Regulations 2016
0.405000,0.415000,ITU,Region 1/2,Aeronautical mobile,Secondary,,,"GPS receivers, GNSS devices; Mobile phones, cellular base stations (2G/3G/4G/5G)",ITU Radio Regulations,EU/Europe follows ITU Region 1 (largely identical to Region 1/2 primary services shown). Source: FCC 47 CFR 2.106 / ITU Radio Regulations 2016
0.405000,0.415000,USA,USA,RADIONAVIGATION,PRIMARY,,5.76 US18 US2,"GPS receivers, GNSS devices; Mobile phones, cellular base stations (2G/3G/4G/5G)",FCC 47 CFR 2.106 (Federal),EU/Europe follows ITU Region 1 (largely identical to Region 1/2 primary services shown). Source: FCC 47 CFR 2.106 / ITU Radio Regulations 2016
0.405000,0.415000,USA,USA,Aeronautical mobile,Secondary,,US2,"GPS receivers, GNSS devices; Mobile phones, cellular base stations (2G/3G/4G/5G)",FCC 47 CFR 2.106 (Federal),EU/Europe follows ITU Region 1 (largely identical to Region 1/2 primary services shown). Source: FCC 47 CFR 2.106 / ITU Radio Regulations 2016
0.406000,0.406100,USA,USA,MOBILE-SATELLITE (Earth-to-space),Secondary,,5.266 5.267,"Mobile phones, cellular base stations (2G/3G/4G/5G)",FCC 47 CFR 2.106 (Federal),EU/Europe follows ITU Region 1 (largely identical to Region 1/2 primary services shown). Source: FCC 47 CFR 2.106 / ITU Radio Regulations 2016
0.406100,0.410000,USA,USA,FIXED,PRIMARY,,US13 US55 US117 G5 G6,"Radio telescopes, scientific receivers; Point-to-point microwave links, satellite earth stations; Mobile phones, cellular base stations (2G/3G/4G/5G)",FCC 47 CFR 2.106 (Federal),EU/Europe follows ITU Region 1 (largely identical to Region 1/2 primary services shown). Source: FCC 47 CFR 2.106 / ITU Radio Regulations 2016
0.406100,0.410000,USA,USA,MOBILE,PRIMARY,,US13 US55 US117 G5 G6,"Radio telescopes, scientific receivers; Point-to-point microwave links, satellite earth stations; Mobile phones, cellular base stations (2G/3G/4G/5G)",FCC 47 CFR 2.106 (Federal),EU/Europe follows ITU Region 1 (largely identical to Region 1/2 primary services shown). Source: FCC 47 CFR 2.106 / ITU Radio Regulations 2016
0.406100,0.410000,USA,USA,RADIO ASTRONOMY,PRIMARY,,US74 US13 US55 US117 G5 G6,"Radio telescopes, scientific receivers; Point-to-point microwave links, satellite earth stations; Mobile phones, cellular base stations (2G/3G/4G/5G)",FCC 47 CFR 2.106 (Federal),EU/Europe follows ITU Region 1 (largely identical to Region 1/2 primary services shown). Source: FCC 47 CFR 2.106 / ITU Radio Regulations 2016
0.406100,0.410000,USA,USA,RADIO ASTRONOMY,PRIMARY,,US74 US13 US55 US117,"Radio telescopes, scientific receivers; Point-to-point microwave links, satellite earth stations; Mobile phones, cellular base stations (2G/3G/4G/5G)",FCC 47 CFR 2.106 (Non-Fed),EU/Europe follows ITU Region 1 (largely identical to Region 1/2 primary services shown). Source: FCC 47 CFR 2.106 / ITU Radio Regulations 2016
0.410000,0.420000,USA,USA,FIXED,PRIMARY,,US13 US55 US64 G5,"Point-to-point microwave links, satellite earth stations; Mobile phones, cellular base stations (2G/3G/4G/5G); Deep space probes, scientific satellites",FCC 47 CFR 2.106 (Federal),EU/Europe follows ITU Region 1 (largely identical to Region 1/2 primary services shown). Source: FCC 47 CFR 2.106 / ITU Radio Regulations 2016
0.410000,0.420000,USA,USA,MOBILE,PRIMARY,,US13 US55 US64 G5,"Point-to-point microwave links, satellite earth stations; Mobile phones, cellular base stations (2G/3G/4G/5G); Deep space probes, scientific satellites",FCC 47 CFR 2.106 (Federal),EU/Europe follows ITU Region 1 (largely identical to Region 1/2 primary services shown). Source: FCC 47 CFR 2.106 / ITU Radio Regulations 2016
0.410000,0.420000,USA,USA,SPACE RESEARCH,PRIMARY,,US13 US55 US64 G5,"Point-to-point microwave links, satellite earth stations; Mobile phones, cellular base stations (2G/3G/4G/5G); Deep space probes, scientific satellites",FCC 47 CFR 2.106 (Federal),EU/Europe follows ITU Region 1 (largely identical to Region 1/2 primary services shown). Source: FCC 47 CFR 2.106 / ITU Radio Regulations 2016
0.410000,0.420000,USA,USA,(space-to-space),Secondary,,5.268 US13 US55 US64 G5,"Point-to-point microwave links, satellite earth stations; Mobile phones, cellular base stations (2G/3G/4G/5G); Deep space probes, scientific satellites",FCC 47 CFR 2.106 (Federal),EU/Europe follows ITU Region 1 (largely identical to Region 1/2 primary services shown). Source: FCC 47 CFR 2.106 / ITU Radio Regulations 2016
0.415000,0.435000,USA,USA,MARITIME MOBILE,PRIMARY,,5.79 US2,"Mobile phones, cellular base stations (2G/3G/4G/5G); ILS, VOR, DME, TACAN, instrument landing systems",FCC 47 CFR 2.106 (Federal),EU/Europe follows ITU Region 1 (largely identical to Region 1/2 primary services shown). Source: FCC 47 CFR 2.106 / ITU Radio Regulations 2016
0.415000,0.435000,USA,USA,AERONAUTICAL RADIONAVIGATION,PRIMARY,,US2,"Mobile phones, cellular base stations (2G/3G/4G/5G); ILS, VOR, DME, TACAN, instrument landing systems",FCC 47 CFR 2.106 (Federal),EU/Europe follows ITU Region 1 (largely identical to Region 1/2 primary services shown). Source: FCC 47 CFR 2.106 / ITU Radio Regulations 2016
0.420000,0.450000,USA,USA,RADIOLOCATION,PRIMARY,,G2 G129 5.286 US64 US87 US230 US269 US270 US397 G8,"Ham radio transceivers, SDR receivers; Radar systems, speed guns, weather radar",FCC 47 CFR 2.106 (Federal),EU/Europe follows ITU Region 1 (largely identical to Region 1/2 primary services shown). Source: FCC 47 CFR 2.106 / ITU Radio Regulations 2016
0.420000,0.450000,USA,USA,Amateur,Secondary,,US270 5.282 5.286 US64 US87 US230 US269 US397,"Ham radio transceivers, SDR receivers; Radar systems, speed guns, weather radar",FCC 47 CFR 2.106 (Non-Fed),EU/Europe follows ITU Region 1 (largely identical to Region 1/2 primary services shown). Source: FCC 47 CFR 2.106 / ITU Radio Regulations 2016
0.435000,0.472000,USA,USA,MARITIME MOBILE,PRIMARY,,5.79 5.82 US2 US231,"Mobile phones, cellular base stations (2G/3G/4G/5G); ILS, VOR, DME, TACAN, instrument landing systems",FCC 47 CFR 2.106 (Federal),EU/Europe follows ITU Region 1 (largely identical to Region 1/2 primary services shown). Source: FCC 47 CFR 2.106 / ITU Radio Regulations 2016
0.435000,0.472000,USA,USA,Aeronautical radionavigation,Secondary,,5.82 US2 US231,"Mobile phones, cellular base stations (2G/3G/4G/5G); ILS, VOR, DME, TACAN, instrument landing systems",FCC 47 CFR 2.106 (Federal),EU/Europe follows ITU Region 1 (largely identical to Region 1/2 primary services shown). Source: FCC 47 CFR 2.106 / ITU Radio Regulations 2016
0.450000,0.454000,USA,USA,LAND MOBILE,PRIMARY,,5.286 US64 US87 NG112 NG124,"Mobile phones, cellular base stations (2G/3G/4G/5G)",FCC 47 CFR 2.106 (Non-Fed),EU/Europe follows ITU Region 1 (largely identical to Region 1/2 primary services shown). Source: FCC 47 CFR 2.106 / ITU Radio Regulations 2016
0.454000,0.456000,USA,USA,FIXED,PRIMARY,,US64 NG32 NG112 NG148,"Point-to-point microwave links, satellite earth stations; Mobile phones, cellular base stations (2G/3G/4G/5G)",FCC 47 CFR 2.106 (Non-Fed),EU/Europe follows ITU Region 1 (largely identical to Region 1/2 primary services shown). Source: FCC 47 CFR 2.106 / ITU Radio Regulations 2016
0.454000,0.456000,USA,USA,LAND MOBILE,PRIMARY,,US64 NG32 NG112 NG148,"Point-to-point microwave links, satellite earth stations; Mobile phones, cellular base stations (2G/3G/4G/5G)",FCC 47 CFR 2.106 (Non-Fed),EU/Europe follows ITU Region 1 (largely identical to Region 1/2 primary services shown). Source: FCC 47 CFR 2.106 / ITU Radio Regulations 2016
0.455000,0.456000,ITU,Region 1/2,FIXED,PRIMARY,,,"Point-to-point microwave links, satellite earth stations; Mobile phones, cellular base stations (2G/3G/4G/5G)",ITU Radio Regulations,EU/Europe follows ITU Region 1 (largely identical to Region 1/2 primary services shown). Source: FCC 47 CFR 2.106 / ITU Radio Regulations 2016
0.455000,0.456000,ITU,Region 1/2,MOBILE,PRIMARY,,5.286AA,"Point-to-point microwave links, satellite earth stations; Mobile phones, cellular base stations (2G/3G/4G/5G)",ITU Radio Regulations,EU/Europe follows ITU Region 1 (largely identical to Region 1/2 primary services shown). Source: FCC 47 CFR 2.106 / ITU Radio Regulations 2016
0.455000,0.456000,ITU,Region 1/2,MOBILE-SATELLITE (Earth-to-,Secondary,,,"Point-to-point microwave links, satellite earth stations; Mobile phones, cellular base stations (2G/3G/4G/5G)",ITU Radio Regulations,EU/Europe follows ITU Region 1 (largely identical to Region 1/2 primary services shown). Source: FCC 47 CFR 2.106 / ITU Radio Regulations 2016
0.455000,0.456000,ITU,Region 1/2,space),Secondary,,5.286A 5.286B 5.286C,"Point-to-point microwave links, satellite earth stations; Mobile phones, cellular base stations (2G/3G/4G/5G)",ITU Radio Regulations,EU/Europe follows ITU Region 1 (largely identical to Region 1/2 primary services shown). Source: FCC 47 CFR 2.106 / ITU Radio Regulations 2016
0.455000,0.456000,ITU,Region 3,FIXED,PRIMARY,,,"Point-to-point microwave links, satellite earth stations; Mobile phones, cellular base stations (2G/3G/4G/5G)",ITU Radio Regulations,EU/Europe follows ITU Region 1 (largely identical to Region 1/2 primary services shown). Source: FCC 47 CFR 2.106 / ITU Radio Regulations 2016
0.455000,0.456000,ITU,Region 3,MOBILE,PRIMARY,,5.286AA,"Point-to-point microwave links, satellite earth stations; Mobile phones, cellular base stations (2G/3G/4G/5G)",ITU Radio Regulations,EU/Europe follows ITU Region 1 (largely identical to Region 1/2 primary services shown). Source: FCC 47 CFR 2.106 / ITU Radio Regulations 2016
0.455000,0.456000,USA,USA,LAND MOBILE,PRIMARY,,US64,"Point-to-point microwave links, satellite earth stations; Mobile phones, cellular base stations (2G/3G/4G/5G)",FCC 47 CFR 2.106 (Non-Fed),EU/Europe follows ITU Region 1 (largely identical to Region 1/2 primary services shown). Source: FCC 47 CFR 2.106 / ITU Radio Regulations 2016
0.456000,0.459000,USA,USA,FIXED,PRIMARY,,US64 US287 US288 NG32 NG112 NG124 NG148,"Point-to-point microwave links, satellite earth stations; Mobile phones, cellular base stations (2G/3G/4G/5G)",FCC 47 CFR 2.106 (Non-Fed),EU/Europe follows ITU Region 1 (largely identical to Region 1/2 primary services shown). Source: FCC 47 CFR 2.106 / ITU Radio Regulations 2016
0.456000,0.459000,USA,USA,LAND MOBILE,PRIMARY,,US64 US287 US288 NG32 NG112 NG124 NG148,"Point-to-point microwave links, satellite earth stations; Mobile phones, cellular base stations (2G/3G/4G/5G)",FCC 47 CFR 2.106 (Non-Fed),EU/Europe follows ITU Region 1 (largely identical to Region 1/2 primary services shown). Source: FCC 47 CFR 2.106 / ITU Radio Regulations 2016
0.459000,0.460000,ITU,Region 1/2,FIXED,PRIMARY,,,"Point-to-point microwave links, satellite earth stations; Mobile phones, cellular base stations (2G/3G/4G/5G)",ITU Radio Regulations,EU/Europe follows ITU Region 1 (largely identical to Region 1/2 primary services shown). Source: FCC 47 CFR 2.106 / ITU Radio Regulations 2016
0.459000,0.460000,ITU,Region 1/2,MOBILE,PRIMARY,,5.286AA,"Point-to-point microwave links, satellite earth stations; Mobile phones, cellular base stations (2G/3G/4G/5G)",ITU Radio Regulations,EU/Europe follows ITU Region 1 (largely identical to Region 1/2 primary services shown). Source: FCC 47 CFR 2.106 / ITU Radio Regulations 2016
0.459000,0.460000,ITU,Region 1/2,MOBILE-SATELLITE (Earth-to-,Secondary,,,"Point-to-point microwave links, satellite earth stations; Mobile phones, cellular base stations (2G/3G/4G/5G)",ITU Radio Regulations,EU/Europe follows ITU Region 1 (largely identical to Region 1/2 primary services shown). Source: FCC 47 CFR 2.106 / ITU Radio Regulations 2016
0.459000,0.460000,ITU,Region 1/2,space),Secondary,,5.286A 5.286B 5.286C,"Point-to-point microwave links, satellite earth stations; Mobile phones, cellular base stations (2G/3G/4G/5G)",ITU Radio Regulations,EU/Europe follows ITU Region 1 (largely identical to Region 1/2 primary services shown). Source: FCC 47 CFR 2.106 / ITU Radio Regulations 2016
0.459000,0.460000,ITU,Region 3,FIXED,PRIMARY,,,"Point-to-point microwave links, satellite earth stations; Mobile phones, cellular base stations (2G/3G/4G/5G)",ITU Radio Regulations,EU/Europe follows ITU Region 1 (largely identical to Region 1/2 primary services shown). Source: FCC 47 CFR 2.106 / ITU Radio Regulations 2016
0.459000,0.460000,ITU,Region 3,MOBILE,PRIMARY,,5.286AA,"Point-to-point microwave links, satellite earth stations; Mobile phones, cellular base stations (2G/3G/4G/5G)",ITU Radio Regulations,EU/Europe follows ITU Region 1 (largely identical to Region 1/2 primary services shown). Source: FCC 47 CFR 2.106 / ITU Radio Regulations 2016
0.460000,0.470000,USA,USA,Meteorological-satellite,Secondary,,US73 US209 US287 US288 US289,"Point-to-point microwave links, satellite earth stations; Satellite phones, VSAT terminals, satellite internet; Mobile phones, cellular base stations (2G/3G/4G/5G)",FCC 47 CFR 2.106 (Federal),EU/Europe follows ITU Region 1 (largely identical to Region 1/2 primary services shown). Source: FCC 47 CFR 2.106 / ITU Radio Regulations 2016
0.460000,0.470000,USA,USA,(space-to-Earth),Secondary,,US73 US209 US287 US288 US289,"Point-to-point microwave links, satellite earth stations; Satellite phones, VSAT terminals, satellite internet; Mobile phones, cellular base stations (2G/3G/4G/5G)",FCC 47 CFR 2.106 (Federal),EU/Europe follows ITU Region 1 (largely identical to Region 1/2 primary services shown). Source: FCC 47 CFR 2.106 / ITU Radio Regulations 2016
0.460000,0.470000,USA,USA,FIXED,PRIMARY,,US209 US289 NG124,"Point-to-point microwave links, satellite earth stations; Satellite phones, VSAT terminals, satellite internet; Mobile phones, cellular base stations (2G/3G/4G/5G)",FCC 47 CFR 2.106 (Non-Fed),EU/Europe follows ITU Region 1 (largely identical to Region 1/2 primary services shown). Source: FCC 47 CFR 2.106 / ITU Radio Regulations 2016
0.460000,0.470000,USA,USA,LAND MOBILE,PRIMARY,,US209 US289 NG124,"Point-to-point microwave links, satellite earth stations; Satellite phones, VSAT terminals, satellite internet; Mobile phones, cellular base stations (2G/3G/4G/5G)",FCC 47 CFR 2.106 (Non-Fed),EU/Europe follows ITU Region 1 (largely identical to Region 1/2 primary services shown). Source: FCC 47 CFR 2.106 / ITU Radio Regulations 2016
0.470000,0.512000,ITU,Region 1/2,BROADCASTING,PRIMARY,,,"AM/FM radios, DAB receivers, TV sets; Point-to-point microwave links, satellite earth stations; Mobile phones, cellular base stations (2G/3G/4G/5G)",ITU Radio Regulations,EU/Europe follows ITU Region 1 (largely identical to Region 1/2 primary services shown). Source: FCC 47 CFR 2.106 / ITU Radio Regulations 2016
0.470000,0.512000,ITU,Region 1/2,Fixed,Secondary,,,"AM/FM radios, DAB receivers, TV sets; Point-to-point microwave links, satellite earth stations; Mobile phones, cellular base stations (2G/3G/4G/5G)",ITU Radio Regulations,EU/Europe follows ITU Region 1 (largely identical to Region 1/2 primary services shown). Source: FCC 47 CFR 2.106 / ITU Radio Regulations 2016
0.470000,0.512000,ITU,Region 1/2,Mobile,Secondary,,,"AM/FM radios, DAB receivers, TV sets; Point-to-point microwave links, satellite earth stations; Mobile phones, cellular base stations (2G/3G/4G/5G)",ITU Radio Regulations,EU/Europe follows ITU Region 1 (largely identical to Region 1/2 primary services shown). Source: FCC 47 CFR 2.106 / ITU Radio Regulations 2016
0.470000,0.512000,ITU,Region 3,FIXED,PRIMARY,,,"AM/FM radios, DAB receivers, TV sets; Point-to-point microwave links, satellite earth stations; Mobile phones, cellular base stations (2G/3G/4G/5G)",ITU Radio Regulations,EU/Europe follows ITU Region 1 (largely identical to Region 1/2 primary services shown). Source: FCC 47 CFR 2.106 / ITU Radio Regulations 2016
0.470000,0.512000,ITU,Region 3,MOBILE,PRIMARY,,5.296A,"AM/FM radios, DAB receivers, TV sets; Point-to-point microwave links, satellite earth stations; Mobile phones, cellular base stations (2G/3G/4G/5G)",ITU Radio Regulations,EU/Europe follows ITU Region 1 (largely identical to Region 1/2 primary services shown). Source: FCC 47 CFR 2.106 / ITU Radio Regulations 2016
0.470000,0.512000,ITU,Region 3,BROADCASTING,PRIMARY,,,"AM/FM radios, DAB receivers, TV sets; Point-to-point microwave links, satellite earth stations; Mobile phones, cellular base stations (2G/3G/4G/5G)",ITU Radio Regulations,EU/Europe follows ITU Region 1 (largely identical to Region 1/2 primary services shown). Source: FCC 47 CFR 2.106 / ITU Radio Regulations 2016
0.470000,0.512000,USA,USA,FIXED,PRIMARY,,NG5 NG14 NG66 NG115 NG149,"AM/FM radios, DAB receivers, TV sets; Point-to-point microwave links, satellite earth stations; Mobile phones, cellular base stations (2G/3G/4G/5G)",FCC 47 CFR 2.106 (Non-Fed),EU/Europe follows ITU Region 1 (largely identical to Region 1/2 primary services shown). Source: FCC 47 CFR 2.106 / ITU Radio Regulations 2016
0.470000,0.512000,USA,USA,LAND MOBILE,PRIMARY,,NG5 NG14 NG66 NG115 NG149,"AM/FM radios, DAB receivers, TV sets; Point-to-point microwave links, satellite earth stations; Mobile phones, cellular base stations (2G/3G/4G/5G)",FCC 47 CFR 2.106 (Non-Fed),EU/Europe follows ITU Region 1 (largely identical to Region 1/2 primary services shown). Source: FCC 47 CFR 2.106 / ITU Radio Regulations 2016
0.470000,0.512000,USA,USA,BROADCASTING,PRIMARY,,NG5 NG14 NG66 NG115 NG149,"AM/FM radios, DAB receivers, TV sets; Point-to-point microwave links, satellite earth stations; Mobile phones, cellular base stations (2G/3G/4G/5G)",FCC 47 CFR 2.106 (Non-Fed),EU/Europe follows ITU Region 1 (largely identical to Region 1/2 primary services shown). Source: FCC 47 CFR 2.106 / ITU Radio Regulations 2016
0.479000,0.495000,ITU,Region 1/2,MARITIME MOBILE,PRIMARY,,5.79 5.79A,"Mobile phones, cellular base stations (2G/3G/4G/5G); ILS, VOR, DME, TACAN, instrument landing systems",ITU Radio Regulations,EU/Europe follows ITU Region 1 (largely identical to Region 1/2 primary services shown). Source: FCC 47 CFR 2.106 / ITU Radio Regulations 2016
0.479000,0.495000,ITU,Region 1/2,Aeronautical radionavigation,Secondary,,5.77 5.80,"Mobile phones, cellular base stations (2G/3G/4G/5G); ILS, VOR, DME, TACAN, instrument landing systems",ITU Radio Regulations,EU/Europe follows ITU Region 1 (largely identical to Region 1/2 primary services shown). Source: FCC 47 CFR 2.106 / ITU Radio Regulations 2016
0.479000,0.495000,USA,USA,MARITIME MOBILE,PRIMARY,,5.79 5.79A 5.82 US2 US231,"Mobile phones, cellular base stations (2G/3G/4G/5G); ILS, VOR, DME, TACAN, instrument landing systems",FCC 47 CFR 2.106 (Federal),EU/Europe follows ITU Region 1 (largely identical to Region 1/2 primary services shown). Source: FCC 47 CFR 2.106 / ITU Radio Regulations 2016
0.479000,0.495000,USA,USA,Aeronautical radionavigation,Secondary,,5.79A 5.82 US2 US231,"Mobile phones, cellular base stations (2G/3G/4G/5G); ILS, VOR, DME, TACAN, instrument landing systems",FCC 47 CFR 2.106 (Federal),EU/Europe follows ITU Region 1 (largely identical to Region 1/2 primary services shown). Source: FCC 47 CFR 2.106 / ITU Radio Regulations 2016
0.495000,0.505000,USA,USA,MARITIME MOBILE,PRIMARY,,,"Mobile phones, cellular base stations (2G/3G/4G/5G)",FCC 47 CFR 2.106 (Federal),EU/Europe follows ITU Region 1 (largely identical to Region 1/2 primary services shown). Source: FCC 47 CFR 2.106 / ITU Radio Regulations 2016
0.505000,0.510000,ITU,Region 1/2,MARITIME MOBILE,PRIMARY,,5.79,"Mobile phones, cellular base stations (2G/3G/4G/5G)",ITU Radio Regulations,EU/Europe follows ITU Region 1 (largely identical to Region 1/2 primary services shown). Source: FCC 47 CFR 2.106 / ITU Radio Regulations 2016
0.505000,0.510000,ITU,Region 3,MARITIME MOBILE,PRIMARY,,5.79 5.79A 5.84,"Mobile phones, cellular base stations (2G/3G/4G/5G)",ITU Radio Regulations,EU/Europe follows ITU Region 1 (largely identical to Region 1/2 primary services shown). Source: FCC 47 CFR 2.106 / ITU Radio Regulations 2016
0.505000,0.510000,ITU,Region 3,AERONAUTICAL RADIONAVIGATION,PRIMARY,,,"Mobile phones, cellular base stations (2G/3G/4G/5G)",ITU Radio Regulations,EU/Europe follows ITU Region 1 (largely identical to Region 1/2 primary services shown). Source: FCC 47 CFR 2.106 / ITU Radio Regulations 2016
0.505000,0.510000,ITU,Region 3,Aeronautical mobile,Secondary,,,"Mobile phones, cellular base stations (2G/3G/4G/5G)",ITU Radio Regulations,EU/Europe follows ITU Region 1 (largely identical to Region 1/2 primary services shown). Source: FCC 47 CFR 2.106 / ITU Radio Regulations 2016
0.505000,0.510000,ITU,Region 3,Land mobile,Secondary,,,"Mobile phones, cellular base stations (2G/3G/4G/5G)",ITU Radio Regulations,EU/Europe follows ITU Region 1 (largely identical to Region 1/2 primary services shown). Source: FCC 47 CFR 2.106 / ITU Radio Regulations 2016
0.505000,0.510000,USA,USA,MARITIME MOBILE,PRIMARY,,5.79,"Mobile phones, cellular base stations (2G/3G/4G/5G)",FCC 47 CFR 2.106 (Federal),EU/Europe follows ITU Region 1 (largely identical to Region 1/2 primary services shown). Source: FCC 47 CFR 2.106 / ITU Radio Regulations 2016
0.510000,0.525000,ITU,Region 1/2,MARITIME MOBILE,PRIMARY,,5.79A 5.84,"Mobile phones, cellular base stations (2G/3G/4G/5G); ILS, VOR, DME, TACAN, instrument landing systems",ITU Radio Regulations,EU/Europe follows ITU Region 1 (largely identical to Region 1/2 primary services shown). Source: FCC 47 CFR 2.106 / ITU Radio Regulations 2016
0.510000,0.525000,ITU,Region 1/2,AERONAUTICAL RADIONAVIGATION,PRIMARY,,,"Mobile phones, cellular base stations (2G/3G/4G/5G); ILS, VOR, DME, TACAN, instrument landing systems",ITU Radio Regulations,EU/Europe follows ITU Region 1 (largely identical to Region 1/2 primary services shown). Source: FCC 47 CFR 2.106 / ITU Radio Regulations 2016
0.512000,0.608000,ITU,Region 1/2,BROADCASTING,PRIMARY,,,"AM/FM radios, DAB receivers, TV sets",ITU Radio Regulations,EU/Europe follows ITU Region 1 (largely identical to Region 1/2 primary services shown). Source: FCC 47 CFR 2.106 / ITU Radio Regulations 2016
0.512000,0.608000,USA,USA,BROADCASTING,PRIMARY,,NG5 NG14 NG115 NG149,"AM/FM radios, DAB receivers, TV sets",FCC 47 CFR 2.106 (Non-Fed),EU/Europe follows ITU Region 1 (largely identical to Region 1/2 primary services shown). Source: FCC 47 CFR 2.106 / ITU Radio Regulations 2016
0.525000,0.535000,ITU,Region 1/2,BROADCASTING,PRIMARY,,5.86,"AM/FM radios, DAB receivers, TV sets; ILS, VOR, DME, TACAN, instrument landing systems",ITU Radio Regulations,EU/Europe follows ITU Region 1 (largely identical to Region 1/2 primary services shown). Source: FCC 47 CFR 2.106 / ITU Radio Regulations 2016
0.525000,0.535000,ITU,Region 1/2,AERONAUTICAL RADIONAVIGATION,PRIMARY,,,"AM/FM radios, DAB receivers, TV sets; ILS, VOR, DME, TACAN, instrument landing systems",ITU Radio Regulations,EU/Europe follows ITU Region 1 (largely identical to Region 1/2 primary services shown). Source: FCC 47 CFR 2.106 / ITU Radio Regulations 2016
0.526500,0.535000,ITU,Region 3,BROADCASTING,PRIMARY,,,"Mobile phones, cellular base stations (2G/3G/4G/5G)",ITU Radio Regulations,EU/Europe follows ITU Region 1 (largely identical to Region 1/2 primary services shown). Source: FCC 47 CFR 2.106 / ITU Radio Regulations 2016
0.526500,0.535000,ITU,Region 3,Mobile,Secondary,,,"Mobile phones, cellular base stations (2G/3G/4G/5G)",ITU Radio Regulations,EU/Europe follows ITU Region 1 (largely identical to Region 1/2 primary services shown). Source: FCC 47 CFR 2.106 / ITU Radio Regulations 2016
0.526500,0.535000,USA,USA,MOBILE,PRIMARY,,,"Mobile phones, cellular base stations (2G/3G/4G/5G)",FCC 47 CFR 2.106 (Federal),EU/Europe follows ITU Region 1 (largely identical to Region 1/2 primary services shown). Source: FCC 47 CFR 2.106 / ITU Radio Regulations 2016
0.535000,1.605000,ITU,Region 1/2,BROADCASTING,PRIMARY,,,"AM/FM radios, DAB receivers, TV sets",ITU Radio Regulations,EU/Europe follows ITU Region 1 (largely identical to Region 1/2 primary services shown). Source: FCC 47 CFR 2.106 / ITU Radio Regulations 2016
0.535000,1.605000,ITU,Region 3,BROADCASTING,PRIMARY,,,"AM/FM radios, DAB receivers, TV sets",ITU Radio Regulations,EU/Europe follows ITU Region 1 (largely identical to Region 1/2 primary services shown). Source: FCC 47 CFR 2.106 / ITU Radio Regulations 2016
0.608000,0.614000,ITU,Region 1/2,RADIO ASTRONOMY,PRIMARY,,,"Radio telescopes, scientific receivers; Mobile phones, cellular base stations (2G/3G/4G/5G)",ITU Radio Regulations,EU/Europe follows ITU Region 1 (largely identical to Region 1/2 primary services shown). Source: FCC 47 CFR 2.106 / ITU Radio Regulations 2016
0.608000,0.614000,ITU,Region 1/2,Mobile-satellite except aeronautical,Secondary,,,"Radio telescopes, scientific receivers; Mobile phones, cellular base stations (2G/3G/4G/5G)",ITU Radio Regulations,EU/Europe follows ITU Region 1 (largely identical to Region 1/2 primary services shown). Source: FCC 47 CFR 2.106 / ITU Radio Regulations 2016
0.608000,0.614000,ITU,Region 1/2,mobile-satellite (Earth-to-space),Secondary,,,"Radio telescopes, scientific receivers; Mobile phones, cellular base stations (2G/3G/4G/5G)",ITU Radio Regulations,EU/Europe follows ITU Region 1 (largely identical to Region 1/2 primary services shown). Source: FCC 47 CFR 2.106 / ITU Radio Regulations 2016
0.608000,0.614000,USA,USA,LAND MOBILE (medical telemetry and medical telecommand),Secondary,,US246,"Radio telescopes, scientific receivers; Mobile phones, cellular base stations (2G/3G/4G/5G)",FCC 47 CFR 2.106 (Federal),EU/Europe follows ITU Region 1 (largely identical to Region 1/2 primary services shown). Source: FCC 47 CFR 2.106 / ITU Radio Regulations 2016
0.608000,0.614000,USA,USA,RADIO ASTRONOMY,PRIMARY,,US74 US246,"Radio telescopes, scientific receivers; Mobile phones, cellular base stations (2G/3G/4G/5G)",FCC 47 CFR 2.106 (Federal),EU/Europe follows ITU Region 1 (largely identical to Region 1/2 primary services shown). Source: FCC 47 CFR 2.106 / ITU Radio Regulations 2016
0.890000,0.902000,ITU,Region 1/2,FIXED,PRIMARY,,,"Point-to-point microwave links, satellite earth stations; Radar systems, speed guns, weather radar; Mobile phones, cellular base stations (2G/3G/4G/5G)",ITU Radio Regulations,EU/Europe follows ITU Region 1 (largely identical to Region 1/2 primary services shown). Source: FCC 47 CFR 2.106 / ITU Radio Regulations 2016
0.890000,0.902000,ITU,Region 1/2,MOBILE except aeronautical,Secondary,,,"Point-to-point microwave links, satellite earth stations; Radar systems, speed guns, weather radar; Mobile phones, cellular base stations (2G/3G/4G/5G)",ITU Radio Regulations,EU/Europe follows ITU Region 1 (largely identical to Region 1/2 primary services shown). Source: FCC 47 CFR 2.106 / ITU Radio Regulations 2016
0.890000,0.902000,ITU,Region 1/2,mobile,Secondary,,5.317A,"Point-to-point microwave links, satellite earth stations; Radar systems, speed guns, weather radar; Mobile phones, cellular base stations (2G/3G/4G/5G)",ITU Radio Regulations,EU/Europe follows ITU Region 1 (largely identical to Region 1/2 primary services shown). Source: FCC 47 CFR 2.106 / ITU Radio Regulations 2016
0.890000,0.902000,ITU,Region 1/2,Radiolocation,Secondary,,,"Point-to-point microwave links, satellite earth stations; Radar systems, speed guns, weather radar; Mobile phones, cellular base stations (2G/3G/4G/5G)",ITU Radio Regulations,EU/Europe follows ITU Region 1 (largely identical to Region 1/2 primary services shown). Source: FCC 47 CFR 2.106 / ITU Radio Regulations 2016
0.890000,0.902000,USA,USA,(See previous page),Secondary,,,"Point-to-point microwave links, satellite earth stations; Radar systems, speed guns, weather radar; Mobile phones, cellular base stations (2G/3G/4G/5G)",FCC 47 CFR 2.106 (Non-Fed),EU/Europe follows ITU Region 1 (largely identical to Region 1/2 primary services shown). Source: FCC 47 CFR 2.106 / ITU Radio Regulations 2016
0.902000,0.928000,ITU,Region 1/2,FIXED,PRIMARY,,,"Ham radio transceivers, SDR receivers; Point-to-point microwave links, satellite earth stations; Radar systems, speed guns, weather radar; Mobile phones, cellular base stations (2G/3G/4G/5G)",ITU Radio Regulations,EU/Europe follows ITU Region 1 (largely identical to Region 1/2 primary services shown). Source: FCC 47 CFR 2.106 / ITU Radio Regulations 2016
0.902000,0.928000,ITU,Region 1/2,Amateur,Secondary,,,"Ham radio transceivers, SDR receivers; Point-to-point microwave links, satellite earth stations; Radar systems, speed guns, weather radar; Mobile phones, cellular base stations (2G/3G/4G/5G)",ITU Radio Regulations,EU/Europe follows ITU Region 1 (largely identical to Region 1/2 primary services shown). Source: FCC 47 CFR 2.106 / ITU Radio Regulations 2016
0.902000,0.928000,ITU,Region 1/2,Mobile except aeronautical mobile,Secondary,,5.325A,"Ham radio transceivers, SDR receivers; Point-to-point microwave links, satellite earth stations; Radar systems, speed guns, weather radar; Mobile phones, cellular base stations (2G/3G/4G/5G)",ITU Radio Regulations,EU/Europe follows ITU Region 1 (largely identical to Region 1/2 primary services shown). Source: FCC 47 CFR 2.106 / ITU Radio Regulations 2016
0.902000,0.928000,ITU,Region 1/2,Radiolocation,Secondary,,,"Ham radio transceivers, SDR receivers; Point-to-point microwave links, satellite earth stations; Radar systems, speed guns, weather radar; Mobile phones, cellular base stations (2G/3G/4G/5G)",ITU Radio Regulations,EU/Europe follows ITU Region 1 (largely identical to Region 1/2 primary services shown). Source: FCC 47 CFR 2.106 / ITU Radio Regulations 2016
0.902000,0.928000,USA,USA,RADIOLOCATION,PRIMARY,,G59 5.150 US218 US267 US275 G11,"Ham radio transceivers, SDR receivers; Point-to-point microwave links, satellite earth stations; Radar systems, speed guns, weather radar; Mobile phones, cellular base stations (2G/3G/4G/5G)",FCC 47 CFR 2.106 (Federal),EU/Europe follows ITU Region 1 (largely identical to Region 1/2 primary services shown). Source: FCC 47 CFR 2.106 / ITU Radio Regulations 2016
0.928000,0.932000,USA,USA,FIXED,PRIMARY,,US116 US268 NG35,"Point-to-point microwave links, satellite earth stations",FCC 47 CFR 2.106 (Non-Fed),EU/Europe follows ITU Region 1 (largely identical to Region 1/2 primary services shown). Source: FCC 47 CFR 2.106 / ITU Radio Regulations 2016
0.932000,0.935000,USA,USA,FIXED,PRIMARY,,US268 G2,"Point-to-point microwave links, satellite earth stations",FCC 47 CFR 2.106 (Federal),EU/Europe follows ITU Region 1 (largely identical to Region 1/2 primary services shown). Source: FCC 47 CFR 2.106 / ITU Radio Regulations 2016
0.932000,0.935000,USA,USA,FIXED,PRIMARY,,US268 NG35,"Point-to-point microwave links, satellite earth stations",FCC 47 CFR 2.106 (Non-Fed),EU/Europe follows ITU Region 1 (largely identical to Region 1/2 primary services shown). Source: FCC 47 CFR 2.106 / ITU Radio Regulations 2016
0.941000,0.944000,USA,USA,FIXED,PRIMARY,,US84 US268 US301 G2,"Point-to-point microwave links, satellite earth stations",FCC 47 CFR 2.106 (Federal),EU/Europe follows ITU Region 1 (largely identical to Region 1/2 primary services shown). Source: FCC 47 CFR 2.106 / ITU Radio Regulations 2016
0.941000,0.944000,USA,USA,FIXED,PRIMARY,,US84 US268 US301 NG30 NG35,"Point-to-point microwave links, satellite earth stations",FCC 47 CFR 2.106 (Non-Fed),EU/Europe follows ITU Region 1 (largely identical to Region 1/2 primary services shown). Source: FCC 47 CFR 2.106 / ITU Radio Regulations 2016
0.942000,0.960000,ITU,Region 1/2,FIXED,PRIMARY,,,"Point-to-point microwave links, satellite earth stations; Mobile phones, cellular base stations (2G/3G/4G/5G)",ITU Radio Regulations,EU/Europe follows ITU Region 1 (largely identical to Region 1/2 primary services shown). Source: FCC 47 CFR 2.106 / ITU Radio Regulations 2016
0.942000,0.960000,ITU,Region 1/2,MOBILE,PRIMARY,,5.317A,"Point-to-point microwave links, satellite earth stations; Mobile phones, cellular base stations (2G/3G/4G/5G)",ITU Radio Regulations,EU/Europe follows ITU Region 1 (largely identical to Region 1/2 primary services shown). Source: FCC 47 CFR 2.106 / ITU Radio Regulations 2016
0.942000,0.960000,ITU,Region 3,FIXED,PRIMARY,,,"Point-to-point microwave links, satellite earth stations; Mobile phones, cellular base stations (2G/3G/4G/5G)",ITU Radio Regulations,EU/Europe follows ITU Region 1 (largely identical to Region 1/2 primary services shown). Source: FCC 47 CFR 2.106 / ITU Radio Regulations 2016
0.942000,0.960000,ITU,Region 3,MOBILE,PRIMARY,,5.317A,"Point-to-point microwave links, satellite earth stations; Mobile phones, cellular base stations (2G/3G/4G/5G)",ITU Radio Regulations,EU/Europe follows ITU Region 1 (largely identical to Region 1/2 primary services shown). Source: FCC 47 CFR 2.106 / ITU Radio Regulations 2016
0.942000,0.960000,ITU,Region 3,BROADCASTING,PRIMARY,,,"Point-to-point microwave links, satellite earth stations; Mobile phones, cellular base stations (2G/3G/4G/5G)",ITU Radio Regulations,EU/Europe follows ITU Region 1 (largely identical to Region 1/2 primary services shown). Source: FCC 47 CFR 2.106 / ITU Radio Regulations 2016
0.944000,0.960000,USA,USA,FIXED,PRIMARY,,NG35,"Point-to-point microwave links, satellite earth stations",FCC 47 CFR 2.106 (Non-Fed),EU/Europe follows ITU Region 1 (largely identical to Region 1/2 primary services shown). Source: FCC 47 CFR 2.106 / ITU Radio Regulations 2016
0.960000,1.164000,USA,USA,AERONAUTICAL MOBILE (R),PRIMARY,,5.327A US224,"Mobile phones, cellular base stations (2G/3G/4G/5G); ILS, VOR, DME, TACAN, instrument landing systems",FCC 47 CFR 2.106 (Federal),EU/Europe follows ITU Region 1 (largely identical to Region 1/2 primary services shown). Source: FCC 47 CFR 2.106 / ITU Radio Regulations 2016
0.960000,1.164000,USA,USA,AERONAUTICAL RADIONAVIGATION,PRIMARY,,5.328 US224,"Mobile phones, cellular base stations (2G/3G/4G/5G); ILS, VOR, DME, TACAN, instrument landing systems",FCC 47 CFR 2.106 (Federal),EU/Europe follows ITU Region 1 (largely identical to Region 1/2 primary services shown). Source: FCC 47 CFR 2.106 / ITU Radio Regulations 2016
1.164000,1.215000,USA,USA,AERONAUTICAL RADIONAVIGATION,PRIMARY,,5.328 5.328A US224,"GPS receivers, GNSS devices; ILS, VOR, DME, TACAN, instrument landing systems",FCC 47 CFR 2.106 (Federal),EU/Europe follows ITU Region 1 (largely identical to Region 1/2 primary services shown). Source: FCC 47 CFR 2.106 / ITU Radio Regulations 2016
1.164000,1.215000,USA,USA,RADIONAVIGATION-SATELLITE (space-to-Earth) (space-to-space),Secondary,,5.328A US224,"GPS receivers, GNSS devices; ILS, VOR, DME, TACAN, instrument landing systems",FCC 47 CFR 2.106 (Federal),EU/Europe follows ITU Region 1 (largely identical to Region 1/2 primary services shown). Source: FCC 47 CFR 2.106 / ITU Radio Regulations 2016
1.215000,1.240000,USA,USA,EARTH EXPLORATION-SATELLITE (active),Secondary,,5.332,"GPS receivers, GNSS devices; Satellite phones, VSAT terminals, satellite internet; Radar systems, speed guns, weather radar; Deep space probes, scientific satellites",FCC 47 CFR 2.106 (Federal),EU/Europe follows ITU Region 1 (largely identical to Region 1/2 primary services shown). Source: FCC 47 CFR 2.106 / ITU Radio Regulations 2016
1.215000,1.240000,USA,USA,RADIOLOCATION,PRIMARY,,G56 5.332,"GPS receivers, GNSS devices; Satellite phones, VSAT terminals, satellite internet; Radar systems, speed guns, weather radar; Deep space probes, scientific satellites",FCC 47 CFR 2.106 (Federal),EU/Europe follows ITU Region 1 (largely identical to Region 1/2 primary services shown). Source: FCC 47 CFR 2.106 / ITU Radio Regulations 2016
1.215000,1.240000,USA,USA,RADIONAVIGATION-SATELLITE,PRIMARY,,5.332,"GPS receivers, GNSS devices; Satellite phones, VSAT terminals, satellite internet; Radar systems, speed guns, weather radar; Deep space probes, scientific satellites",FCC 47 CFR 2.106 (Federal),EU/Europe follows ITU Region 1 (largely identical to Region 1/2 primary services shown). Source: FCC 47 CFR 2.106 / ITU Radio Regulations 2016
1.215000,1.240000,USA,USA,(space-to-Earth) (space-to-space),Secondary,,G132 5.332,"GPS receivers, GNSS devices; Satellite phones, VSAT terminals, satellite internet; Radar systems, speed guns, weather radar; Deep space probes, scientific satellites",FCC 47 CFR 2.106 (Federal),EU/Europe follows ITU Region 1 (largely identical to Region 1/2 primary services shown). Source: FCC 47 CFR 2.106 / ITU Radio Regulations 2016
1.215000,1.240000,USA,USA,SPACE RESEARCH (active),Secondary,,5.332,"GPS receivers, GNSS devices; Satellite phones, VSAT terminals, satellite internet; Radar systems, speed guns, weather radar; Deep space probes, scientific satellites",FCC 47 CFR 2.106 (Federal),EU/Europe follows ITU Region 1 (largely identical to Region 1/2 primary services shown). Source: FCC 47 CFR 2.106 / ITU Radio Regulations 2016
1.215000,1.240000,USA,USA,Earth exploration-satellite (active),Secondary,,,"GPS receivers, GNSS devices; Satellite phones, VSAT terminals, satellite internet; Radar systems, speed guns, weather radar; Deep space probes, scientific satellites",FCC 47 CFR 2.106 (Non-Fed),EU/Europe follows ITU Region 1 (largely identical to Region 1/2 primary services shown). Source: FCC 47 CFR 2.106 / ITU Radio Regulations 2016
1.215000,1.240000,USA,USA,Space research (active),Secondary,,,"GPS receivers, GNSS devices; Satellite phones, VSAT terminals, satellite internet; Radar systems, speed guns, weather radar; Deep space probes, scientific satellites",FCC 47 CFR 2.106 (Non-Fed),EU/Europe follows ITU Region 1 (largely identical to Region 1/2 primary services shown). Source: FCC 47 CFR 2.106 / ITU Radio Regulations 2016
1.240000,1.300000,USA,USA,EARTH EXPLORATION-SATELLITE (active),Secondary,,5.332 5.335,"Satellite phones, VSAT terminals, satellite internet; ILS, VOR, DME, TACAN, instrument landing systems; Radar systems, speed guns, weather radar; Ham radio transceivers, SDR receivers; Deep space probes, scientific satellites",FCC 47 CFR 2.106 (Federal),EU/Europe follows ITU Region 1 (largely identical to Region 1/2 primary services shown). Source: FCC 47 CFR 2.106 / ITU Radio Regulations 2016
1.240000,1.300000,USA,USA,RADIOLOCATION,PRIMARY,,G56 5.332 5.335,"Satellite phones, VSAT terminals, satellite internet; ILS, VOR, DME, TACAN, instrument landing systems; Radar systems, speed guns, weather radar; Ham radio transceivers, SDR receivers; Deep space probes, scientific satellites",FCC 47 CFR 2.106 (Federal),EU/Europe follows ITU Region 1 (largely identical to Region 1/2 primary services shown). Source: FCC 47 CFR 2.106 / ITU Radio Regulations 2016
1.240000,1.300000,USA,USA,SPACE RESEARCH (active),Secondary,,5.332 5.335,"Satellite phones, VSAT terminals, satellite internet; ILS, VOR, DME, TACAN, instrument landing systems; Radar systems, speed guns, weather radar; Ham radio transceivers, SDR receivers; Deep space probes, scientific satellites",FCC 47 CFR 2.106 (Federal),EU/Europe follows ITU Region 1 (largely identical to Region 1/2 primary services shown). Source: FCC 47 CFR 2.106 / ITU Radio Regulations 2016
1.240000,1.300000,USA,USA,AERONAUTICAL RADIONAVIGATION,PRIMARY,,5.332 5.335,"Satellite phones, VSAT terminals, satellite internet; ILS, VOR, DME, TACAN, instrument landing systems; Radar systems, speed guns, weather radar; Ham radio transceivers, SDR receivers; Deep space probes, scientific satellites",FCC 47 CFR 2.106 (Federal),EU/Europe follows ITU Region 1 (largely identical to Region 1/2 primary services shown). Source: FCC 47 CFR 2.106 / ITU Radio Regulations 2016
1.240000,1.300000,USA,USA,AERONAUTICAL RADIONAVIGATION,PRIMARY,,5.282,"Satellite phones, VSAT terminals, satellite internet; ILS, VOR, DME, TACAN, instrument landing systems; Radar systems, speed guns, weather radar; Ham radio transceivers, SDR receivers; Deep space probes, scientific satellites",FCC 47 CFR 2.106 (Non-Fed),EU/Europe follows ITU Region 1 (largely identical to Region 1/2 primary services shown). Source: FCC 47 CFR 2.106 / ITU Radio Regulations 2016
1.240000,1.300000,USA,USA,Amateur,Secondary,,5.282,"Satellite phones, VSAT terminals, satellite internet; ILS, VOR, DME, TACAN, instrument landing systems; Radar systems, speed guns, weather radar; Ham radio transceivers, SDR receivers; Deep space probes, scientific satellites",FCC 47 CFR 2.106 (Non-Fed),EU/Europe follows ITU Region 1 (largely identical to Region 1/2 primary services shown). Source: FCC 47 CFR 2.106 / ITU Radio Regulations 2016
1.240000,1.300000,USA,USA,Earth exploration-satellite (active),Secondary,,5.282,"Satellite phones, VSAT terminals, satellite internet; ILS, VOR, DME, TACAN, instrument landing systems; Radar systems, speed guns, weather radar; Ham radio transceivers, SDR receivers; Deep space probes, scientific satellites",FCC 47 CFR 2.106 (Non-Fed),EU/Europe follows ITU Region 1 (largely identical to Region 1/2 primary services shown). Source: FCC 47 CFR 2.106 / ITU Radio Regulations 2016
1.240000,1.300000,USA,USA,Space research (active),Secondary,,5.282,"Satellite phones, VSAT terminals, satellite internet; ILS, VOR, DME, TACAN, instrument landing systems; Radar systems, speed guns, weather radar; Ham radio transceivers, SDR receivers; Deep space probes, scientific satellites",FCC 47 CFR 2.106 (Non-Fed),EU/Europe follows ITU Region 1 (largely identical to Region 1/2 primary services shown). Source: FCC 47 CFR 2.106 / ITU Radio Regulations 2016
1.300000,1.350000,USA,USA,AERONAUTICAL RADIONAVIGATION,PRIMARY,,5.337 US342,"GPS receivers, GNSS devices; Radar systems, speed guns, weather radar; ILS, VOR, DME, TACAN, instrument landing systems",FCC 47 CFR 2.106 (Federal),EU/Europe follows ITU Region 1 (largely identical to Region 1/2 primary services shown). Source: FCC 47 CFR 2.106 / ITU Radio Regulations 2016
1.300000,1.350000,USA,USA,Radiolocation,Secondary,,G2 5.337 US342,"GPS receivers, GNSS devices; Radar systems, speed guns, weather radar; ILS, VOR, DME, TACAN, instrument landing systems",FCC 47 CFR 2.106 (Federal),EU/Europe follows ITU Region 1 (largely identical to Region 1/2 primary services shown). Source: FCC 47 CFR 2.106 / ITU Radio Regulations 2016
1.300000,1.350000,USA,USA,AERONAUTICAL,PRIMARY,,US342,"GPS receivers, GNSS devices; Radar systems, speed guns, weather radar; ILS, VOR, DME, TACAN, instrument landing systems",FCC 47 CFR 2.106 (Non-Fed),EU/Europe follows ITU Region 1 (largely identical to Region 1/2 primary services shown). Source: FCC 47 CFR 2.106 / ITU Radio Regulations 2016
1.300000,1.350000,USA,USA,RADIONAVIGATION,PRIMARY,,5.337 US342,"GPS receivers, GNSS devices; Radar systems, speed guns, weather radar; ILS, VOR, DME, TACAN, instrument landing systems",FCC 47 CFR 2.106 (Non-Fed),EU/Europe follows ITU Region 1 (largely identical to Region 1/2 primary services shown). Source: FCC 47 CFR 2.106 / ITU Radio Regulations 2016
1.350000,1.400000,ITU,Region 1/2,RADIOLOCATION,PRIMARY,,5.338A,"Point-to-point microwave links, satellite earth stations; Radar systems, speed guns, weather radar; Mobile phones, cellular base stations (2G/3G/4G/5G)",ITU Radio Regulations,EU/Europe follows ITU Region 1 (largely identical to Region 1/2 primary services shown). Source: FCC 47 CFR 2.106 / ITU Radio Regulations 2016
1.350000,1.400000,USA,USA,FIXED,PRIMARY,,5.334 5.339 US342 US385 G27 G114,"Point-to-point microwave links, satellite earth stations; Radar systems, speed guns, weather radar; Mobile phones, cellular base stations (2G/3G/4G/5G)",FCC 47 CFR 2.106 (Federal),EU/Europe follows ITU Region 1 (largely identical to Region 1/2 primary services shown). Source: FCC 47 CFR 2.106 / ITU Radio Regulations 2016
1.350000,1.400000,USA,USA,MOBILE,PRIMARY,,5.334 5.339 US342 US385 G27 G114,"Point-to-point microwave links, satellite earth stations; Radar systems, speed guns, weather radar; Mobile phones, cellular base stations (2G/3G/4G/5G)",FCC 47 CFR 2.106 (Federal),EU/Europe follows ITU Region 1 (largely identical to Region 1/2 primary services shown). Source: FCC 47 CFR 2.106 / ITU Radio Regulations 2016
1.350000,1.400000,USA,USA,RADIOLOCATION,PRIMARY,,G2 5.334 5.339 US342 US385 G27 G114,"Point-to-point microwave links, satellite earth stations; Radar systems, speed guns, weather radar; Mobile phones, cellular base stations (2G/3G/4G/5G)",FCC 47 CFR 2.106 (Federal),EU/Europe follows ITU Region 1 (largely identical to Region 1/2 primary services shown). Source: FCC 47 CFR 2.106 / ITU Radio Regulations 2016
1.390000,1.395000,USA,USA,FIXED,PRIMARY,,5.339 US79 US342 US385 NG338A,"Point-to-point microwave links, satellite earth stations; Mobile phones, cellular base stations (2G/3G/4G/5G)",FCC 47 CFR 2.106 (Non-Fed),EU/Europe follows ITU Region 1 (largely identical to Region 1/2 primary services shown). Source: FCC 47 CFR 2.106 / ITU Radio Regulations 2016
1.390000,1.395000,USA,USA,MOBILE except aeronautical mobile,Secondary,,5.339 US79 US342 US385 NG338A,"Point-to-point microwave links, satellite earth stations; Mobile phones, cellular base stations (2G/3G/4G/5G)",FCC 47 CFR 2.106 (Non-Fed),EU/Europe follows ITU Region 1 (largely identical to Region 1/2 primary services shown). Source: FCC 47 CFR 2.106 / ITU Radio Regulations 2016
1.395000,1.400000,USA,USA,LAND MOBILE (medical telemetry and medical telecommand),Secondary,,5.339 US79 US342 US385,"Mobile phones, cellular base stations (2G/3G/4G/5G)",FCC 47 CFR 2.106 (Federal),EU/Europe follows ITU Region 1 (largely identical to Region 1/2 primary services shown). Source: FCC 47 CFR 2.106 / ITU Radio Regulations 2016
1.400000,1.427000,USA,USA,EARTH EXPLORATION-SATELLITE (passive),Secondary,,5.341 US246,"Radio telescopes, scientific receivers; Satellite phones, VSAT terminals, satellite internet; Deep space probes, scientific satellites",FCC 47 CFR 2.106 (Federal),EU/Europe follows ITU Region 1 (largely identical to Region 1/2 primary services shown). Source: FCC 47 CFR 2.106 / ITU Radio Regulations 2016
1.400000,1.427000,USA,USA,RADIO ASTRONOMY,PRIMARY,,US74 5.341 US246,"Radio telescopes, scientific receivers; Satellite phones, VSAT terminals, satellite internet; Deep space probes, scientific satellites",FCC 47 CFR 2.106 (Federal),EU/Europe follows ITU Region 1 (largely identical to Region 1/2 primary services shown). Source: FCC 47 CFR 2.106 / ITU Radio Regulations 2016
1.400000,1.427000,USA,USA,SPACE RESEARCH (passive),Secondary,,5.341 US246,"Radio telescopes, scientific receivers; Satellite phones, VSAT terminals, satellite internet; Deep space probes, scientific satellites",FCC 47 CFR 2.106 (Federal),EU/Europe follows ITU Region 1 (largely identical to Region 1/2 primary services shown). Source: FCC 47 CFR 2.106 / ITU Radio Regulations 2016
1.427000,1.429500,USA,USA,LAND MOBILE (medical,Secondary,,5.341 US79,"Point-to-point microwave links, satellite earth stations; Mobile phones, cellular base stations (2G/3G/4G/5G)",FCC 47 CFR 2.106 (Federal),EU/Europe follows ITU Region 1 (largely identical to Region 1/2 primary services shown). Source: FCC 47 CFR 2.106 / ITU Radio Regulations 2016
1.427000,1.429500,USA,USA,telemetry and medical,Secondary,,5.341 US79,"Point-to-point microwave links, satellite earth stations; Mobile phones, cellular base stations (2G/3G/4G/5G)",FCC 47 CFR 2.106 (Federal),EU/Europe follows ITU Region 1 (largely identical to Region 1/2 primary services shown). Source: FCC 47 CFR 2.106 / ITU Radio Regulations 2016
1.427000,1.429500,USA,USA,telecommand),Secondary,,US350 5.341 US79,"Point-to-point microwave links, satellite earth stations; Mobile phones, cellular base stations (2G/3G/4G/5G)",FCC 47 CFR 2.106 (Federal),EU/Europe follows ITU Region 1 (largely identical to Region 1/2 primary services shown). Source: FCC 47 CFR 2.106 / ITU Radio Regulations 2016
1.427000,1.429500,USA,USA,LAND MOBILE (telemetry and,Secondary,,5.341 US79 US350 NG338A,"Point-to-point microwave links, satellite earth stations; Mobile phones, cellular base stations (2G/3G/4G/5G)",FCC 47 CFR 2.106 (Non-Fed),EU/Europe follows ITU Region 1 (largely identical to Region 1/2 primary services shown). Source: FCC 47 CFR 2.106 / ITU Radio Regulations 2016
1.427000,1.429500,USA,USA,telecommand),Secondary,,5.341 US79 US350 NG338A,"Point-to-point microwave links, satellite earth stations; Mobile phones, cellular base stations (2G/3G/4G/5G)",FCC 47 CFR 2.106 (Non-Fed),EU/Europe follows ITU Region 1 (largely identical to Region 1/2 primary services shown). Source: FCC 47 CFR 2.106 / ITU Radio Regulations 2016
1.427000,1.429500,USA,USA,Fixed (telemetry),Secondary,,5.341 US79 US350 NG338A,"Point-to-point microwave links, satellite earth stations; Mobile phones, cellular base stations (2G/3G/4G/5G)",FCC 47 CFR 2.106 (Non-Fed),EU/Europe follows ITU Region 1 (largely identical to Region 1/2 primary services shown). Source: FCC 47 CFR 2.106 / ITU Radio Regulations 2016
1.429000,1.452000,ITU,Region 1/2,FIXED,PRIMARY,,,"Point-to-point microwave links, satellite earth stations; Mobile phones, cellular base stations (2G/3G/4G/5G)",ITU Radio Regulations,EU/Europe follows ITU Region 1 (largely identical to Region 1/2 primary services shown). Source: FCC 47 CFR 2.106 / ITU Radio Regulations 2016
1.429000,1.452000,ITU,Region 1/2,MOBILE,PRIMARY,,5.341B 5.341C 5.343,"Point-to-point microwave links, satellite earth stations; Mobile phones, cellular base stations (2G/3G/4G/5G)",ITU Radio Regulations,EU/Europe follows ITU Region 1 (largely identical to Region 1/2 primary services shown). Source: FCC 47 CFR 2.106 / ITU Radio Regulations 2016
1.429500,1.432000,USA,USA,FIXED (telemetry and telecommand),Secondary,,5.341 US79 US350 NG338A,"Point-to-point microwave links, satellite earth stations; Mobile phones, cellular base stations (2G/3G/4G/5G)",FCC 47 CFR 2.106 (Non-Fed),EU/Europe follows ITU Region 1 (largely identical to Region 1/2 primary services shown). Source: FCC 47 CFR 2.106 / ITU Radio Regulations 2016
1.429500,1.432000,USA,USA,LAND MOBILE (telemetry and,Secondary,,5.341 US79 US350 NG338A,"Point-to-point microwave links, satellite earth stations; Mobile phones, cellular base stations (2G/3G/4G/5G)",FCC 47 CFR 2.106 (Non-Fed),EU/Europe follows ITU Region 1 (largely identical to Region 1/2 primary services shown). Source: FCC 47 CFR 2.106 / ITU Radio Regulations 2016
1.429500,1.432000,USA,USA,telecommand),Secondary,,5.341 US79 US350 NG338A,"Point-to-point microwave links, satellite earth stations; Mobile phones, cellular base stations (2G/3G/4G/5G)",FCC 47 CFR 2.106 (Non-Fed),EU/Europe follows ITU Region 1 (largely identical to Region 1/2 primary services shown). Source: FCC 47 CFR 2.106 / ITU Radio Regulations 2016
1.432000,1.435000,USA,USA,FIXED,PRIMARY,,5.341 US83 NG338A,"Point-to-point microwave links, satellite earth stations; Mobile phones, cellular base stations (2G/3G/4G/5G)",FCC 47 CFR 2.106 (Non-Fed),EU/Europe follows ITU Region 1 (largely identical to Region 1/2 primary services shown). Source: FCC 47 CFR 2.106 / ITU Radio Regulations 2016
1.432000,1.435000,USA,USA,MOBILE except aeronautical mobile,Secondary,,5.341 US83 NG338A,"Point-to-point microwave links, satellite earth stations; Mobile phones, cellular base stations (2G/3G/4G/5G)",FCC 47 CFR 2.106 (Non-Fed),EU/Europe follows ITU Region 1 (largely identical to Region 1/2 primary services shown). Source: FCC 47 CFR 2.106 / ITU Radio Regulations 2016
1.435000,1.525000,USA,USA,MOBILE (aeronautical telemetry),Secondary,,US338A 5.341 US84 US343,"Mobile phones, cellular base stations (2G/3G/4G/5G)",FCC 47 CFR 2.106 (Federal),EU/Europe follows ITU Region 1 (largely identical to Region 1/2 primary services shown). Source: FCC 47 CFR 2.106 / ITU Radio Regulations 2016
1.452000,1.492000,ITU,Region 1/2,FIXED,PRIMARY,,,"AM/FM radios, DAB receivers, TV sets; Point-to-point microwave links, satellite earth stations; Mobile phones, cellular base stations (2G/3G/4G/5G)",ITU Radio Regulations,EU/Europe follows ITU Region 1 (largely identical to Region 1/2 primary services shown). Source: FCC 47 CFR 2.106 / ITU Radio Regulations 2016
1.452000,1.492000,ITU,Region 1/2,MOBILE,PRIMARY,,5.341B 5.343 5.346A,"AM/FM radios, DAB receivers, TV sets; Point-to-point microwave links, satellite earth stations; Mobile phones, cellular base stations (2G/3G/4G/5G)",ITU Radio Regulations,EU/Europe follows ITU Region 1 (largely identical to Region 1/2 primary services shown). Source: FCC 47 CFR 2.106 / ITU Radio Regulations 2016
1.452000,1.492000,ITU,Region 1/2,BROADCASTING,PRIMARY,,,"AM/FM radios, DAB receivers, TV sets; Point-to-point microwave links, satellite earth stations; Mobile phones, cellular base stations (2G/3G/4G/5G)",ITU Radio Regulations,EU/Europe follows ITU Region 1 (largely identical to Region 1/2 primary services shown). Source: FCC 47 CFR 2.106 / ITU Radio Regulations 2016
1.452000,1.492000,ITU,Region 1/2,BROADCASTING-SATELLITE,PRIMARY,,5.208B,"AM/FM radios, DAB receivers, TV sets; Point-to-point microwave links, satellite earth stations; Mobile phones, cellular base stations (2G/3G/4G/5G)",ITU Radio Regulations,EU/Europe follows ITU Region 1 (largely identical to Region 1/2 primary services shown). Source: FCC 47 CFR 2.106 / ITU Radio Regulations 2016
1.492000,1.518000,ITU,Region 1/2,FIXED,PRIMARY,,,"Point-to-point microwave links, satellite earth stations; Mobile phones, cellular base stations (2G/3G/4G/5G)",ITU Radio Regulations,EU/Europe follows ITU Region 1 (largely identical to Region 1/2 primary services shown). Source: FCC 47 CFR 2.106 / ITU Radio Regulations 2016
1.492000,1.518000,ITU,Region 1/2,MOBILE,PRIMARY,,5.341B 5.343,"Point-to-point microwave links, satellite earth stations; Mobile phones, cellular base stations (2G/3G/4G/5G)",ITU Radio Regulations,EU/Europe follows ITU Region 1 (largely identical to Region 1/2 primary services shown). Source: FCC 47 CFR 2.106 / ITU Radio Regulations 2016
1.492000,1.518000,ITU,Region 3,FIXED,PRIMARY,,,"Point-to-point microwave links, satellite earth stations; Mobile phones, cellular base stations (2G/3G/4G/5G)",ITU Radio Regulations,EU/Europe follows ITU Region 1 (largely identical to Region 1/2 primary services shown). Source: FCC 47 CFR 2.106 / ITU Radio Regulations 2016
1.492000,1.518000,ITU,Region 3,MOBILE,PRIMARY,,5.341C,"Point-to-point microwave links, satellite earth stations; Mobile phones, cellular base stations (2G/3G/4G/5G)",ITU Radio Regulations,EU/Europe follows ITU Region 1 (largely identical to Region 1/2 primary services shown). Source: FCC 47 CFR 2.106 / ITU Radio Regulations 2016
1.518000,1.525000,ITU,Region 1/2,FIXED,PRIMARY,,,"Point-to-point microwave links, satellite earth stations; Mobile phones, cellular base stations (2G/3G/4G/5G)",ITU Radio Regulations,EU/Europe follows ITU Region 1 (largely identical to Region 1/2 primary services shown). Source: FCC 47 CFR 2.106 / ITU Radio Regulations 2016
1.518000,1.525000,ITU,Region 1/2,MOBILE,PRIMARY,,5.343,"Point-to-point microwave links, satellite earth stations; Mobile phones, cellular base stations (2G/3G/4G/5G)",ITU Radio Regulations,EU/Europe follows ITU Region 1 (largely identical to Region 1/2 primary services shown). Source: FCC 47 CFR 2.106 / ITU Radio Regulations 2016
1.518000,1.525000,ITU,Region 1/2,MOBILE-SATELLITE (space-to-Earth),Secondary,,,"Point-to-point microwave links, satellite earth stations; Mobile phones, cellular base stations (2G/3G/4G/5G)",ITU Radio Regulations,EU/Europe follows ITU Region 1 (largely identical to Region 1/2 primary services shown). Source: FCC 47 CFR 2.106 / ITU Radio Regulations 2016
1.518000,1.525000,ITU,Region 3,FIXED,PRIMARY,,,"Point-to-point microwave links, satellite earth stations; Mobile phones, cellular base stations (2G/3G/4G/5G)",ITU Radio Regulations,EU/Europe follows ITU Region 1 (largely identical to Region 1/2 primary services shown). Source: FCC 47 CFR 2.106 / ITU Radio Regulations 2016
1.518000,1.525000,ITU,Region 3,MOBILE,PRIMARY,,,"Point-to-point microwave links, satellite earth stations; Mobile phones, cellular base stations (2G/3G/4G/5G)",ITU Radio Regulations,EU/Europe follows ITU Region 1 (largely identical to Region 1/2 primary services shown). Source: FCC 47 CFR 2.106 / ITU Radio Regulations 2016
1.518000,1.525000,ITU,Region 3,MOBILE-SATELLITE (space-to-Earth),Secondary,,,"Point-to-point microwave links, satellite earth stations; Mobile phones, cellular base stations (2G/3G/4G/5G)",ITU Radio Regulations,EU/Europe follows ITU Region 1 (largely identical to Region 1/2 primary services shown). Source: FCC 47 CFR 2.106 / ITU Radio Regulations 2016
1.525000,1.530000,ITU,Region 1/2,SPACE OPERATION (space-to-Earth),Secondary,,,"Point-to-point microwave links, satellite earth stations; Satellite phones, VSAT terminals, satellite internet; Mobile phones, cellular base stations (2G/3G/4G/5G)",ITU Radio Regulations,EU/Europe follows ITU Region 1 (largely identical to Region 1/2 primary services shown). Source: FCC 47 CFR 2.106 / ITU Radio Regulations 2016
1.525000,1.530000,ITU,Region 1/2,MOBILE-SATELLITE (space-to-Earth),Secondary,,,"Point-to-point microwave links, satellite earth stations; Satellite phones, VSAT terminals, satellite internet; Mobile phones, cellular base stations (2G/3G/4G/5G)",ITU Radio Regulations,EU/Europe follows ITU Region 1 (largely identical to Region 1/2 primary services shown). Source: FCC 47 CFR 2.106 / ITU Radio Regulations 2016
1.525000,1.530000,ITU,Region 1/2,Earth exploration-satellite,Secondary,,,"Point-to-point microwave links, satellite earth stations; Satellite phones, VSAT terminals, satellite internet; Mobile phones, cellular base stations (2G/3G/4G/5G)",ITU Radio Regulations,EU/Europe follows ITU Region 1 (largely identical to Region 1/2 primary services shown). Source: FCC 47 CFR 2.106 / ITU Radio Regulations 2016
1.525000,1.530000,ITU,Region 1/2,Fixed,Secondary,,,"Point-to-point microwave links, satellite earth stations; Satellite phones, VSAT terminals, satellite internet; Mobile phones, cellular base stations (2G/3G/4G/5G)",ITU Radio Regulations,EU/Europe follows ITU Region 1 (largely identical to Region 1/2 primary services shown). Source: FCC 47 CFR 2.106 / ITU Radio Regulations 2016
1.525000,1.530000,ITU,Region 1/2,Mobile,Secondary,,5.343,"Point-to-point microwave links, satellite earth stations; Satellite phones, VSAT terminals, satellite internet; Mobile phones, cellular base stations (2G/3G/4G/5G)",ITU Radio Regulations,EU/Europe follows ITU Region 1 (largely identical to Region 1/2 primary services shown). Source: FCC 47 CFR 2.106 / ITU Radio Regulations 2016
1.525000,1.530000,ITU,Region 3,SPACE OPERATION (space-to-Earth),Secondary,,,"Point-to-point microwave links, satellite earth stations; Satellite phones, VSAT terminals, satellite internet; Mobile phones, cellular base stations (2G/3G/4G/5G)",ITU Radio Regulations,EU/Europe follows ITU Region 1 (largely identical to Region 1/2 primary services shown). Source: FCC 47 CFR 2.106 / ITU Radio Regulations 2016
1.525000,1.530000,ITU,Region 3,FIXED,PRIMARY,,,"Point-to-point microwave links, satellite earth stations; Satellite phones, VSAT terminals, satellite internet; Mobile phones, cellular base stations (2G/3G/4G/5G)",ITU Radio Regulations,EU/Europe follows ITU Region 1 (largely identical to Region 1/2 primary services shown). Source: FCC 47 CFR 2.106 / ITU Radio Regulations 2016
1.525000,1.530000,ITU,Region 3,MOBILE-SATELLITE (space-to-Earth),Secondary,,,"Point-to-point microwave links, satellite earth stations; Satellite phones, VSAT terminals, satellite internet; Mobile phones, cellular base stations (2G/3G/4G/5G)",ITU Radio Regulations,EU/Europe follows ITU Region 1 (largely identical to Region 1/2 primary services shown). Source: FCC 47 CFR 2.106 / ITU Radio Regulations 2016
1.525000,1.530000,ITU,Region 3,Earth exploration-satellite,Secondary,,,"Point-to-point microwave links, satellite earth stations; Satellite phones, VSAT terminals, satellite internet; Mobile phones, cellular base stations (2G/3G/4G/5G)",ITU Radio Regulations,EU/Europe follows ITU Region 1 (largely identical to Region 1/2 primary services shown). Source: FCC 47 CFR 2.106 / ITU Radio Regulations 2016
1.525000,1.530000,ITU,Region 3,Mobile,Secondary,,5.349,"Point-to-point microwave links, satellite earth stations; Satellite phones, VSAT terminals, satellite internet; Mobile phones, cellular base stations (2G/3G/4G/5G)",ITU Radio Regulations,EU/Europe follows ITU Region 1 (largely identical to Region 1/2 primary services shown). Source: FCC 47 CFR 2.106 / ITU Radio Regulations 2016
1.525000,1.530000,USA,USA,MOBILE-SATELLITE (space-to-Earth),Secondary,,US315 US380 5.341 5.351,"Point-to-point microwave links, satellite earth stations; Satellite phones, VSAT terminals, satellite internet; Mobile phones, cellular base stations (2G/3G/4G/5G)",FCC 47 CFR 2.106 (Federal),EU/Europe follows ITU Region 1 (largely identical to Region 1/2 primary services shown). Source: FCC 47 CFR 2.106 / ITU Radio Regulations 2016
1.530000,1.535000,ITU,Region 1/2,SPACE OPERATION (space-to-Earth),Secondary,,,"Point-to-point microwave links, satellite earth stations; Satellite phones, VSAT terminals, satellite internet; Mobile phones, cellular base stations (2G/3G/4G/5G)",ITU Radio Regulations,EU/Europe follows ITU Region 1 (largely identical to Region 1/2 primary services shown). Source: FCC 47 CFR 2.106 / ITU Radio Regulations 2016
1.530000,1.535000,ITU,Region 1/2,MOBILE-SATELLITE (space-to-Earth),Secondary,,5.208B 5.351A 5.353A,"Point-to-point microwave links, satellite earth stations; Satellite phones, VSAT terminals, satellite internet; Mobile phones, cellular base stations (2G/3G/4G/5G)",ITU Radio Regulations,EU/Europe follows ITU Region 1 (largely identical to Region 1/2 primary services shown). Source: FCC 47 CFR 2.106 / ITU Radio Regulations 2016
1.530000,1.535000,ITU,Region 1/2,Earth exploration-satellite,Secondary,,,"Point-to-point microwave links, satellite earth stations; Satellite phones, VSAT terminals, satellite internet; Mobile phones, cellular base stations (2G/3G/4G/5G)",ITU Radio Regulations,EU/Europe follows ITU Region 1 (largely identical to Region 1/2 primary services shown). Source: FCC 47 CFR 2.106 / ITU Radio Regulations 2016
1.530000,1.535000,ITU,Region 1/2,Fixed,Secondary,,,"Point-to-point microwave links, satellite earth stations; Satellite phones, VSAT terminals, satellite internet; Mobile phones, cellular base stations (2G/3G/4G/5G)",ITU Radio Regulations,EU/Europe follows ITU Region 1 (largely identical to Region 1/2 primary services shown). Source: FCC 47 CFR 2.106 / ITU Radio Regulations 2016
1.530000,1.535000,ITU,Region 1/2,Mobile,Secondary,,5.343,"Point-to-point microwave links, satellite earth stations; Satellite phones, VSAT terminals, satellite internet; Mobile phones, cellular base stations (2G/3G/4G/5G)",ITU Radio Regulations,EU/Europe follows ITU Region 1 (largely identical to Region 1/2 primary services shown). Source: FCC 47 CFR 2.106 / ITU Radio Regulations 2016
1.535000,1.559000,USA,USA,MOBILE-SATELLITE (space-to-Earth),Secondary,,US308 US309 US315 US380 5.341 5.351 5.356,"Mobile phones, cellular base stations (2G/3G/4G/5G)",FCC 47 CFR 2.106 (Federal),EU/Europe follows ITU Region 1 (largely identical to Region 1/2 primary services shown). Source: FCC 47 CFR 2.106 / ITU Radio Regulations 2016
1.559000,1.610000,USA,USA,AERONAUTICAL RADIONAVIGATION,PRIMARY,,5.341 US85 US208 US260,"GPS receivers, GNSS devices; ILS, VOR, DME, TACAN, instrument landing systems",FCC 47 CFR 2.106 (Federal),EU/Europe follows ITU Region 1 (largely identical to Region 1/2 primary services shown). Source: FCC 47 CFR 2.106 / ITU Radio Regulations 2016
1.559000,1.610000,USA,USA,RADIONAVIGATION-SATELLITE (space-to-Earth)(space-to-space),Secondary,,5.341 US85 US208 US260,"GPS receivers, GNSS devices; ILS, VOR, DME, TACAN, instrument landing systems",FCC 47 CFR 2.106 (Federal),EU/Europe follows ITU Region 1 (largely identical to Region 1/2 primary services shown). Source: FCC 47 CFR 2.106 / ITU Radio Regulations 2016
1.605000,1.625000,ITU,Region 1/2,BROADCASTING,PRIMARY,,5.89,"AM/FM radios, DAB receivers, TV sets; Mobile phones, cellular base stations (2G/3G/4G/5G)",ITU Radio Regulations,EU/Europe follows ITU Region 1 (largely identical to Region 1/2 primary services shown). Source: FCC 47 CFR 2.106 / ITU Radio Regulations 2016
1.605000,1.625000,USA,USA,MOBILE,PRIMARY,,US221 G127,"AM/FM radios, DAB receivers, TV sets; Mobile phones, cellular base stations (2G/3G/4G/5G)",FCC 47 CFR 2.106 (Federal),EU/Europe follows ITU Region 1 (largely identical to Region 1/2 primary services shown). Source: FCC 47 CFR 2.106 / ITU Radio Regulations 2016
1.610000,1.610600,ITU,Region 1/2,MOBILE-SATELLITE (Earth-to-space),Secondary,,,"Satellite phones, VSAT terminals, satellite internet; Mobile phones, cellular base stations (2G/3G/4G/5G); ILS, VOR, DME, TACAN, instrument landing systems",ITU Radio Regulations,EU/Europe follows ITU Region 1 (largely identical to Region 1/2 primary services shown). Source: FCC 47 CFR 2.106 / ITU Radio Regulations 2016
1.610000,1.610600,ITU,Region 1/2,AERONAUTICAL RADIONAVIGATION,PRIMARY,,,"Satellite phones, VSAT terminals, satellite internet; Mobile phones, cellular base stations (2G/3G/4G/5G); ILS, VOR, DME, TACAN, instrument landing systems",ITU Radio Regulations,EU/Europe follows ITU Region 1 (largely identical to Region 1/2 primary services shown). Source: FCC 47 CFR 2.106 / ITU Radio Regulations 2016
1.610000,1.610600,ITU,Region 1/2,RADIODETERMINATION-SATELLITE,PRIMARY,,,"Satellite phones, VSAT terminals, satellite internet; Mobile phones, cellular base stations (2G/3G/4G/5G); ILS, VOR, DME, TACAN, instrument landing systems",ITU Radio Regulations,EU/Europe follows ITU Region 1 (largely identical to Region 1/2 primary services shown). Source: FCC 47 CFR 2.106 / ITU Radio Regulations 2016
1.610000,1.610600,ITU,Region 1/2,(Earth-to-space),Secondary,,,"Satellite phones, VSAT terminals, satellite internet; Mobile phones, cellular base stations (2G/3G/4G/5G); ILS, VOR, DME, TACAN, instrument landing systems",ITU Radio Regulations,EU/Europe follows ITU Region 1 (largely identical to Region 1/2 primary services shown). Source: FCC 47 CFR 2.106 / ITU Radio Regulations 2016
1.610000,1.610600,ITU,Region 3,MOBILE-SATELLITE (Earth-to-space),Secondary,,,"Satellite phones, VSAT terminals, satellite internet; Mobile phones, cellular base stations (2G/3G/4G/5G); ILS, VOR, DME, TACAN, instrument landing systems",ITU Radio Regulations,EU/Europe follows ITU Region 1 (largely identical to Region 1/2 primary services shown). Source: FCC 47 CFR 2.106 / ITU Radio Regulations 2016
1.610000,1.610600,ITU,Region 3,AERONAUTICAL RADIONAVIGATION,PRIMARY,,,"Satellite phones, VSAT terminals, satellite internet; Mobile phones, cellular base stations (2G/3G/4G/5G); ILS, VOR, DME, TACAN, instrument landing systems",ITU Radio Regulations,EU/Europe follows ITU Region 1 (largely identical to Region 1/2 primary services shown). Source: FCC 47 CFR 2.106 / ITU Radio Regulations 2016
1.610000,1.610600,ITU,Region 3,Radiodetermination-satellite,Secondary,,,"Satellite phones, VSAT terminals, satellite internet; Mobile phones, cellular base stations (2G/3G/4G/5G); ILS, VOR, DME, TACAN, instrument landing systems",ITU Radio Regulations,EU/Europe follows ITU Region 1 (largely identical to Region 1/2 primary services shown). Source: FCC 47 CFR 2.106 / ITU Radio Regulations 2016
1.610000,1.610600,ITU,Region 3,(Earth-to-space),Secondary,,,"Satellite phones, VSAT terminals, satellite internet; Mobile phones, cellular base stations (2G/3G/4G/5G); ILS, VOR, DME, TACAN, instrument landing systems",ITU Radio Regulations,EU/Europe follows ITU Region 1 (largely identical to Region 1/2 primary services shown). Source: FCC 47 CFR 2.106 / ITU Radio Regulations 2016
1.610000,1.610600,USA,USA,MOBILE-SATELLITE (Earth-to-space),Secondary,,US319 US380 5.341 5.364 5.366 5.367 5.368 5.372 US208,"Satellite phones, VSAT terminals, satellite internet; Mobile phones, cellular base stations (2G/3G/4G/5G); ILS, VOR, DME, TACAN, instrument landing systems",FCC 47 CFR 2.106 (Federal),EU/Europe follows ITU Region 1 (largely identical to Region 1/2 primary services shown). Source: FCC 47 CFR 2.106 / ITU Radio Regulations 2016
1.610000,1.610600,USA,USA,AERONAUTICAL RADIONAVIGATION,PRIMARY,,US260 5.341 5.364 5.366 5.367 5.368 5.372 US208,"Satellite phones, VSAT terminals, satellite internet; Mobile phones, cellular base stations (2G/3G/4G/5G); ILS, VOR, DME, TACAN, instrument landing systems",FCC 47 CFR 2.106 (Federal),EU/Europe follows ITU Region 1 (largely identical to Region 1/2 primary services shown). Source: FCC 47 CFR 2.106 / ITU Radio Regulations 2016
1.610000,1.610600,USA,USA,RADIODETERMINATION-SATELLITE (Earth-to-space),Secondary,,5.341 5.364 5.366 5.367 5.368 5.372 US208,"Satellite phones, VSAT terminals, satellite internet; Mobile phones, cellular base stations (2G/3G/4G/5G); ILS, VOR, DME, TACAN, instrument landing systems",FCC 47 CFR 2.106 (Federal),EU/Europe follows ITU Region 1 (largely identical to Region 1/2 primary services shown). Source: FCC 47 CFR 2.106 / ITU Radio Regulations 2016
1.610600,1.613800,ITU,Region 1/2,MOBILE-SATELLITE (Earth-to-space),Secondary,,,"Radio telescopes, scientific receivers; Satellite phones, VSAT terminals, satellite internet; Mobile phones, cellular base stations (2G/3G/4G/5G); ILS, VOR, DME, TACAN, instrument landing systems",ITU Radio Regulations,EU/Europe follows ITU Region 1 (largely identical to Region 1/2 primary services shown). Source: FCC 47 CFR 2.106 / ITU Radio Regulations 2016
1.610600,1.613800,ITU,Region 1/2,RADIO ASTRONOMY,PRIMARY,,,"Radio telescopes, scientific receivers; Satellite phones, VSAT terminals, satellite internet; Mobile phones, cellular base stations (2G/3G/4G/5G); ILS, VOR, DME, TACAN, instrument landing systems",ITU Radio Regulations,EU/Europe follows ITU Region 1 (largely identical to Region 1/2 primary services shown). Source: FCC 47 CFR 2.106 / ITU Radio Regulations 2016
1.610600,1.613800,ITU,Region 1/2,AERONAUTICAL RADIONAVIGATION,PRIMARY,,,"Radio telescopes, scientific receivers; Satellite phones, VSAT terminals, satellite internet; Mobile phones, cellular base stations (2G/3G/4G/5G); ILS, VOR, DME, TACAN, instrument landing systems",ITU Radio Regulations,EU/Europe follows ITU Region 1 (largely identical to Region 1/2 primary services shown). Source: FCC 47 CFR 2.106 / ITU Radio Regulations 2016
1.610600,1.613800,ITU,Region 1/2,RADIODETERMINATION-,PRIMARY,,,"Radio telescopes, scientific receivers; Satellite phones, VSAT terminals, satellite internet; Mobile phones, cellular base stations (2G/3G/4G/5G); ILS, VOR, DME, TACAN, instrument landing systems",ITU Radio Regulations,EU/Europe follows ITU Region 1 (largely identical to Region 1/2 primary services shown). Source: FCC 47 CFR 2.106 / ITU Radio Regulations 2016
1.610600,1.613800,ITU,Region 1/2,SATELLITE (Earth-to-space),Secondary,,,"Radio telescopes, scientific receivers; Satellite phones, VSAT terminals, satellite internet; Mobile phones, cellular base stations (2G/3G/4G/5G); ILS, VOR, DME, TACAN, instrument landing systems",ITU Radio Regulations,EU/Europe follows ITU Region 1 (largely identical to Region 1/2 primary services shown). Source: FCC 47 CFR 2.106 / ITU Radio Regulations 2016
1.610600,1.613800,ITU,Region 3,MOBILE-SATELLITE (Earth-to-space),Secondary,,,"Radio telescopes, scientific receivers; Satellite phones, VSAT terminals, satellite internet; Mobile phones, cellular base stations (2G/3G/4G/5G); ILS, VOR, DME, TACAN, instrument landing systems",ITU Radio Regulations,EU/Europe follows ITU Region 1 (largely identical to Region 1/2 primary services shown). Source: FCC 47 CFR 2.106 / ITU Radio Regulations 2016
1.610600,1.613800,ITU,Region 3,RADIO ASTRONOMY,PRIMARY,,,"Radio telescopes, scientific receivers; Satellite phones, VSAT terminals, satellite internet; Mobile phones, cellular base stations (2G/3G/4G/5G); ILS, VOR, DME, TACAN, instrument landing systems",ITU Radio Regulations,EU/Europe follows ITU Region 1 (largely identical to Region 1/2 primary services shown). Source: FCC 47 CFR 2.106 / ITU Radio Regulations 2016
1.610600,1.613800,ITU,Region 3,AERONAUTICAL RADIONAVIGATION,PRIMARY,,,"Radio telescopes, scientific receivers; Satellite phones, VSAT terminals, satellite internet; Mobile phones, cellular base stations (2G/3G/4G/5G); ILS, VOR, DME, TACAN, instrument landing systems",ITU Radio Regulations,EU/Europe follows ITU Region 1 (largely identical to Region 1/2 primary services shown). Source: FCC 47 CFR 2.106 / ITU Radio Regulations 2016
1.610600,1.613800,ITU,Region 3,Radiodetermination-satellite,Secondary,,,"Radio telescopes, scientific receivers; Satellite phones, VSAT terminals, satellite internet; Mobile phones, cellular base stations (2G/3G/4G/5G); ILS, VOR, DME, TACAN, instrument landing systems",ITU Radio Regulations,EU/Europe follows ITU Region 1 (largely identical to Region 1/2 primary services shown). Source: FCC 47 CFR 2.106 / ITU Radio Regulations 2016
1.610600,1.613800,ITU,Region 3,(Earth-to-space),Secondary,,,"Radio telescopes, scientific receivers; Satellite phones, VSAT terminals, satellite internet; Mobile phones, cellular base stations (2G/3G/4G/5G); ILS, VOR, DME, TACAN, instrument landing systems",ITU Radio Regulations,EU/Europe follows ITU Region 1 (largely identical to Region 1/2 primary services shown). Source: FCC 47 CFR 2.106 / ITU Radio Regulations 2016
1.610600,1.613800,USA,USA,MOBILE-SATELLITE (Earth-to-space),Secondary,,US319 US380 5.341 5.364 5.366 5.367 5.368 5.372 US208 US342,"Radio telescopes, scientific receivers; Satellite phones, VSAT terminals, satellite internet; Mobile phones, cellular base stations (2G/3G/4G/5G); ILS, VOR, DME, TACAN, instrument landing systems",FCC 47 CFR 2.106 (Federal),EU/Europe follows ITU Region 1 (largely identical to Region 1/2 primary services shown). Source: FCC 47 CFR 2.106 / ITU Radio Regulations 2016
1.610600,1.613800,USA,USA,RADIO ASTRONOMY,PRIMARY,,5.341 5.364 5.366 5.367 5.368 5.372 US208 US342,"Radio telescopes, scientific receivers; Satellite phones, VSAT terminals, satellite internet; Mobile phones, cellular base stations (2G/3G/4G/5G); ILS, VOR, DME, TACAN, instrument landing systems",FCC 47 CFR 2.106 (Federal),EU/Europe follows ITU Region 1 (largely identical to Region 1/2 primary services shown). Source: FCC 47 CFR 2.106 / ITU Radio Regulations 2016
1.610600,1.613800,USA,USA,AERONAUTICAL RADIONAVIGATION,PRIMARY,,US260 5.341 5.364 5.366 5.367 5.368 5.372 US208 US342,"Radio telescopes, scientific receivers; Satellite phones, VSAT terminals, satellite internet; Mobile phones, cellular base stations (2G/3G/4G/5G); ILS, VOR, DME, TACAN, instrument landing systems",FCC 47 CFR 2.106 (Federal),EU/Europe follows ITU Region 1 (largely identical to Region 1/2 primary services shown). Source: FCC 47 CFR 2.106 / ITU Radio Regulations 2016
1.610600,1.613800,USA,USA,RADIODETERMINATION-SATELLITE (Earth-to-space),Secondary,,5.341 5.364 5.366 5.367 5.368 5.372 US208 US342,"Radio telescopes, scientific receivers; Satellite phones, VSAT terminals, satellite internet; Mobile phones, cellular base stations (2G/3G/4G/5G); ILS, VOR, DME, TACAN, instrument landing systems",FCC 47 CFR 2.106 (Federal),EU/Europe follows ITU Region 1 (largely identical to Region 1/2 primary services shown). Source: FCC 47 CFR 2.106 / ITU Radio Regulations 2016
1.613800,1.626500,ITU,Region 1/2,MOBILE-SATELLITE (Earth-to-space),Secondary,,,"Satellite phones, VSAT terminals, satellite internet; Mobile phones, cellular base stations (2G/3G/4G/5G); ILS, VOR, DME, TACAN, instrument landing systems",ITU Radio Regulations,EU/Europe follows ITU Region 1 (largely identical to Region 1/2 primary services shown). Source: FCC 47 CFR 2.106 / ITU Radio Regulations 2016
1.613800,1.626500,ITU,Region 1/2,AERONAUTICAL RADIONAVIGATION,PRIMARY,,,"Satellite phones, VSAT terminals, satellite internet; Mobile phones, cellular base stations (2G/3G/4G/5G); ILS, VOR, DME, TACAN, instrument landing systems",ITU Radio Regulations,EU/Europe follows ITU Region 1 (largely identical to Region 1/2 primary services shown). Source: FCC 47 CFR 2.106 / ITU Radio Regulations 2016
1.613800,1.626500,ITU,Region 1/2,RADIODETERMINATION-SATELLITE,PRIMARY,,,"Satellite phones, VSAT terminals, satellite internet; Mobile phones, cellular base stations (2G/3G/4G/5G); ILS, VOR, DME, TACAN, instrument landing systems",ITU Radio Regulations,EU/Europe follows ITU Region 1 (largely identical to Region 1/2 primary services shown). Source: FCC 47 CFR 2.106 / ITU Radio Regulations 2016
1.613800,1.626500,ITU,Region 1/2,(Earth-to-space),Secondary,,,"Satellite phones, VSAT terminals, satellite internet; Mobile phones, cellular base stations (2G/3G/4G/5G); ILS, VOR, DME, TACAN, instrument landing systems",ITU Radio Regulations,EU/Europe follows ITU Region 1 (largely identical to Region 1/2 primary services shown). Source: FCC 47 CFR 2.106 / ITU Radio Regulations 2016
1.613800,1.626500,ITU,Region 1/2,Mobile-satellite (space-to-Earth),Secondary,,5.208B,"Satellite phones, VSAT terminals, satellite internet; Mobile phones, cellular base stations (2G/3G/4G/5G); ILS, VOR, DME, TACAN, instrument landing systems",ITU Radio Regulations,EU/Europe follows ITU Region 1 (largely identical to Region 1/2 primary services shown). Source: FCC 47 CFR 2.106 / ITU Radio Regulations 2016
1.613800,1.626500,ITU,Region 3,MOBILE-SATELLITE (Earth-to-space),Secondary,,,"Satellite phones, VSAT terminals, satellite internet; Mobile phones, cellular base stations (2G/3G/4G/5G); ILS, VOR, DME, TACAN, instrument landing systems",ITU Radio Regulations,EU/Europe follows ITU Region 1 (largely identical to Region 1/2 primary services shown). Source: FCC 47 CFR 2.106 / ITU Radio Regulations 2016
1.613800,1.626500,ITU,Region 3,AERONAUTICAL RADIONAVIGATION,PRIMARY,,,"Satellite phones, VSAT terminals, satellite internet; Mobile phones, cellular base stations (2G/3G/4G/5G); ILS, VOR, DME, TACAN, instrument landing systems",ITU Radio Regulations,EU/Europe follows ITU Region 1 (largely identical to Region 1/2 primary services shown). Source: FCC 47 CFR 2.106 / ITU Radio Regulations 2016
1.613800,1.626500,ITU,Region 3,Mobile-satellite (space-to-Earth),Secondary,,5.208B,"Satellite phones, VSAT terminals, satellite internet; Mobile phones, cellular base stations (2G/3G/4G/5G); ILS, VOR, DME, TACAN, instrument landing systems",ITU Radio Regulations,EU/Europe follows ITU Region 1 (largely identical to Region 1/2 primary services shown). Source: FCC 47 CFR 2.106 / ITU Radio Regulations 2016
1.613800,1.626500,ITU,Region 3,Radiodetermination-satellite,Secondary,,,"Satellite phones, VSAT terminals, satellite internet; Mobile phones, cellular base stations (2G/3G/4G/5G); ILS, VOR, DME, TACAN, instrument landing systems",ITU Radio Regulations,EU/Europe follows ITU Region 1 (largely identical to Region 1/2 primary services shown). Source: FCC 47 CFR 2.106 / ITU Radio Regulations 2016
1.613800,1.626500,ITU,Region 3,(Earth-to-space),Secondary,,,"Satellite phones, VSAT terminals, satellite internet; Mobile phones, cellular base stations (2G/3G/4G/5G); ILS, VOR, DME, TACAN, instrument landing systems",ITU Radio Regulations,EU/Europe follows ITU Region 1 (largely identical to Region 1/2 primary services shown). Source: FCC 47 CFR 2.106 / ITU Radio Regulations 2016
1.613800,1.626500,USA,USA,MOBILE-SATELLITE (Earth-to-space),Secondary,,US319 US380 5.341 5.364 5.365 5.366 5.367 5.368 5.372 US208,"Satellite phones, VSAT terminals, satellite internet; Mobile phones, cellular base stations (2G/3G/4G/5G); ILS, VOR, DME, TACAN, instrument landing systems",FCC 47 CFR 2.106 (Federal),EU/Europe follows ITU Region 1 (largely identical to Region 1/2 primary services shown). Source: FCC 47 CFR 2.106 / ITU Radio Regulations 2016
1.613800,1.626500,USA,USA,AERONAUTICAL RADIONAVIGATION,PRIMARY,,US260 5.341 5.364 5.365 5.366 5.367 5.368 5.372 US208,"Satellite phones, VSAT terminals, satellite internet; Mobile phones, cellular base stations (2G/3G/4G/5G); ILS, VOR, DME, TACAN, instrument landing systems",FCC 47 CFR 2.106 (Federal),EU/Europe follows ITU Region 1 (largely identical to Region 1/2 primary services shown). Source: FCC 47 CFR 2.106 / ITU Radio Regulations 2016
1.613800,1.626500,USA,USA,RADIODETERMINATION-SATELLITE (Earth-to-space),Secondary,,5.341 5.364 5.365 5.366 5.367 5.368 5.372 US208,"Satellite phones, VSAT terminals, satellite internet; Mobile phones, cellular base stations (2G/3G/4G/5G); ILS, VOR, DME, TACAN, instrument landing systems",FCC 47 CFR 2.106 (Federal),EU/Europe follows ITU Region 1 (largely identical to Region 1/2 primary services shown). Source: FCC 47 CFR 2.106 / ITU Radio Regulations 2016
1.613800,1.626500,USA,USA,Mobile-satellite (space-to-Earth),Secondary,,5.341 5.364 5.365 5.366 5.367 5.368 5.372 US208,"Satellite phones, VSAT terminals, satellite internet; Mobile phones, cellular base stations (2G/3G/4G/5G); ILS, VOR, DME, TACAN, instrument landing systems",FCC 47 CFR 2.106 (Federal),EU/Europe follows ITU Region 1 (largely identical to Region 1/2 primary services shown). Source: FCC 47 CFR 2.106 / ITU Radio Regulations 2016
1.625000,1.705000,ITU,Region 1/2,FIXED,PRIMARY,,,"AM/FM radios, DAB receivers, TV sets; Radar systems, speed guns, weather radar; Point-to-point microwave links, satellite earth stations; Mobile phones, cellular base stations (2G/3G/4G/5G)",ITU Radio Regulations,EU/Europe follows ITU Region 1 (largely identical to Region 1/2 primary services shown). Source: FCC 47 CFR 2.106 / ITU Radio Regulations 2016
1.625000,1.705000,ITU,Region 1/2,MOBILE,PRIMARY,,,"AM/FM radios, DAB receivers, TV sets; Radar systems, speed guns, weather radar; Point-to-point microwave links, satellite earth stations; Mobile phones, cellular base stations (2G/3G/4G/5G)",ITU Radio Regulations,EU/Europe follows ITU Region 1 (largely identical to Region 1/2 primary services shown). Source: FCC 47 CFR 2.106 / ITU Radio Regulations 2016
1.625000,1.705000,ITU,Region 1/2,BROADCASTING,PRIMARY,,5.89,"AM/FM radios, DAB receivers, TV sets; Radar systems, speed guns, weather radar; Point-to-point microwave links, satellite earth stations; Mobile phones, cellular base stations (2G/3G/4G/5G)",ITU Radio Regulations,EU/Europe follows ITU Region 1 (largely identical to Region 1/2 primary services shown). Source: FCC 47 CFR 2.106 / ITU Radio Regulations 2016
1.625000,1.705000,ITU,Region 1/2,Radiolocation,Secondary,,,"AM/FM radios, DAB receivers, TV sets; Radar systems, speed guns, weather radar; Point-to-point microwave links, satellite earth stations; Mobile phones, cellular base stations (2G/3G/4G/5G)",ITU Radio Regulations,EU/Europe follows ITU Region 1 (largely identical to Region 1/2 primary services shown). Source: FCC 47 CFR 2.106 / ITU Radio Regulations 2016
1.626500,1.660000,USA,USA,MOBILE-SATELLITE (Earth-to-space),Secondary,,US308 US309 US315 US380 5.341 5.351 5.375,"Mobile phones, cellular base stations (2G/3G/4G/5G)",FCC 47 CFR 2.106 (Federal),EU/Europe follows ITU Region 1 (largely identical to Region 1/2 primary services shown). Source: FCC 47 CFR 2.106 / ITU Radio Regulations 2016
1.660000,1.660500,USA,USA,MOBILE-SATELLITE (Earth-to-space),Secondary,,US308 US309 US380 5.341 5.351 US342,"Radio telescopes, scientific receivers; Mobile phones, cellular base stations (2G/3G/4G/5G)",FCC 47 CFR 2.106 (Federal),EU/Europe follows ITU Region 1 (largely identical to Region 1/2 primary services shown). Source: FCC 47 CFR 2.106 / ITU Radio Regulations 2016
1.660000,1.660500,USA,USA,RADIO ASTRONOMY,PRIMARY,,5.341 5.351 US342,"Radio telescopes, scientific receivers; Mobile phones, cellular base stations (2G/3G/4G/5G)",FCC 47 CFR 2.106 (Federal),EU/Europe follows ITU Region 1 (largely identical to Region 1/2 primary services shown). Source: FCC 47 CFR 2.106 / ITU Radio Regulations 2016
1.660500,1.668400,USA,USA,RADIO ASTRONOMY,PRIMARY,,US74 5.341 US246,"Radio telescopes, scientific receivers; Deep space probes, scientific satellites",FCC 47 CFR 2.106 (Federal),EU/Europe follows ITU Region 1 (largely identical to Region 1/2 primary services shown). Source: FCC 47 CFR 2.106 / ITU Radio Regulations 2016
1.660500,1.668400,USA,USA,SPACE RESEARCH (passive),Secondary,,5.341 US246,"Radio telescopes, scientific receivers; Deep space probes, scientific satellites",FCC 47 CFR 2.106 (Federal),EU/Europe follows ITU Region 1 (largely identical to Region 1/2 primary services shown). Source: FCC 47 CFR 2.106 / ITU Radio Regulations 2016
1.668400,1.670000,USA,USA,METEOROLOGICAL AIDS (radiosonde),Secondary,,5.341 US99 US342,"Radio telescopes, scientific receivers; Radiosondes, weather balloons",FCC 47 CFR 2.106 (Federal),EU/Europe follows ITU Region 1 (largely identical to Region 1/2 primary services shown). Source: FCC 47 CFR 2.106 / ITU Radio Regulations 2016
1.668400,1.670000,USA,USA,RADIO ASTRONOMY,PRIMARY,,US74 5.341 US99 US342,"Radio telescopes, scientific receivers; Radiosondes, weather balloons",FCC 47 CFR 2.106 (Federal),EU/Europe follows ITU Region 1 (largely identical to Region 1/2 primary services shown). Source: FCC 47 CFR 2.106 / ITU Radio Regulations 2016
1.670000,1.675000,USA,USA,FIXED,PRIMARY,,5.341 US211 US362,"Point-to-point microwave links, satellite earth stations; Mobile phones, cellular base stations (2G/3G/4G/5G)",FCC 47 CFR 2.106 (Non-Fed),EU/Europe follows ITU Region 1 (largely identical to Region 1/2 primary services shown). Source: FCC 47 CFR 2.106 / ITU Radio Regulations 2016
1.670000,1.675000,USA,USA,MOBILE except aeronautical,Secondary,,5.341 US211 US362,"Point-to-point microwave links, satellite earth stations; Mobile phones, cellular base stations (2G/3G/4G/5G)",FCC 47 CFR 2.106 (Non-Fed),EU/Europe follows ITU Region 1 (largely identical to Region 1/2 primary services shown). Source: FCC 47 CFR 2.106 / ITU Radio Regulations 2016
1.670000,1.675000,USA,USA,mobile,Secondary,,5.341 US211 US362,"Point-to-point microwave links, satellite earth stations; Mobile phones, cellular base stations (2G/3G/4G/5G)",FCC 47 CFR 2.106 (Non-Fed),EU/Europe follows ITU Region 1 (largely identical to Region 1/2 primary services shown). Source: FCC 47 CFR 2.106 / ITU Radio Regulations 2016
1.675000,1.695000,USA,USA,METEOROLOGICAL AIDS (radiosonde),Secondary,,5.341 US211 US289,"Satellite phones, VSAT terminals, satellite internet; Radiosondes, weather balloons",FCC 47 CFR 2.106 (Federal),EU/Europe follows ITU Region 1 (largely identical to Region 1/2 primary services shown). Source: FCC 47 CFR 2.106 / ITU Radio Regulations 2016
1.675000,1.695000,USA,USA,METEOROLOGICAL-SATELLITE (space-to-Earth),Secondary,,US88 5.341 US211 US289,"Satellite phones, VSAT terminals, satellite internet; Radiosondes, weather balloons",FCC 47 CFR 2.106 (Federal),EU/Europe follows ITU Region 1 (largely identical to Region 1/2 primary services shown). Source: FCC 47 CFR 2.106 / ITU Radio Regulations 2016
1.705000,1.800000,ITU,Region 1/2,FIXED,PRIMARY,,,"Radar systems, speed guns, weather radar; Point-to-point microwave links, satellite earth stations; Mobile phones, cellular base stations (2G/3G/4G/5G); ILS, VOR, DME, TACAN, instrument landing systems",ITU Radio Regulations,EU/Europe follows ITU Region 1 (largely identical to Region 1/2 primary services shown). Source: FCC 47 CFR 2.106 / ITU Radio Regulations 2016
1.705000,1.800000,ITU,Region 1/2,MOBILE,PRIMARY,,,"Radar systems, speed guns, weather radar; Point-to-point microwave links, satellite earth stations; Mobile phones, cellular base stations (2G/3G/4G/5G); ILS, VOR, DME, TACAN, instrument landing systems",ITU Radio Regulations,EU/Europe follows ITU Region 1 (largely identical to Region 1/2 primary services shown). Source: FCC 47 CFR 2.106 / ITU Radio Regulations 2016
1.705000,1.800000,ITU,Region 1/2,RADIOLOCATION,PRIMARY,,,"Radar systems, speed guns, weather radar; Point-to-point microwave links, satellite earth stations; Mobile phones, cellular base stations (2G/3G/4G/5G); ILS, VOR, DME, TACAN, instrument landing systems",ITU Radio Regulations,EU/Europe follows ITU Region 1 (largely identical to Region 1/2 primary services shown). Source: FCC 47 CFR 2.106 / ITU Radio Regulations 2016
1.705000,1.800000,ITU,Region 1/2,AERONAUTICAL RADIONAVIGATION,PRIMARY,,,"Radar systems, speed guns, weather radar; Point-to-point microwave links, satellite earth stations; Mobile phones, cellular base stations (2G/3G/4G/5G); ILS, VOR, DME, TACAN, instrument landing systems",ITU Radio Regulations,EU/Europe follows ITU Region 1 (largely identical to Region 1/2 primary services shown). Source: FCC 47 CFR 2.106 / ITU Radio Regulations 2016
1.705000,1.800000,USA,USA,FIXED,PRIMARY,,US240,"Radar systems, speed guns, weather radar; Point-to-point microwave links, satellite earth stations; Mobile phones, cellular base stations (2G/3G/4G/5G); ILS, VOR, DME, TACAN, instrument landing systems",FCC 47 CFR 2.106 (Federal),EU/Europe follows ITU Region 1 (largely identical to Region 1/2 primary services shown). Source: FCC 47 CFR 2.106 / ITU Radio Regulations 2016
1.705000,1.800000,USA,USA,MOBILE,PRIMARY,,US240,"Radar systems, speed guns, weather radar; Point-to-point microwave links, satellite earth stations; Mobile phones, cellular base stations (2G/3G/4G/5G); ILS, VOR, DME, TACAN, instrument landing systems",FCC 47 CFR 2.106 (Federal),EU/Europe follows ITU Region 1 (largely identical to Region 1/2 primary services shown). Source: FCC 47 CFR 2.106 / ITU Radio Regulations 2016
1.705000,1.800000,USA,USA,RADIOLOCATION,PRIMARY,,US240,"Radar systems, speed guns, weather radar; Point-to-point microwave links, satellite earth stations; Mobile phones, cellular base stations (2G/3G/4G/5G); ILS, VOR, DME, TACAN, instrument landing systems",FCC 47 CFR 2.106 (Federal),EU/Europe follows ITU Region 1 (largely identical to Region 1/2 primary services shown). Source: FCC 47 CFR 2.106 / ITU Radio Regulations 2016
1.710000,1.761000,USA,USA,FIXED,PRIMARY,,5.341 US91 US378 US385,"Point-to-point microwave links, satellite earth stations; Mobile phones, cellular base stations (2G/3G/4G/5G)",FCC 47 CFR 2.106 (Non-Fed),EU/Europe follows ITU Region 1 (largely identical to Region 1/2 primary services shown). Source: FCC 47 CFR 2.106 / ITU Radio Regulations 2016
1.710000,1.761000,USA,USA,MOBILE,PRIMARY,,5.341 US91 US378 US385,"Point-to-point microwave links, satellite earth stations; Mobile phones, cellular base stations (2G/3G/4G/5G)",FCC 47 CFR 2.106 (Non-Fed),EU/Europe follows ITU Region 1 (largely identical to Region 1/2 primary services shown). Source: FCC 47 CFR 2.106 / ITU Radio Regulations 2016
1.761000,1.780000,USA,USA,SPACE OPERATION,PRIMARY,,US91,,FCC 47 CFR 2.106 (Federal),EU/Europe follows ITU Region 1 (largely identical to Region 1/2 primary services shown). Source: FCC 47 CFR 2.106 / ITU Radio Regulations 2016
1.761000,1.780000,USA,USA,(Earth-to-space),Secondary,,G42 US91,,FCC 47 CFR 2.106 (Federal),EU/Europe follows ITU Region 1 (largely identical to Region 1/2 primary services shown). Source: FCC 47 CFR 2.106 / ITU Radio Regulations 2016
1.780000,1.850000,USA,USA,FIXED,PRIMARY,,,"Point-to-point microwave links, satellite earth stations; Mobile phones, cellular base stations (2G/3G/4G/5G)",FCC 47 CFR 2.106 (Federal),EU/Europe follows ITU Region 1 (largely identical to Region 1/2 primary services shown). Source: FCC 47 CFR 2.106 / ITU Radio Regulations 2016
1.780000,1.850000,USA,USA,MOBILE,PRIMARY,,,"Point-to-point microwave links, satellite earth stations; Mobile phones, cellular base stations (2G/3G/4G/5G)",FCC 47 CFR 2.106 (Federal),EU/Europe follows ITU Region 1 (largely identical to Region 1/2 primary services shown). Source: FCC 47 CFR 2.106 / ITU Radio Regulations 2016
1.780000,1.850000,USA,USA,SPACE OPERATION,PRIMARY,,,"Point-to-point microwave links, satellite earth stations; Mobile phones, cellular base stations (2G/3G/4G/5G)",FCC 47 CFR 2.106 (Federal),EU/Europe follows ITU Region 1 (largely identical to Region 1/2 primary services shown). Source: FCC 47 CFR 2.106 / ITU Radio Regulations 2016
1.780000,1.850000,USA,USA,(Earth-to-space),Secondary,,G42,"Point-to-point microwave links, satellite earth stations; Mobile phones, cellular base stations (2G/3G/4G/5G)",FCC 47 CFR 2.106 (Federal),EU/Europe follows ITU Region 1 (largely identical to Region 1/2 primary services shown). Source: FCC 47 CFR 2.106 / ITU Radio Regulations 2016
1.800000,1.850000,ITU,Region 1/2,AMATEUR,PRIMARY,,,"Ham radio transceivers, SDR receivers",ITU Radio Regulations,EU/Europe follows ITU Region 1 (largely identical to Region 1/2 primary services shown). Source: FCC 47 CFR 2.106 / ITU Radio Regulations 2016
1.800000,1.850000,ITU,Region 3,AMATEUR,PRIMARY,,,"Ham radio transceivers, SDR receivers",ITU Radio Regulations,EU/Europe follows ITU Region 1 (largely identical to Region 1/2 primary services shown). Source: FCC 47 CFR 2.106 / ITU Radio Regulations 2016
1.800000,1.850000,ITU,Region 3,FIXED,PRIMARY,,,"Ham radio transceivers, SDR receivers",ITU Radio Regulations,EU/Europe follows ITU Region 1 (largely identical to Region 1/2 primary services shown). Source: FCC 47 CFR 2.106 / ITU Radio Regulations 2016
1.800000,1.850000,ITU,Region 3,MOBILE except aeronautical,Secondary,,,"Ham radio transceivers, SDR receivers",ITU Radio Regulations,EU/Europe follows ITU Region 1 (largely identical to Region 1/2 primary services shown). Source: FCC 47 CFR 2.106 / ITU Radio Regulations 2016
1.800000,1.850000,ITU,Region 3,mobile,Secondary,,,"Ham radio transceivers, SDR receivers",ITU Radio Regulations,EU/Europe follows ITU Region 1 (largely identical to Region 1/2 primary services shown). Source: FCC 47 CFR 2.106 / ITU Radio Regulations 2016
1.800000,1.850000,ITU,Region 3,RADIONAVIGATION,PRIMARY,,,"Ham radio transceivers, SDR receivers",ITU Radio Regulations,EU/Europe follows ITU Region 1 (largely identical to Region 1/2 primary services shown). Source: FCC 47 CFR 2.106 / ITU Radio Regulations 2016
1.800000,1.850000,ITU,Region 3,Radiolocation,Secondary,,,"Ham radio transceivers, SDR receivers",ITU Radio Regulations,EU/Europe follows ITU Region 1 (largely identical to Region 1/2 primary services shown). Source: FCC 47 CFR 2.106 / ITU Radio Regulations 2016
1.800000,1.850000,USA,USA,AMATEUR,PRIMARY,,NG92,"Ham radio transceivers, SDR receivers",FCC 47 CFR 2.106 (Non-Fed),EU/Europe follows ITU Region 1 (largely identical to Region 1/2 primary services shown). Source: FCC 47 CFR 2.106 / ITU Radio Regulations 2016
1.850000,2.000000,ITU,Region 1/2,AMATEUR,PRIMARY,,,"GPS receivers, GNSS devices; Point-to-point microwave links, satellite earth stations; Radar systems, speed guns, weather radar; Ham radio transceivers, SDR receivers; Mobile phones, cellular base stations (2G/3G/4G/5G)",ITU Radio Regulations,EU/Europe follows ITU Region 1 (largely identical to Region 1/2 primary services shown). Source: FCC 47 CFR 2.106 / ITU Radio Regulations 2016
1.850000,2.000000,ITU,Region 1/2,FIXED,PRIMARY,,,"GPS receivers, GNSS devices; Point-to-point microwave links, satellite earth stations; Radar systems, speed guns, weather radar; Ham radio transceivers, SDR receivers; Mobile phones, cellular base stations (2G/3G/4G/5G)",ITU Radio Regulations,EU/Europe follows ITU Region 1 (largely identical to Region 1/2 primary services shown). Source: FCC 47 CFR 2.106 / ITU Radio Regulations 2016
1.850000,2.000000,ITU,Region 1/2,MOBILE except aeronautical mobile,Secondary,,,"GPS receivers, GNSS devices; Point-to-point microwave links, satellite earth stations; Radar systems, speed guns, weather radar; Ham radio transceivers, SDR receivers; Mobile phones, cellular base stations (2G/3G/4G/5G)",ITU Radio Regulations,EU/Europe follows ITU Region 1 (largely identical to Region 1/2 primary services shown). Source: FCC 47 CFR 2.106 / ITU Radio Regulations 2016
1.850000,2.000000,ITU,Region 1/2,RADIOLOCATION,PRIMARY,,,"GPS receivers, GNSS devices; Point-to-point microwave links, satellite earth stations; Radar systems, speed guns, weather radar; Ham radio transceivers, SDR receivers; Mobile phones, cellular base stations (2G/3G/4G/5G)",ITU Radio Regulations,EU/Europe follows ITU Region 1 (largely identical to Region 1/2 primary services shown). Source: FCC 47 CFR 2.106 / ITU Radio Regulations 2016
1.850000,2.000000,ITU,Region 1/2,RADIONAVIGATION,PRIMARY,,,"GPS receivers, GNSS devices; Point-to-point microwave links, satellite earth stations; Radar systems, speed guns, weather radar; Ham radio transceivers, SDR receivers; Mobile phones, cellular base stations (2G/3G/4G/5G)",ITU Radio Regulations,EU/Europe follows ITU Region 1 (largely identical to Region 1/2 primary services shown). Source: FCC 47 CFR 2.106 / ITU Radio Regulations 2016
1.850000,2.025000,USA,USA,FIXED,PRIMARY,,,"Point-to-point microwave links, satellite earth stations; Mobile phones, cellular base stations (2G/3G/4G/5G)",FCC 47 CFR 2.106 (Non-Fed),EU/Europe follows ITU Region 1 (largely identical to Region 1/2 primary services shown). Source: FCC 47 CFR 2.106 / ITU Radio Regulations 2016
1.850000,2.025000,USA,USA,MOBILE,PRIMARY,,,"Point-to-point microwave links, satellite earth stations; Mobile phones, cellular base stations (2G/3G/4G/5G)",FCC 47 CFR 2.106 (Non-Fed),EU/Europe follows ITU Region 1 (largely identical to Region 1/2 primary services shown). Source: FCC 47 CFR 2.106 / ITU Radio Regulations 2016
1.930000,1.970000,ITU,Region 1/2,FIXED,PRIMARY,,,"Point-to-point microwave links, satellite earth stations; Mobile phones, cellular base stations (2G/3G/4G/5G)",ITU Radio Regulations,EU/Europe follows ITU Region 1 (largely identical to Region 1/2 primary services shown). Source: FCC 47 CFR 2.106 / ITU Radio Regulations 2016
1.930000,1.970000,ITU,Region 1/2,MOBILE,PRIMARY,,5.388A 5.388B,"Point-to-point microwave links, satellite earth stations; Mobile phones, cellular base stations (2G/3G/4G/5G)",ITU Radio Regulations,EU/Europe follows ITU Region 1 (largely identical to Region 1/2 primary services shown). Source: FCC 47 CFR 2.106 / ITU Radio Regulations 2016
1.930000,1.970000,ITU,Region 1/2,Mobile-satellite (Earth-to-space),Secondary,,,"Point-to-point microwave links, satellite earth stations; Mobile phones, cellular base stations (2G/3G/4G/5G)",ITU Radio Regulations,EU/Europe follows ITU Region 1 (largely identical to Region 1/2 primary services shown). Source: FCC 47 CFR 2.106 / ITU Radio Regulations 2016
1.930000,1.970000,ITU,Region 3,FIXED,PRIMARY,,,"Point-to-point microwave links, satellite earth stations; Mobile phones, cellular base stations (2G/3G/4G/5G)",ITU Radio Regulations,EU/Europe follows ITU Region 1 (largely identical to Region 1/2 primary services shown). Source: FCC 47 CFR 2.106 / ITU Radio Regulations 2016
1.930000,1.970000,ITU,Region 3,MOBILE,PRIMARY,,5.388A 5.388B,"Point-to-point microwave links, satellite earth stations; Mobile phones, cellular base stations (2G/3G/4G/5G)",ITU Radio Regulations,EU/Europe follows ITU Region 1 (largely identical to Region 1/2 primary services shown). Source: FCC 47 CFR 2.106 / ITU Radio Regulations 2016
2.000000,2.065000,ITU,Region 1/2,FIXED,PRIMARY,,,"Point-to-point microwave links, satellite earth stations; Mobile phones, cellular base stations (2G/3G/4G/5G)",ITU Radio Regulations,EU/Europe follows ITU Region 1 (largely identical to Region 1/2 primary services shown). Source: FCC 47 CFR 2.106 / ITU Radio Regulations 2016
2.000000,2.065000,ITU,Region 1/2,MOBILE,PRIMARY,,,"Point-to-point microwave links, satellite earth stations; Mobile phones, cellular base stations (2G/3G/4G/5G)",ITU Radio Regulations,EU/Europe follows ITU Region 1 (largely identical to Region 1/2 primary services shown). Source: FCC 47 CFR 2.106 / ITU Radio Regulations 2016
2.000000,2.065000,USA,USA,FIXED,PRIMARY,,US340,"Point-to-point microwave links, satellite earth stations; Mobile phones, cellular base stations (2G/3G/4G/5G)",FCC 47 CFR 2.106 (Federal),EU/Europe follows ITU Region 1 (largely identical to Region 1/2 primary services shown). Source: FCC 47 CFR 2.106 / ITU Radio Regulations 2016
2.000000,2.065000,USA,USA,MOBILE,PRIMARY,,US340,"Point-to-point microwave links, satellite earth stations; Mobile phones, cellular base stations (2G/3G/4G/5G)",FCC 47 CFR 2.106 (Federal),EU/Europe follows ITU Region 1 (largely identical to Region 1/2 primary services shown). Source: FCC 47 CFR 2.106 / ITU Radio Regulations 2016
2.000000,2.065000,USA,USA,MARITIME MOBILE,PRIMARY,,US340 NG7,"Point-to-point microwave links, satellite earth stations; Mobile phones, cellular base stations (2G/3G/4G/5G)",FCC 47 CFR 2.106 (Non-Fed),EU/Europe follows ITU Region 1 (largely identical to Region 1/2 primary services shown). Source: FCC 47 CFR 2.106 / ITU Radio Regulations 2016
2.010000,2.025000,ITU,Region 1/2,FIXED,PRIMARY,,,"Point-to-point microwave links, satellite earth stations; Mobile phones, cellular base stations (2G/3G/4G/5G)",ITU Radio Regulations,EU/Europe follows ITU Region 1 (largely identical to Region 1/2 primary services shown). Source: FCC 47 CFR 2.106 / ITU Radio Regulations 2016
2.010000,2.025000,ITU,Region 1/2,MOBILE,PRIMARY,,,"Point-to-point microwave links, satellite earth stations; Mobile phones, cellular base stations (2G/3G/4G/5G)",ITU Radio Regulations,EU/Europe follows ITU Region 1 (largely identical to Region 1/2 primary services shown). Source: FCC 47 CFR 2.106 / ITU Radio Regulations 2016
2.010000,2.025000,ITU,Region 1/2,MOBILE-SATELLITE,PRIMARY,,,"Point-to-point microwave links, satellite earth stations; Mobile phones, cellular base stations (2G/3G/4G/5G)",ITU Radio Regulations,EU/Europe follows ITU Region 1 (largely identical to Region 1/2 primary services shown). Source: FCC 47 CFR 2.106 / ITU Radio Regulations 2016
2.010000,2.025000,ITU,Region 1/2,(Earth-to-space),Secondary,,,"Point-to-point microwave links, satellite earth stations; Mobile phones, cellular base stations (2G/3G/4G/5G)",ITU Radio Regulations,EU/Europe follows ITU Region 1 (largely identical to Region 1/2 primary services shown). Source: FCC 47 CFR 2.106 / ITU Radio Regulations 2016
2.010000,2.025000,ITU,Region 3,FIXED,PRIMARY,,,"Point-to-point microwave links, satellite earth stations; Mobile phones, cellular base stations (2G/3G/4G/5G)",ITU Radio Regulations,EU/Europe follows ITU Region 1 (largely identical to Region 1/2 primary services shown). Source: FCC 47 CFR 2.106 / ITU Radio Regulations 2016
2.010000,2.025000,ITU,Region 3,MOBILE,PRIMARY,,5.388A 5.388B,"Point-to-point microwave links, satellite earth stations; Mobile phones, cellular base stations (2G/3G/4G/5G)",ITU Radio Regulations,EU/Europe follows ITU Region 1 (largely identical to Region 1/2 primary services shown). Source: FCC 47 CFR 2.106 / ITU Radio Regulations 2016
2.025000,2.110000,USA,USA,SPACE OPERATION,PRIMARY,,5.392 US90 US92 US222 US346 US347,"Point-to-point microwave links, satellite earth stations; Satellite phones, VSAT terminals, satellite internet; Mobile phones, cellular base stations (2G/3G/4G/5G); Deep space probes, scientific satellites",FCC 47 CFR 2.106 (Federal),EU/Europe follows ITU Region 1 (largely identical to Region 1/2 primary services shown). Source: FCC 47 CFR 2.106 / ITU Radio Regulations 2016
2.025000,2.110000,USA,USA,(Earth-to-space) (space-to-space),Secondary,,5.392 US90 US92 US222 US346 US347,"Point-to-point microwave links, satellite earth stations; Satellite phones, VSAT terminals, satellite internet; Mobile phones, cellular base stations (2G/3G/4G/5G); Deep space probes, scientific satellites",FCC 47 CFR 2.106 (Federal),EU/Europe follows ITU Region 1 (largely identical to Region 1/2 primary services shown). Source: FCC 47 CFR 2.106 / ITU Radio Regulations 2016
2.025000,2.110000,USA,USA,EARTH EXPLORATION-SATELLITE,PRIMARY,,5.392 US90 US92 US222 US346 US347,"Point-to-point microwave links, satellite earth stations; Satellite phones, VSAT terminals, satellite internet; Mobile phones, cellular base stations (2G/3G/4G/5G); Deep space probes, scientific satellites",FCC 47 CFR 2.106 (Federal),EU/Europe follows ITU Region 1 (largely identical to Region 1/2 primary services shown). Source: FCC 47 CFR 2.106 / ITU Radio Regulations 2016
2.025000,2.110000,USA,USA,(Earth-to-space) (space-to-space),Secondary,,5.392 US90 US92 US222 US346 US347,"Point-to-point microwave links, satellite earth stations; Satellite phones, VSAT terminals, satellite internet; Mobile phones, cellular base stations (2G/3G/4G/5G); Deep space probes, scientific satellites",FCC 47 CFR 2.106 (Federal),EU/Europe follows ITU Region 1 (largely identical to Region 1/2 primary services shown). Source: FCC 47 CFR 2.106 / ITU Radio Regulations 2016
2.025000,2.110000,USA,USA,SPACE RESEARCH,PRIMARY,,5.392 US90 US92 US222 US346 US347,"Point-to-point microwave links, satellite earth stations; Satellite phones, VSAT terminals, satellite internet; Mobile phones, cellular base stations (2G/3G/4G/5G); Deep space probes, scientific satellites",FCC 47 CFR 2.106 (Federal),EU/Europe follows ITU Region 1 (largely identical to Region 1/2 primary services shown). Source: FCC 47 CFR 2.106 / ITU Radio Regulations 2016
2.025000,2.110000,USA,USA,(Earth-to-space) (space-to-space),Secondary,,5.392 US90 US92 US222 US346 US347,"Point-to-point microwave links, satellite earth stations; Satellite phones, VSAT terminals, satellite internet; Mobile phones, cellular base stations (2G/3G/4G/5G); Deep space probes, scientific satellites",FCC 47 CFR 2.106 (Federal),EU/Europe follows ITU Region 1 (largely identical to Region 1/2 primary services shown). Source: FCC 47 CFR 2.106 / ITU Radio Regulations 2016
2.025000,2.110000,USA,USA,FIXED,PRIMARY,,5.392 US90 US92 US222 US346 US347,"Point-to-point microwave links, satellite earth stations; Satellite phones, VSAT terminals, satellite internet; Mobile phones, cellular base stations (2G/3G/4G/5G); Deep space probes, scientific satellites",FCC 47 CFR 2.106 (Federal),EU/Europe follows ITU Region 1 (largely identical to Region 1/2 primary services shown). Source: FCC 47 CFR 2.106 / ITU Radio Regulations 2016
2.025000,2.110000,USA,USA,MOBILE,PRIMARY,,5.391 5.392 US90 US92 US222 US346 US347,"Point-to-point microwave links, satellite earth stations; Satellite phones, VSAT terminals, satellite internet; Mobile phones, cellular base stations (2G/3G/4G/5G); Deep space probes, scientific satellites",FCC 47 CFR 2.106 (Federal),EU/Europe follows ITU Region 1 (largely identical to Region 1/2 primary services shown). Source: FCC 47 CFR 2.106 / ITU Radio Regulations 2016
2.025000,2.110000,USA,USA,FIXED,PRIMARY,,NG118 5.392 US90 US92 US222 US346 US347,"Point-to-point microwave links, satellite earth stations; Satellite phones, VSAT terminals, satellite internet; Mobile phones, cellular base stations (2G/3G/4G/5G); Deep space probes, scientific satellites",FCC 47 CFR 2.106 (Non-Fed),EU/Europe follows ITU Region 1 (largely identical to Region 1/2 primary services shown). Source: FCC 47 CFR 2.106 / ITU Radio Regulations 2016
2.025000,2.110000,USA,USA,MOBILE,PRIMARY,,5.391 5.392 US90 US92 US222 US346 US347,"Point-to-point microwave links, satellite earth stations; Satellite phones, VSAT terminals, satellite internet; Mobile phones, cellular base stations (2G/3G/4G/5G); Deep space probes, scientific satellites",FCC 47 CFR 2.106 (Non-Fed),EU/Europe follows ITU Region 1 (largely identical to Region 1/2 primary services shown). Source: FCC 47 CFR 2.106 / ITU Radio Regulations 2016
2.065000,2.107000,ITU,Region 1/2,MARITIME MOBILE,PRIMARY,,5.105,"Mobile phones, cellular base stations (2G/3G/4G/5G)",ITU Radio Regulations,EU/Europe follows ITU Region 1 (largely identical to Region 1/2 primary services shown). Source: FCC 47 CFR 2.106 / ITU Radio Regulations 2016
2.065000,2.107000,USA,USA,MARITIME MOBILE,PRIMARY,,5.105 US296 US340,"Mobile phones, cellular base stations (2G/3G/4G/5G)",FCC 47 CFR 2.106 (Federal),EU/Europe follows ITU Region 1 (largely identical to Region 1/2 primary services shown). Source: FCC 47 CFR 2.106 / ITU Radio Regulations 2016
2.107000,2.170000,ITU,Region 1/2,FIXED,PRIMARY,,,"Point-to-point microwave links, satellite earth stations; Mobile phones, cellular base stations (2G/3G/4G/5G)",ITU Radio Regulations,EU/Europe follows ITU Region 1 (largely identical to Region 1/2 primary services shown). Source: FCC 47 CFR 2.106 / ITU Radio Regulations 2016
2.107000,2.170000,ITU,Region 1/2,MOBILE,PRIMARY,,,"Point-to-point microwave links, satellite earth stations; Mobile phones, cellular base stations (2G/3G/4G/5G)",ITU Radio Regulations,EU/Europe follows ITU Region 1 (largely identical to Region 1/2 primary services shown). Source: FCC 47 CFR 2.106 / ITU Radio Regulations 2016
2.107000,2.170000,USA,USA,FIXED,PRIMARY,,US340,"Point-to-point microwave links, satellite earth stations; Mobile phones, cellular base stations (2G/3G/4G/5G)",FCC 47 CFR 2.106 (Federal),EU/Europe follows ITU Region 1 (largely identical to Region 1/2 primary services shown). Source: FCC 47 CFR 2.106 / ITU Radio Regulations 2016
2.107000,2.170000,USA,USA,MOBILE,PRIMARY,,US340,"Point-to-point microwave links, satellite earth stations; Mobile phones, cellular base stations (2G/3G/4G/5G)",FCC 47 CFR 2.106 (Federal),EU/Europe follows ITU Region 1 (largely identical to Region 1/2 primary services shown). Source: FCC 47 CFR 2.106 / ITU Radio Regulations 2016
2.107000,2.170000,USA,USA,FIXED,PRIMARY,,US340 NG7,"Point-to-point microwave links, satellite earth stations; Mobile phones, cellular base stations (2G/3G/4G/5G)",FCC 47 CFR 2.106 (Non-Fed),EU/Europe follows ITU Region 1 (largely identical to Region 1/2 primary services shown). Source: FCC 47 CFR 2.106 / ITU Radio Regulations 2016
2.107000,2.170000,USA,USA,MOBILE except aeronautical,Secondary,,US340 NG7,"Point-to-point microwave links, satellite earth stations; Mobile phones, cellular base stations (2G/3G/4G/5G)",FCC 47 CFR 2.106 (Non-Fed),EU/Europe follows ITU Region 1 (largely identical to Region 1/2 primary services shown). Source: FCC 47 CFR 2.106 / ITU Radio Regulations 2016
2.107000,2.170000,USA,USA,mobile,Secondary,,US340 NG7,"Point-to-point microwave links, satellite earth stations; Mobile phones, cellular base stations (2G/3G/4G/5G)",FCC 47 CFR 2.106 (Non-Fed),EU/Europe follows ITU Region 1 (largely identical to Region 1/2 primary services shown). Source: FCC 47 CFR 2.106 / ITU Radio Regulations 2016
2.110000,2.120000,USA,USA,FIXED,PRIMARY,,US252,"Point-to-point microwave links, satellite earth stations; Mobile phones, cellular base stations (2G/3G/4G/5G)",FCC 47 CFR 2.106 (Non-Fed),EU/Europe follows ITU Region 1 (largely identical to Region 1/2 primary services shown). Source: FCC 47 CFR 2.106 / ITU Radio Regulations 2016
2.110000,2.120000,USA,USA,MOBILE,PRIMARY,,US252,"Point-to-point microwave links, satellite earth stations; Mobile phones, cellular base stations (2G/3G/4G/5G)",FCC 47 CFR 2.106 (Non-Fed),EU/Europe follows ITU Region 1 (largely identical to Region 1/2 primary services shown). Source: FCC 47 CFR 2.106 / ITU Radio Regulations 2016
2.120000,2.160000,ITU,Region 1/2,FIXED,PRIMARY,,,"Point-to-point microwave links, satellite earth stations; Mobile phones, cellular base stations (2G/3G/4G/5G)",ITU Radio Regulations,EU/Europe follows ITU Region 1 (largely identical to Region 1/2 primary services shown). Source: FCC 47 CFR 2.106 / ITU Radio Regulations 2016
2.120000,2.160000,ITU,Region 1/2,MOBILE,PRIMARY,,5.388A 5.388B,"Point-to-point microwave links, satellite earth stations; Mobile phones, cellular base stations (2G/3G/4G/5G)",ITU Radio Regulations,EU/Europe follows ITU Region 1 (largely identical to Region 1/2 primary services shown). Source: FCC 47 CFR 2.106 / ITU Radio Regulations 2016
2.120000,2.160000,ITU,Region 1/2,Mobile-satellite (space-to-Earth),Secondary,,,"Point-to-point microwave links, satellite earth stations; Mobile phones, cellular base stations (2G/3G/4G/5G)",ITU Radio Regulations,EU/Europe follows ITU Region 1 (largely identical to Region 1/2 primary services shown). Source: FCC 47 CFR 2.106 / ITU Radio Regulations 2016
2.120000,2.160000,ITU,Region 3,FIXED,PRIMARY,,,"Point-to-point microwave links, satellite earth stations; Mobile phones, cellular base stations (2G/3G/4G/5G)",ITU Radio Regulations,EU/Europe follows ITU Region 1 (largely identical to Region 1/2 primary services shown). Source: FCC 47 CFR 2.106 / ITU Radio Regulations 2016
2.120000,2.160000,ITU,Region 3,MOBILE,PRIMARY,,5.388A 5.388B,"Point-to-point microwave links, satellite earth stations; Mobile phones, cellular base stations (2G/3G/4G/5G)",ITU Radio Regulations,EU/Europe follows ITU Region 1 (largely identical to Region 1/2 primary services shown). Source: FCC 47 CFR 2.106 / ITU Radio Regulations 2016
2.120000,2.160000,USA,USA,FIXED,PRIMARY,,NG41,"Point-to-point microwave links, satellite earth stations; Mobile phones, cellular base stations (2G/3G/4G/5G)",FCC 47 CFR 2.106 (Non-Fed),EU/Europe follows ITU Region 1 (largely identical to Region 1/2 primary services shown). Source: FCC 47 CFR 2.106 / ITU Radio Regulations 2016
2.120000,2.160000,USA,USA,MOBILE,PRIMARY,,NG41,"Point-to-point microwave links, satellite earth stations; Mobile phones, cellular base stations (2G/3G/4G/5G)",FCC 47 CFR 2.106 (Non-Fed),EU/Europe follows ITU Region 1 (largely identical to Region 1/2 primary services shown). Source: FCC 47 CFR 2.106 / ITU Radio Regulations 2016
2.160000,2.170000,ITU,Region 1/2,FIXED,PRIMARY,,,"Point-to-point microwave links, satellite earth stations; Mobile phones, cellular base stations (2G/3G/4G/5G)",ITU Radio Regulations,EU/Europe follows ITU Region 1 (largely identical to Region 1/2 primary services shown). Source: FCC 47 CFR 2.106 / ITU Radio Regulations 2016
2.160000,2.170000,ITU,Region 1/2,MOBILE,PRIMARY,,,"Point-to-point microwave links, satellite earth stations; Mobile phones, cellular base stations (2G/3G/4G/5G)",ITU Radio Regulations,EU/Europe follows ITU Region 1 (largely identical to Region 1/2 primary services shown). Source: FCC 47 CFR 2.106 / ITU Radio Regulations 2016
2.160000,2.170000,ITU,Region 1/2,MOBILE-SATELLITE (space-to-Earth),Secondary,,,"Point-to-point microwave links, satellite earth stations; Mobile phones, cellular base stations (2G/3G/4G/5G)",ITU Radio Regulations,EU/Europe follows ITU Region 1 (largely identical to Region 1/2 primary services shown). Source: FCC 47 CFR 2.106 / ITU Radio Regulations 2016
2.170000,2.173500,USA,USA,MARITIME MOBILE (telephony),Secondary,,US340,"Mobile phones, cellular base stations (2G/3G/4G/5G)",FCC 47 CFR 2.106 (Federal),EU/Europe follows ITU Region 1 (largely identical to Region 1/2 primary services shown). Source: FCC 47 CFR 2.106 / ITU Radio Regulations 2016
2.170000,2.173500,USA,USA,MARITIME MOBILE,PRIMARY,,US340,"Mobile phones, cellular base stations (2G/3G/4G/5G)",FCC 47 CFR 2.106 (Non-Fed),EU/Europe follows ITU Region 1 (largely identical to Region 1/2 primary services shown). Source: FCC 47 CFR 2.106 / ITU Radio Regulations 2016
2.173500,2.190500,USA,USA,MOBILE (distress and calling),Secondary,,5.108 5.109 5.110 5.111 US279 US340,"Mobile phones, cellular base stations (2G/3G/4G/5G)",FCC 47 CFR 2.106 (Federal),EU/Europe follows ITU Region 1 (largely identical to Region 1/2 primary services shown). Source: FCC 47 CFR 2.106 / ITU Radio Regulations 2016
2.190500,2.194000,USA,USA,MARITIME MOBILE (telephony),Secondary,,US340,"Mobile phones, cellular base stations (2G/3G/4G/5G)",FCC 47 CFR 2.106 (Federal),EU/Europe follows ITU Region 1 (largely identical to Region 1/2 primary services shown). Source: FCC 47 CFR 2.106 / ITU Radio Regulations 2016
2.190500,2.194000,USA,USA,MARITIME MOBILE,PRIMARY,,US340,"Mobile phones, cellular base stations (2G/3G/4G/5G)",FCC 47 CFR 2.106 (Non-Fed),EU/Europe follows ITU Region 1 (largely identical to Region 1/2 primary services shown). Source: FCC 47 CFR 2.106 / ITU Radio Regulations 2016
2.194000,2.300000,ITU,Region 1/2,FIXED,PRIMARY,,,"Point-to-point microwave links, satellite earth stations; Mobile phones, cellular base stations (2G/3G/4G/5G)",ITU Radio Regulations,EU/Europe follows ITU Region 1 (largely identical to Region 1/2 primary services shown). Source: FCC 47 CFR 2.106 / ITU Radio Regulations 2016
2.194000,2.300000,ITU,Region 1/2,MOBILE,PRIMARY,,,"Point-to-point microwave links, satellite earth stations; Mobile phones, cellular base stations (2G/3G/4G/5G)",ITU Radio Regulations,EU/Europe follows ITU Region 1 (largely identical to Region 1/2 primary services shown). Source: FCC 47 CFR 2.106 / ITU Radio Regulations 2016
2.194000,2.300000,ITU,Region 3,FIXED,PRIMARY,,,"Point-to-point microwave links, satellite earth stations; Mobile phones, cellular base stations (2G/3G/4G/5G)",ITU Radio Regulations,EU/Europe follows ITU Region 1 (largely identical to Region 1/2 primary services shown). Source: FCC 47 CFR 2.106 / ITU Radio Regulations 2016
2.194000,2.300000,ITU,Region 3,MOBILE,PRIMARY,,,"Point-to-point microwave links, satellite earth stations; Mobile phones, cellular base stations (2G/3G/4G/5G)",ITU Radio Regulations,EU/Europe follows ITU Region 1 (largely identical to Region 1/2 primary services shown). Source: FCC 47 CFR 2.106 / ITU Radio Regulations 2016
2.194000,2.300000,USA,USA,FIXED,PRIMARY,,US22 US340 NG7,"Point-to-point microwave links, satellite earth stations; Mobile phones, cellular base stations (2G/3G/4G/5G)",FCC 47 CFR 2.106 (Federal),EU/Europe follows ITU Region 1 (largely identical to Region 1/2 primary services shown). Source: FCC 47 CFR 2.106 / ITU Radio Regulations 2016
2.194000,2.300000,USA,USA,MOBILE except aeronautical,Secondary,,US22 US340 NG7,"Point-to-point microwave links, satellite earth stations; Mobile phones, cellular base stations (2G/3G/4G/5G)",FCC 47 CFR 2.106 (Federal),EU/Europe follows ITU Region 1 (largely identical to Region 1/2 primary services shown). Source: FCC 47 CFR 2.106 / ITU Radio Regulations 2016
2.194000,2.300000,USA,USA,mobile,Secondary,,US22 US340 NG7,"Point-to-point microwave links, satellite earth stations; Mobile phones, cellular base stations (2G/3G/4G/5G)",FCC 47 CFR 2.106 (Federal),EU/Europe follows ITU Region 1 (largely identical to Region 1/2 primary services shown). Source: FCC 47 CFR 2.106 / ITU Radio Regulations 2016
2.200000,2.290000,USA,USA,SPACE OPERATION (space-to-Earth),Secondary,,5.392 US303,"Point-to-point microwave links, satellite earth stations; Satellite phones, VSAT terminals, satellite internet; Mobile phones, cellular base stations (2G/3G/4G/5G); Deep space probes, scientific satellites",FCC 47 CFR 2.106 (Federal),EU/Europe follows ITU Region 1 (largely identical to Region 1/2 primary services shown). Source: FCC 47 CFR 2.106 / ITU Radio Regulations 2016
2.200000,2.290000,USA,USA,(space-to-space),Secondary,,US96 5.392 US303,"Point-to-point microwave links, satellite earth stations; Satellite phones, VSAT terminals, satellite internet; Mobile phones, cellular base stations (2G/3G/4G/5G); Deep space probes, scientific satellites",FCC 47 CFR 2.106 (Federal),EU/Europe follows ITU Region 1 (largely identical to Region 1/2 primary services shown). Source: FCC 47 CFR 2.106 / ITU Radio Regulations 2016
2.200000,2.290000,USA,USA,EARTH EXPLORATION-SATELLITE,PRIMARY,,5.392 US303,"Point-to-point microwave links, satellite earth stations; Satellite phones, VSAT terminals, satellite internet; Mobile phones, cellular base stations (2G/3G/4G/5G); Deep space probes, scientific satellites",FCC 47 CFR 2.106 (Federal),EU/Europe follows ITU Region 1 (largely identical to Region 1/2 primary services shown). Source: FCC 47 CFR 2.106 / ITU Radio Regulations 2016
2.200000,2.290000,USA,USA,(space-to-Earth) (space-to-space),Secondary,,5.392 US303,"Point-to-point microwave links, satellite earth stations; Satellite phones, VSAT terminals, satellite internet; Mobile phones, cellular base stations (2G/3G/4G/5G); Deep space probes, scientific satellites",FCC 47 CFR 2.106 (Federal),EU/Europe follows ITU Region 1 (largely identical to Region 1/2 primary services shown). Source: FCC 47 CFR 2.106 / ITU Radio Regulations 2016
2.200000,2.290000,USA,USA,FIXED (line-of-sight only),Secondary,,5.392 US303,"Point-to-point microwave links, satellite earth stations; Satellite phones, VSAT terminals, satellite internet; Mobile phones, cellular base stations (2G/3G/4G/5G); Deep space probes, scientific satellites",FCC 47 CFR 2.106 (Federal),EU/Europe follows ITU Region 1 (largely identical to Region 1/2 primary services shown). Source: FCC 47 CFR 2.106 / ITU Radio Regulations 2016
2.200000,2.290000,USA,USA,MOBILE (line-of-sight only including,Secondary,,5.392 US303,"Point-to-point microwave links, satellite earth stations; Satellite phones, VSAT terminals, satellite internet; Mobile phones, cellular base stations (2G/3G/4G/5G); Deep space probes, scientific satellites",FCC 47 CFR 2.106 (Federal),EU/Europe follows ITU Region 1 (largely identical to Region 1/2 primary services shown). Source: FCC 47 CFR 2.106 / ITU Radio Regulations 2016
2.200000,2.290000,USA,USA,"aeronautical telemetry, but excluding",Secondary,,5.392 US303,"Point-to-point microwave links, satellite earth stations; Satellite phones, VSAT terminals, satellite internet; Mobile phones, cellular base stations (2G/3G/4G/5G); Deep space probes, scientific satellites",FCC 47 CFR 2.106 (Federal),EU/Europe follows ITU Region 1 (largely identical to Region 1/2 primary services shown). Source: FCC 47 CFR 2.106 / ITU Radio Regulations 2016
2.200000,2.290000,USA,USA,flight testing of manned aircraft),Secondary,,5.391 5.392 US303,"Point-to-point microwave links, satellite earth stations; Satellite phones, VSAT terminals, satellite internet; Mobile phones, cellular base stations (2G/3G/4G/5G); Deep space probes, scientific satellites",FCC 47 CFR 2.106 (Federal),EU/Europe follows ITU Region 1 (largely identical to Region 1/2 primary services shown). Source: FCC 47 CFR 2.106 / ITU Radio Regulations 2016
2.200000,2.290000,USA,USA,SPACE RESEARCH (space-to-Earth),Secondary,,5.392 US303,"Point-to-point microwave links, satellite earth stations; Satellite phones, VSAT terminals, satellite internet; Mobile phones, cellular base stations (2G/3G/4G/5G); Deep space probes, scientific satellites",FCC 47 CFR 2.106 (Federal),EU/Europe follows ITU Region 1 (largely identical to Region 1/2 primary services shown). Source: FCC 47 CFR 2.106 / ITU Radio Regulations 2016
2.200000,2.290000,USA,USA,(space-to-space),Secondary,,5.392 US303,"Point-to-point microwave links, satellite earth stations; Satellite phones, VSAT terminals, satellite internet; Mobile phones, cellular base stations (2G/3G/4G/5G); Deep space probes, scientific satellites",FCC 47 CFR 2.106 (Federal),EU/Europe follows ITU Region 1 (largely identical to Region 1/2 primary services shown). Source: FCC 47 CFR 2.106 / ITU Radio Regulations 2016
2.290000,2.300000,USA,USA,FIXED,PRIMARY,,,"Point-to-point microwave links, satellite earth stations; Mobile phones, cellular base stations (2G/3G/4G/5G); Deep space probes, scientific satellites",FCC 47 CFR 2.106 (Federal),EU/Europe follows ITU Region 1 (largely identical to Region 1/2 primary services shown). Source: FCC 47 CFR 2.106 / ITU Radio Regulations 2016
2.290000,2.300000,USA,USA,MOBILE except aeronautical mobile,Secondary,,,"Point-to-point microwave links, satellite earth stations; Mobile phones, cellular base stations (2G/3G/4G/5G); Deep space probes, scientific satellites",FCC 47 CFR 2.106 (Federal),EU/Europe follows ITU Region 1 (largely identical to Region 1/2 primary services shown). Source: FCC 47 CFR 2.106 / ITU Radio Regulations 2016
2.290000,2.300000,USA,USA,SPACE RESEARCH (deep space),Secondary,,,"Point-to-point microwave links, satellite earth stations; Mobile phones, cellular base stations (2G/3G/4G/5G); Deep space probes, scientific satellites",FCC 47 CFR 2.106 (Federal),EU/Europe follows ITU Region 1 (largely identical to Region 1/2 primary services shown). Source: FCC 47 CFR 2.106 / ITU Radio Regulations 2016
2.290000,2.300000,USA,USA,(space-to-Earth),Secondary,,,"Point-to-point microwave links, satellite earth stations; Mobile phones, cellular base stations (2G/3G/4G/5G); Deep space probes, scientific satellites",FCC 47 CFR 2.106 (Federal),EU/Europe follows ITU Region 1 (largely identical to Region 1/2 primary services shown). Source: FCC 47 CFR 2.106 / ITU Radio Regulations 2016
2.290000,2.300000,USA,USA,SPACE RESEARCH (deep space),Secondary,,,"Point-to-point microwave links, satellite earth stations; Mobile phones, cellular base stations (2G/3G/4G/5G); Deep space probes, scientific satellites",FCC 47 CFR 2.106 (Non-Fed),EU/Europe follows ITU Region 1 (largely identical to Region 1/2 primary services shown). Source: FCC 47 CFR 2.106 / ITU Radio Regulations 2016
2.290000,2.300000,USA,USA,(space-to-Earth),Secondary,,,"Point-to-point microwave links, satellite earth stations; Mobile phones, cellular base stations (2G/3G/4G/5G); Deep space probes, scientific satellites",FCC 47 CFR 2.106 (Non-Fed),EU/Europe follows ITU Region 1 (largely identical to Region 1/2 primary services shown). Source: FCC 47 CFR 2.106 / ITU Radio Regulations 2016
2.300000,2.495000,ITU,Region 1/2,FIXED,PRIMARY,,,"AM/FM radios, DAB receivers, TV sets; Point-to-point microwave links, satellite earth stations; Mobile phones, cellular base stations (2G/3G/4G/5G)",ITU Radio Regulations,EU/Europe follows ITU Region 1 (largely identical to Region 1/2 primary services shown). Source: FCC 47 CFR 2.106 / ITU Radio Regulations 2016
2.300000,2.495000,ITU,Region 1/2,MOBILE,PRIMARY,,,"AM/FM radios, DAB receivers, TV sets; Point-to-point microwave links, satellite earth stations; Mobile phones, cellular base stations (2G/3G/4G/5G)",ITU Radio Regulations,EU/Europe follows ITU Region 1 (largely identical to Region 1/2 primary services shown). Source: FCC 47 CFR 2.106 / ITU Radio Regulations 2016
2.300000,2.495000,ITU,Region 1/2,BROADCASTING,PRIMARY,,5.113,"AM/FM radios, DAB receivers, TV sets; Point-to-point microwave links, satellite earth stations; Mobile phones, cellular base stations (2G/3G/4G/5G)",ITU Radio Regulations,EU/Europe follows ITU Region 1 (largely identical to Region 1/2 primary services shown). Source: FCC 47 CFR 2.106 / ITU Radio Regulations 2016
2.300000,2.305000,USA,USA,Amateur,Secondary,,,"Ham radio transceivers, SDR receivers",FCC 47 CFR 2.106 (Non-Fed),EU/Europe follows ITU Region 1 (largely identical to Region 1/2 primary services shown). Source: FCC 47 CFR 2.106 / ITU Radio Regulations 2016
2.305000,2.310000,USA,USA,FIXED,PRIMARY,,US97,"Ham radio transceivers, SDR receivers; Point-to-point microwave links, satellite earth stations; Mobile phones, cellular base stations (2G/3G/4G/5G); Radar systems, speed guns, weather radar",FCC 47 CFR 2.106 (Non-Fed),EU/Europe follows ITU Region 1 (largely identical to Region 1/2 primary services shown). Source: FCC 47 CFR 2.106 / ITU Radio Regulations 2016
2.305000,2.310000,USA,USA,MOBILE except aeronautical mobile,Secondary,,US97,"Ham radio transceivers, SDR receivers; Point-to-point microwave links, satellite earth stations; Mobile phones, cellular base stations (2G/3G/4G/5G); Radar systems, speed guns, weather radar",FCC 47 CFR 2.106 (Non-Fed),EU/Europe follows ITU Region 1 (largely identical to Region 1/2 primary services shown). Source: FCC 47 CFR 2.106 / ITU Radio Regulations 2016
2.305000,2.310000,USA,USA,RADIOLOCATION,PRIMARY,,US97,"Ham radio transceivers, SDR receivers; Point-to-point microwave links, satellite earth stations; Mobile phones, cellular base stations (2G/3G/4G/5G); Radar systems, speed guns, weather radar",FCC 47 CFR 2.106 (Non-Fed),EU/Europe follows ITU Region 1 (largely identical to Region 1/2 primary services shown). Source: FCC 47 CFR 2.106 / ITU Radio Regulations 2016
2.305000,2.310000,USA,USA,Amateur,Secondary,,US97,"Ham radio transceivers, SDR receivers; Point-to-point microwave links, satellite earth stations; Mobile phones, cellular base stations (2G/3G/4G/5G); Radar systems, speed guns, weather radar",FCC 47 CFR 2.106 (Non-Fed),EU/Europe follows ITU Region 1 (largely identical to Region 1/2 primary services shown). Source: FCC 47 CFR 2.106 / ITU Radio Regulations 2016
2.310000,2.320000,ITU,Region 3,Fixed,Secondary,,,"AM/FM radios, DAB receivers, TV sets; Radar systems, speed guns, weather radar; Point-to-point microwave links, satellite earth stations; Mobile phones, cellular base stations (2G/3G/4G/5G)",ITU Radio Regulations,EU/Europe follows ITU Region 1 (largely identical to Region 1/2 primary services shown). Source: FCC 47 CFR 2.106 / ITU Radio Regulations 2016
2.310000,2.320000,ITU,Region 3,Mobile,Secondary,,US100,"AM/FM radios, DAB receivers, TV sets; Radar systems, speed guns, weather radar; Point-to-point microwave links, satellite earth stations; Mobile phones, cellular base stations (2G/3G/4G/5G)",ITU Radio Regulations,EU/Europe follows ITU Region 1 (largely identical to Region 1/2 primary services shown). Source: FCC 47 CFR 2.106 / ITU Radio Regulations 2016
2.310000,2.320000,ITU,Region 3,Radiolocation,Secondary,,G2,"AM/FM radios, DAB receivers, TV sets; Radar systems, speed guns, weather radar; Point-to-point microwave links, satellite earth stations; Mobile phones, cellular base stations (2G/3G/4G/5G)",ITU Radio Regulations,EU/Europe follows ITU Region 1 (largely identical to Region 1/2 primary services shown). Source: FCC 47 CFR 2.106 / ITU Radio Regulations 2016
2.310000,2.320000,USA,USA,FIXED,PRIMARY,,5.396 US97 US100 US327,"AM/FM radios, DAB receivers, TV sets; Radar systems, speed guns, weather radar; Point-to-point microwave links, satellite earth stations; Mobile phones, cellular base stations (2G/3G/4G/5G)",FCC 47 CFR 2.106 (Federal),EU/Europe follows ITU Region 1 (largely identical to Region 1/2 primary services shown). Source: FCC 47 CFR 2.106 / ITU Radio Regulations 2016
2.310000,2.320000,USA,USA,MOBILE,PRIMARY,,5.396 US97 US100 US327,"AM/FM radios, DAB receivers, TV sets; Radar systems, speed guns, weather radar; Point-to-point microwave links, satellite earth stations; Mobile phones, cellular base stations (2G/3G/4G/5G)",FCC 47 CFR 2.106 (Federal),EU/Europe follows ITU Region 1 (largely identical to Region 1/2 primary services shown). Source: FCC 47 CFR 2.106 / ITU Radio Regulations 2016
2.310000,2.320000,USA,USA,BROADCASTING-SATELLITE,PRIMARY,,5.396 US97 US100 US327,"AM/FM radios, DAB receivers, TV sets; Radar systems, speed guns, weather radar; Point-to-point microwave links, satellite earth stations; Mobile phones, cellular base stations (2G/3G/4G/5G)",FCC 47 CFR 2.106 (Federal),EU/Europe follows ITU Region 1 (largely identical to Region 1/2 primary services shown). Source: FCC 47 CFR 2.106 / ITU Radio Regulations 2016
2.310000,2.320000,USA,USA,RADIOLOCATION,PRIMARY,,5.396 US97 US100 US327,"AM/FM radios, DAB receivers, TV sets; Radar systems, speed guns, weather radar; Point-to-point microwave links, satellite earth stations; Mobile phones, cellular base stations (2G/3G/4G/5G)",FCC 47 CFR 2.106 (Federal),EU/Europe follows ITU Region 1 (largely identical to Region 1/2 primary services shown). Source: FCC 47 CFR 2.106 / ITU Radio Regulations 2016
2.320000,2.345000,ITU,Region 3,Fixed,Secondary,,,"AM/FM radios, DAB receivers, TV sets",ITU Radio Regulations,EU/Europe follows ITU Region 1 (largely identical to Region 1/2 primary services shown). Source: FCC 47 CFR 2.106 / ITU Radio Regulations 2016
2.320000,2.345000,ITU,Region 3,Radiolocation,Secondary,,G2,"AM/FM radios, DAB receivers, TV sets",ITU Radio Regulations,EU/Europe follows ITU Region 1 (largely identical to Region 1/2 primary services shown). Source: FCC 47 CFR 2.106 / ITU Radio Regulations 2016
2.320000,2.345000,USA,USA,BROADCASTING-SATELLITE,PRIMARY,,5.396 US327,"AM/FM radios, DAB receivers, TV sets",FCC 47 CFR 2.106 (Federal),EU/Europe follows ITU Region 1 (largely identical to Region 1/2 primary services shown). Source: FCC 47 CFR 2.106 / ITU Radio Regulations 2016
2.345000,2.360000,ITU,Region 3,Fixed,Secondary,,,"AM/FM radios, DAB receivers, TV sets; Radar systems, speed guns, weather radar; Point-to-point microwave links, satellite earth stations; Mobile phones, cellular base stations (2G/3G/4G/5G)",ITU Radio Regulations,EU/Europe follows ITU Region 1 (largely identical to Region 1/2 primary services shown). Source: FCC 47 CFR 2.106 / ITU Radio Regulations 2016
2.345000,2.360000,ITU,Region 3,Mobile,Secondary,,US100,"AM/FM radios, DAB receivers, TV sets; Radar systems, speed guns, weather radar; Point-to-point microwave links, satellite earth stations; Mobile phones, cellular base stations (2G/3G/4G/5G)",ITU Radio Regulations,EU/Europe follows ITU Region 1 (largely identical to Region 1/2 primary services shown). Source: FCC 47 CFR 2.106 / ITU Radio Regulations 2016
2.345000,2.360000,ITU,Region 3,Radiolocation,Secondary,,G2,"AM/FM radios, DAB receivers, TV sets; Radar systems, speed guns, weather radar; Point-to-point microwave links, satellite earth stations; Mobile phones, cellular base stations (2G/3G/4G/5G)",ITU Radio Regulations,EU/Europe follows ITU Region 1 (largely identical to Region 1/2 primary services shown). Source: FCC 47 CFR 2.106 / ITU Radio Regulations 2016
2.345000,2.360000,USA,USA,FIXED,PRIMARY,,5.396 US327,"AM/FM radios, DAB receivers, TV sets; Radar systems, speed guns, weather radar; Point-to-point microwave links, satellite earth stations; Mobile phones, cellular base stations (2G/3G/4G/5G)",FCC 47 CFR 2.106 (Federal),EU/Europe follows ITU Region 1 (largely identical to Region 1/2 primary services shown). Source: FCC 47 CFR 2.106 / ITU Radio Regulations 2016
2.345000,2.360000,USA,USA,MOBILE,PRIMARY,,US100 5.396 US327,"AM/FM radios, DAB receivers, TV sets; Radar systems, speed guns, weather radar; Point-to-point microwave links, satellite earth stations; Mobile phones, cellular base stations (2G/3G/4G/5G)",FCC 47 CFR 2.106 (Federal),EU/Europe follows ITU Region 1 (largely identical to Region 1/2 primary services shown). Source: FCC 47 CFR 2.106 / ITU Radio Regulations 2016
2.345000,2.360000,USA,USA,BROADCASTING-SATELLITE,PRIMARY,,5.396 US327,"AM/FM radios, DAB receivers, TV sets; Radar systems, speed guns, weather radar; Point-to-point microwave links, satellite earth stations; Mobile phones, cellular base stations (2G/3G/4G/5G)",FCC 47 CFR 2.106 (Federal),EU/Europe follows ITU Region 1 (largely identical to Region 1/2 primary services shown). Source: FCC 47 CFR 2.106 / ITU Radio Regulations 2016
2.345000,2.360000,USA,USA,RADIOLOCATION,PRIMARY,,5.396 US327,"AM/FM radios, DAB receivers, TV sets; Radar systems, speed guns, weather radar; Point-to-point microwave links, satellite earth stations; Mobile phones, cellular base stations (2G/3G/4G/5G)",FCC 47 CFR 2.106 (Federal),EU/Europe follows ITU Region 1 (largely identical to Region 1/2 primary services shown). Source: FCC 47 CFR 2.106 / ITU Radio Regulations 2016
2.360000,2.390000,ITU,Region 3,MOBILE,PRIMARY,,US276,"Mobile phones, cellular base stations (2G/3G/4G/5G)",ITU Radio Regulations,EU/Europe follows ITU Region 1 (largely identical to Region 1/2 primary services shown). Source: FCC 47 CFR 2.106 / ITU Radio Regulations 2016
2.360000,2.390000,ITU,Region 3,RADIOLOCATION,PRIMARY,,G2 G120,"Mobile phones, cellular base stations (2G/3G/4G/5G)",ITU Radio Regulations,EU/Europe follows ITU Region 1 (largely identical to Region 1/2 primary services shown). Source: FCC 47 CFR 2.106 / ITU Radio Regulations 2016
2.360000,2.390000,ITU,Region 3,Fixed,Secondary,,,"Mobile phones, cellular base stations (2G/3G/4G/5G)",ITU Radio Regulations,EU/Europe follows ITU Region 1 (largely identical to Region 1/2 primary services shown). Source: FCC 47 CFR 2.106 / ITU Radio Regulations 2016
2.360000,2.390000,USA,USA,MOBILE,PRIMARY,,US276 US101,"Mobile phones, cellular base stations (2G/3G/4G/5G)",FCC 47 CFR 2.106 (Federal),EU/Europe follows ITU Region 1 (largely identical to Region 1/2 primary services shown). Source: FCC 47 CFR 2.106 / ITU Radio Regulations 2016
2.390000,2.395000,ITU,Region 3,MOBILE,PRIMARY,,US276,"Ham radio transceivers, SDR receivers; Mobile phones, cellular base stations (2G/3G/4G/5G)",ITU Radio Regulations,EU/Europe follows ITU Region 1 (largely identical to Region 1/2 primary services shown). Source: FCC 47 CFR 2.106 / ITU Radio Regulations 2016
2.390000,2.395000,USA,USA,AMATEUR,PRIMARY,,US101,"Ham radio transceivers, SDR receivers; Mobile phones, cellular base stations (2G/3G/4G/5G)",FCC 47 CFR 2.106 (Federal),EU/Europe follows ITU Region 1 (largely identical to Region 1/2 primary services shown). Source: FCC 47 CFR 2.106 / ITU Radio Regulations 2016
2.390000,2.395000,USA,USA,MOBILE,PRIMARY,,US276 US101,"Ham radio transceivers, SDR receivers; Mobile phones, cellular base stations (2G/3G/4G/5G)",FCC 47 CFR 2.106 (Federal),EU/Europe follows ITU Region 1 (largely identical to Region 1/2 primary services shown). Source: FCC 47 CFR 2.106 / ITU Radio Regulations 2016
2.395000,2.400000,USA,USA,AMATEUR,PRIMARY,,US101,"Ham radio transceivers, SDR receivers",FCC 47 CFR 2.106 (Federal),EU/Europe follows ITU Region 1 (largely identical to Region 1/2 primary services shown). Source: FCC 47 CFR 2.106 / ITU Radio Regulations 2016
2.400000,2.417000,USA,USA,AMATEUR,PRIMARY,,5.150 5.282,"Ham radio transceivers, SDR receivers",FCC 47 CFR 2.106 (Federal),EU/Europe follows ITU Region 1 (largely identical to Region 1/2 primary services shown). Source: FCC 47 CFR 2.106 / ITU Radio Regulations 2016
2.417000,2.450000,ITU,Region 3,Radiolocation,Secondary,,G2,"Ham radio transceivers, SDR receivers",ITU Radio Regulations,EU/Europe follows ITU Region 1 (largely identical to Region 1/2 primary services shown). Source: FCC 47 CFR 2.106 / ITU Radio Regulations 2016
2.417000,2.450000,USA,USA,Amateur,Secondary,,5.150 5.282,"Ham radio transceivers, SDR receivers",FCC 47 CFR 2.106 (Federal),EU/Europe follows ITU Region 1 (largely identical to Region 1/2 primary services shown). Source: FCC 47 CFR 2.106 / ITU Radio Regulations 2016
2.450000,2.483500,ITU,Region 1/2,FIXED,PRIMARY,,,"Radar systems, speed guns, weather radar; Point-to-point microwave links, satellite earth stations; Mobile phones, cellular base stations (2G/3G/4G/5G)",ITU Radio Regulations,EU/Europe follows ITU Region 1 (largely identical to Region 1/2 primary services shown). Source: FCC 47 CFR 2.106 / ITU Radio Regulations 2016
2.450000,2.483500,ITU,Region 1/2,MOBILE,PRIMARY,,,"Radar systems, speed guns, weather radar; Point-to-point microwave links, satellite earth stations; Mobile phones, cellular base stations (2G/3G/4G/5G)",ITU Radio Regulations,EU/Europe follows ITU Region 1 (largely identical to Region 1/2 primary services shown). Source: FCC 47 CFR 2.106 / ITU Radio Regulations 2016
2.450000,2.483500,ITU,Region 1/2,RADIOLOCATION,PRIMARY,,,"Radar systems, speed guns, weather radar; Point-to-point microwave links, satellite earth stations; Mobile phones, cellular base stations (2G/3G/4G/5G)",ITU Radio Regulations,EU/Europe follows ITU Region 1 (largely identical to Region 1/2 primary services shown). Source: FCC 47 CFR 2.106 / ITU Radio Regulations 2016
2.450000,2.483500,USA,USA,FIXED,PRIMARY,,5.150 US41,"Radar systems, speed guns, weather radar; Point-to-point microwave links, satellite earth stations; Mobile phones, cellular base stations (2G/3G/4G/5G)",FCC 47 CFR 2.106 (Federal),EU/Europe follows ITU Region 1 (largely identical to Region 1/2 primary services shown). Source: FCC 47 CFR 2.106 / ITU Radio Regulations 2016
2.450000,2.483500,USA,USA,MOBILE,PRIMARY,,5.150 US41,"Radar systems, speed guns, weather radar; Point-to-point microwave links, satellite earth stations; Mobile phones, cellular base stations (2G/3G/4G/5G)",FCC 47 CFR 2.106 (Federal),EU/Europe follows ITU Region 1 (largely identical to Region 1/2 primary services shown). Source: FCC 47 CFR 2.106 / ITU Radio Regulations 2016
2.450000,2.483500,USA,USA,Radiolocation,Secondary,,5.150 US41,"Radar systems, speed guns, weather radar; Point-to-point microwave links, satellite earth stations; Mobile phones, cellular base stations (2G/3G/4G/5G)",FCC 47 CFR 2.106 (Federal),EU/Europe follows ITU Region 1 (largely identical to Region 1/2 primary services shown). Source: FCC 47 CFR 2.106 / ITU Radio Regulations 2016
2.483500,2.500000,ITU,Region 1/2,FIXED,PRIMARY,,,"Point-to-point microwave links, satellite earth stations; Satellite phones, VSAT terminals, satellite internet; Mobile phones, cellular base stations (2G/3G/4G/5G); Radar systems, speed guns, weather radar",ITU Radio Regulations,EU/Europe follows ITU Region 1 (largely identical to Region 1/2 primary services shown). Source: FCC 47 CFR 2.106 / ITU Radio Regulations 2016
2.483500,2.500000,ITU,Region 1/2,MOBILE,PRIMARY,,,"Point-to-point microwave links, satellite earth stations; Satellite phones, VSAT terminals, satellite internet; Mobile phones, cellular base stations (2G/3G/4G/5G); Radar systems, speed guns, weather radar",ITU Radio Regulations,EU/Europe follows ITU Region 1 (largely identical to Region 1/2 primary services shown). Source: FCC 47 CFR 2.106 / ITU Radio Regulations 2016
2.483500,2.500000,ITU,Region 1/2,MOBILE-SATELLITE (space-to-Earth),Secondary,,,"Point-to-point microwave links, satellite earth stations; Satellite phones, VSAT terminals, satellite internet; Mobile phones, cellular base stations (2G/3G/4G/5G); Radar systems, speed guns, weather radar",ITU Radio Regulations,EU/Europe follows ITU Region 1 (largely identical to Region 1/2 primary services shown). Source: FCC 47 CFR 2.106 / ITU Radio Regulations 2016
2.483500,2.500000,ITU,Region 1/2,RADIOLOCATION,PRIMARY,,,"Point-to-point microwave links, satellite earth stations; Satellite phones, VSAT terminals, satellite internet; Mobile phones, cellular base stations (2G/3G/4G/5G); Radar systems, speed guns, weather radar",ITU Radio Regulations,EU/Europe follows ITU Region 1 (largely identical to Region 1/2 primary services shown). Source: FCC 47 CFR 2.106 / ITU Radio Regulations 2016
2.483500,2.500000,ITU,Region 1/2,RADIODETERMINATION-SATELLITE,PRIMARY,,,"Point-to-point microwave links, satellite earth stations; Satellite phones, VSAT terminals, satellite internet; Mobile phones, cellular base stations (2G/3G/4G/5G); Radar systems, speed guns, weather radar",ITU Radio Regulations,EU/Europe follows ITU Region 1 (largely identical to Region 1/2 primary services shown). Source: FCC 47 CFR 2.106 / ITU Radio Regulations 2016
2.483500,2.500000,ITU,Region 1/2,(space-to-Earth),Secondary,,5.398,"Point-to-point microwave links, satellite earth stations; Satellite phones, VSAT terminals, satellite internet; Mobile phones, cellular base stations (2G/3G/4G/5G); Radar systems, speed guns, weather radar",ITU Radio Regulations,EU/Europe follows ITU Region 1 (largely identical to Region 1/2 primary services shown). Source: FCC 47 CFR 2.106 / ITU Radio Regulations 2016
2.483500,2.500000,ITU,Region 3,FIXED,PRIMARY,,,"Point-to-point microwave links, satellite earth stations; Satellite phones, VSAT terminals, satellite internet; Mobile phones, cellular base stations (2G/3G/4G/5G); Radar systems, speed guns, weather radar",ITU Radio Regulations,EU/Europe follows ITU Region 1 (largely identical to Region 1/2 primary services shown). Source: FCC 47 CFR 2.106 / ITU Radio Regulations 2016
2.483500,2.500000,ITU,Region 3,MOBILE,PRIMARY,,,"Point-to-point microwave links, satellite earth stations; Satellite phones, VSAT terminals, satellite internet; Mobile phones, cellular base stations (2G/3G/4G/5G); Radar systems, speed guns, weather radar",ITU Radio Regulations,EU/Europe follows ITU Region 1 (largely identical to Region 1/2 primary services shown). Source: FCC 47 CFR 2.106 / ITU Radio Regulations 2016
2.483500,2.500000,ITU,Region 3,MOBILE-SATELLITE (space-to-Earth),Secondary,,,"Point-to-point microwave links, satellite earth stations; Satellite phones, VSAT terminals, satellite internet; Mobile phones, cellular base stations (2G/3G/4G/5G); Radar systems, speed guns, weather radar",ITU Radio Regulations,EU/Europe follows ITU Region 1 (largely identical to Region 1/2 primary services shown). Source: FCC 47 CFR 2.106 / ITU Radio Regulations 2016
2.483500,2.500000,ITU,Region 3,RADIOLOCATION,PRIMARY,,,"Point-to-point microwave links, satellite earth stations; Satellite phones, VSAT terminals, satellite internet; Mobile phones, cellular base stations (2G/3G/4G/5G); Radar systems, speed guns, weather radar",ITU Radio Regulations,EU/Europe follows ITU Region 1 (largely identical to Region 1/2 primary services shown). Source: FCC 47 CFR 2.106 / ITU Radio Regulations 2016
2.483500,2.500000,ITU,Region 3,RADIODETERMINATION-SATELLITE,PRIMARY,,,"Point-to-point microwave links, satellite earth stations; Satellite phones, VSAT terminals, satellite internet; Mobile phones, cellular base stations (2G/3G/4G/5G); Radar systems, speed guns, weather radar",ITU Radio Regulations,EU/Europe follows ITU Region 1 (largely identical to Region 1/2 primary services shown). Source: FCC 47 CFR 2.106 / ITU Radio Regulations 2016
2.483500,2.500000,ITU,Region 3,(space-to-Earth),Secondary,,5.398,"Point-to-point microwave links, satellite earth stations; Satellite phones, VSAT terminals, satellite internet; Mobile phones, cellular base stations (2G/3G/4G/5G); Radar systems, speed guns, weather radar",ITU Radio Regulations,EU/Europe follows ITU Region 1 (largely identical to Region 1/2 primary services shown). Source: FCC 47 CFR 2.106 / ITU Radio Regulations 2016
2.483500,2.500000,USA,USA,MOBILE-SATELLITE (space-to-,Secondary,,5.398 5.150 5.402 US41,"Point-to-point microwave links, satellite earth stations; Satellite phones, VSAT terminals, satellite internet; Mobile phones, cellular base stations (2G/3G/4G/5G); Radar systems, speed guns, weather radar",FCC 47 CFR 2.106 (Federal),EU/Europe follows ITU Region 1 (largely identical to Region 1/2 primary services shown). Source: FCC 47 CFR 2.106 / ITU Radio Regulations 2016
2.483500,2.500000,USA,USA,Earth),Secondary,,US319 US380 US391 5.398 5.150 5.402 US41,"Point-to-point microwave links, satellite earth stations; Satellite phones, VSAT terminals, satellite internet; Mobile phones, cellular base stations (2G/3G/4G/5G); Radar systems, speed guns, weather radar",FCC 47 CFR 2.106 (Federal),EU/Europe follows ITU Region 1 (largely identical to Region 1/2 primary services shown). Source: FCC 47 CFR 2.106 / ITU Radio Regulations 2016
2.483500,2.500000,USA,USA,RADIODETERMINATION-,PRIMARY,,5.398 5.150 5.402 US41,"Point-to-point microwave links, satellite earth stations; Satellite phones, VSAT terminals, satellite internet; Mobile phones, cellular base stations (2G/3G/4G/5G); Radar systems, speed guns, weather radar",FCC 47 CFR 2.106 (Federal),EU/Europe follows ITU Region 1 (largely identical to Region 1/2 primary services shown). Source: FCC 47 CFR 2.106 / ITU Radio Regulations 2016
2.483500,2.500000,USA,USA,SATELLITE (space-to-Earth),Secondary,,5.398 5.150 5.402 US41,"Point-to-point microwave links, satellite earth stations; Satellite phones, VSAT terminals, satellite internet; Mobile phones, cellular base stations (2G/3G/4G/5G); Radar systems, speed guns, weather radar",FCC 47 CFR 2.106 (Federal),EU/Europe follows ITU Region 1 (largely identical to Region 1/2 primary services shown). Source: FCC 47 CFR 2.106 / ITU Radio Regulations 2016
2.483500,2.500000,USA,USA,MOBILE-SATELLITE (space-to-,Secondary,,5.150 5.402 US41 US319 NG147,"Point-to-point microwave links, satellite earth stations; Satellite phones, VSAT terminals, satellite internet; Mobile phones, cellular base stations (2G/3G/4G/5G); Radar systems, speed guns, weather radar",FCC 47 CFR 2.106 (Non-Fed),EU/Europe follows ITU Region 1 (largely identical to Region 1/2 primary services shown). Source: FCC 47 CFR 2.106 / ITU Radio Regulations 2016
2.483500,2.500000,USA,USA,Earth),Secondary,,US380 5.150 5.402 US41 US319 NG147,"Point-to-point microwave links, satellite earth stations; Satellite phones, VSAT terminals, satellite internet; Mobile phones, cellular base stations (2G/3G/4G/5G); Radar systems, speed guns, weather radar",FCC 47 CFR 2.106 (Non-Fed),EU/Europe follows ITU Region 1 (largely identical to Region 1/2 primary services shown). Source: FCC 47 CFR 2.106 / ITU Radio Regulations 2016
2.483500,2.500000,USA,USA,RADIODETERMINATION-SATEL-,PRIMARY,,5.150 5.402 US41 US319 NG147,"Point-to-point microwave links, satellite earth stations; Satellite phones, VSAT terminals, satellite internet; Mobile phones, cellular base stations (2G/3G/4G/5G); Radar systems, speed guns, weather radar",FCC 47 CFR 2.106 (Non-Fed),EU/Europe follows ITU Region 1 (largely identical to Region 1/2 primary services shown). Source: FCC 47 CFR 2.106 / ITU Radio Regulations 2016
2.483500,2.500000,USA,USA,LITE (space-to-Earth),Secondary,,5.398 5.150 5.402 US41 US319 NG147,"Point-to-point microwave links, satellite earth stations; Satellite phones, VSAT terminals, satellite internet; Mobile phones, cellular base stations (2G/3G/4G/5G); Radar systems, speed guns, weather radar",FCC 47 CFR 2.106 (Non-Fed),EU/Europe follows ITU Region 1 (largely identical to Region 1/2 primary services shown). Source: FCC 47 CFR 2.106 / ITU Radio Regulations 2016
2.495000,2.501000,ITU,Region 1/2,STANDARD FREQUENCY AND TIME SIGNAL (2500 kHz),Secondary,,,"Atomic clocks, time receivers (DCF77, WWVB)",ITU Radio Regulations,EU/Europe follows ITU Region 1 (largely identical to Region 1/2 primary services shown). Source: FCC 47 CFR 2.106 / ITU Radio Regulations 2016
2.495000,2.501000,ITU,Region 3,STANDARD FREQUENCY AND TIME SIGNAL (2500 kHz),Secondary,,,"Atomic clocks, time receivers (DCF77, WWVB)",ITU Radio Regulations,EU/Europe follows ITU Region 1 (largely identical to Region 1/2 primary services shown). Source: FCC 47 CFR 2.106 / ITU Radio Regulations 2016
2.500000,2.520000,ITU,Region 1/2,FIXED,PRIMARY,,5.410,"Point-to-point microwave links, satellite earth stations; Mobile phones, cellular base stations (2G/3G/4G/5G)",ITU Radio Regulations,EU/Europe follows ITU Region 1 (largely identical to Region 1/2 primary services shown). Source: FCC 47 CFR 2.106 / ITU Radio Regulations 2016
2.500000,2.520000,ITU,Region 1/2,FIXED-SATELLITE (space-to-Earth),Secondary,,,"Point-to-point microwave links, satellite earth stations; Mobile phones, cellular base stations (2G/3G/4G/5G)",ITU Radio Regulations,EU/Europe follows ITU Region 1 (largely identical to Region 1/2 primary services shown). Source: FCC 47 CFR 2.106 / ITU Radio Regulations 2016
2.500000,2.520000,ITU,Region 1/2,MOBILE except aeronautical,Secondary,,,"Point-to-point microwave links, satellite earth stations; Mobile phones, cellular base stations (2G/3G/4G/5G)",ITU Radio Regulations,EU/Europe follows ITU Region 1 (largely identical to Region 1/2 primary services shown). Source: FCC 47 CFR 2.106 / ITU Radio Regulations 2016
2.500000,2.520000,ITU,Region 1/2,mobile,Secondary,,5.384A,"Point-to-point microwave links, satellite earth stations; Mobile phones, cellular base stations (2G/3G/4G/5G)",ITU Radio Regulations,EU/Europe follows ITU Region 1 (largely identical to Region 1/2 primary services shown). Source: FCC 47 CFR 2.106 / ITU Radio Regulations 2016
2.500000,2.520000,ITU,Region 3,FIXED,PRIMARY,,5.410,"Point-to-point microwave links, satellite earth stations; Mobile phones, cellular base stations (2G/3G/4G/5G)",ITU Radio Regulations,EU/Europe follows ITU Region 1 (largely identical to Region 1/2 primary services shown). Source: FCC 47 CFR 2.106 / ITU Radio Regulations 2016
2.500000,2.520000,ITU,Region 3,FIXED-SATELLITE (space-to-Earth),Secondary,,5.415,"Point-to-point microwave links, satellite earth stations; Mobile phones, cellular base stations (2G/3G/4G/5G)",ITU Radio Regulations,EU/Europe follows ITU Region 1 (largely identical to Region 1/2 primary services shown). Source: FCC 47 CFR 2.106 / ITU Radio Regulations 2016
2.500000,2.520000,ITU,Region 3,MOBILE except aeronautical mobile,Secondary,,5.384A,"Point-to-point microwave links, satellite earth stations; Mobile phones, cellular base stations (2G/3G/4G/5G)",ITU Radio Regulations,EU/Europe follows ITU Region 1 (largely identical to Region 1/2 primary services shown). Source: FCC 47 CFR 2.106 / ITU Radio Regulations 2016
2.500000,2.520000,ITU,Region 3,MOBILE-SATELLITE (space-to-Earth),Secondary,,,"Point-to-point microwave links, satellite earth stations; Mobile phones, cellular base stations (2G/3G/4G/5G)",ITU Radio Regulations,EU/Europe follows ITU Region 1 (largely identical to Region 1/2 primary services shown). Source: FCC 47 CFR 2.106 / ITU Radio Regulations 2016
2.500000,2.520000,USA,USA,FIXED,PRIMARY,,US205 5.339,"Point-to-point microwave links, satellite earth stations; Mobile phones, cellular base stations (2G/3G/4G/5G)",FCC 47 CFR 2.106 (Non-Fed),EU/Europe follows ITU Region 1 (largely identical to Region 1/2 primary services shown). Source: FCC 47 CFR 2.106 / ITU Radio Regulations 2016
2.500000,2.520000,USA,USA,MOBILE except aeronautical mobile,Secondary,,5.339,"Point-to-point microwave links, satellite earth stations; Mobile phones, cellular base stations (2G/3G/4G/5G)",FCC 47 CFR 2.106 (Non-Fed),EU/Europe follows ITU Region 1 (largely identical to Region 1/2 primary services shown). Source: FCC 47 CFR 2.106 / ITU Radio Regulations 2016
2.502000,2.505000,ITU,Region 1/2,STANDARD FREQUENCY AND TIME SIGNAL,PRIMARY,,,"Atomic clocks, time receivers (DCF77, WWVB)",ITU Radio Regulations,EU/Europe follows ITU Region 1 (largely identical to Region 1/2 primary services shown). Source: FCC 47 CFR 2.106 / ITU Radio Regulations 2016
2.505000,2.850000,ITU,Region 1/2,FIXED,PRIMARY,,,"Point-to-point microwave links, satellite earth stations; Mobile phones, cellular base stations (2G/3G/4G/5G)",ITU Radio Regulations,EU/Europe follows ITU Region 1 (largely identical to Region 1/2 primary services shown). Source: FCC 47 CFR 2.106 / ITU Radio Regulations 2016
2.505000,2.850000,ITU,Region 1/2,MOBILE,PRIMARY,,,"Point-to-point microwave links, satellite earth stations; Mobile phones, cellular base stations (2G/3G/4G/5G)",ITU Radio Regulations,EU/Europe follows ITU Region 1 (largely identical to Region 1/2 primary services shown). Source: FCC 47 CFR 2.106 / ITU Radio Regulations 2016
2.505000,2.850000,ITU,Region 3,FIXED,PRIMARY,,,"Point-to-point microwave links, satellite earth stations; Mobile phones, cellular base stations (2G/3G/4G/5G)",ITU Radio Regulations,EU/Europe follows ITU Region 1 (largely identical to Region 1/2 primary services shown). Source: FCC 47 CFR 2.106 / ITU Radio Regulations 2016
2.505000,2.850000,ITU,Region 3,MOBILE,PRIMARY,,US285,"Point-to-point microwave links, satellite earth stations; Mobile phones, cellular base stations (2G/3G/4G/5G)",ITU Radio Regulations,EU/Europe follows ITU Region 1 (largely identical to Region 1/2 primary services shown). Source: FCC 47 CFR 2.106 / ITU Radio Regulations 2016
2.505000,2.850000,USA,USA,FIXED,PRIMARY,,US22 US340,"Point-to-point microwave links, satellite earth stations; Mobile phones, cellular base stations (2G/3G/4G/5G)",FCC 47 CFR 2.106 (Federal),EU/Europe follows ITU Region 1 (largely identical to Region 1/2 primary services shown). Source: FCC 47 CFR 2.106 / ITU Radio Regulations 2016
2.505000,2.850000,USA,USA,MOBILE except aeronautical,Secondary,,US22 US340,"Point-to-point microwave links, satellite earth stations; Mobile phones, cellular base stations (2G/3G/4G/5G)",FCC 47 CFR 2.106 (Federal),EU/Europe follows ITU Region 1 (largely identical to Region 1/2 primary services shown). Source: FCC 47 CFR 2.106 / ITU Radio Regulations 2016
2.505000,2.850000,USA,USA,mobile,Secondary,,US285 US22 US340,"Point-to-point microwave links, satellite earth stations; Mobile phones, cellular base stations (2G/3G/4G/5G)",FCC 47 CFR 2.106 (Federal),EU/Europe follows ITU Region 1 (largely identical to Region 1/2 primary services shown). Source: FCC 47 CFR 2.106 / ITU Radio Regulations 2016
2.520000,2.655000,ITU,Region 1/2,FIXED,PRIMARY,,5.410,"AM/FM radios, DAB receivers, TV sets; Point-to-point microwave links, satellite earth stations; Mobile phones, cellular base stations (2G/3G/4G/5G)",ITU Radio Regulations,EU/Europe follows ITU Region 1 (largely identical to Region 1/2 primary services shown). Source: FCC 47 CFR 2.106 / ITU Radio Regulations 2016
2.520000,2.655000,ITU,Region 1/2,FIXED-SATELLITE (space-to-Earth),Secondary,,,"AM/FM radios, DAB receivers, TV sets; Point-to-point microwave links, satellite earth stations; Mobile phones, cellular base stations (2G/3G/4G/5G)",ITU Radio Regulations,EU/Europe follows ITU Region 1 (largely identical to Region 1/2 primary services shown). Source: FCC 47 CFR 2.106 / ITU Radio Regulations 2016
2.520000,2.655000,ITU,Region 1/2,MOBILE except aeronautical,Secondary,,,"AM/FM radios, DAB receivers, TV sets; Point-to-point microwave links, satellite earth stations; Mobile phones, cellular base stations (2G/3G/4G/5G)",ITU Radio Regulations,EU/Europe follows ITU Region 1 (largely identical to Region 1/2 primary services shown). Source: FCC 47 CFR 2.106 / ITU Radio Regulations 2016
2.520000,2.655000,ITU,Region 1/2,mobile,Secondary,,5.384A,"AM/FM radios, DAB receivers, TV sets; Point-to-point microwave links, satellite earth stations; Mobile phones, cellular base stations (2G/3G/4G/5G)",ITU Radio Regulations,EU/Europe follows ITU Region 1 (largely identical to Region 1/2 primary services shown). Source: FCC 47 CFR 2.106 / ITU Radio Regulations 2016
2.520000,2.655000,ITU,Region 1/2,BROADCASTING-SATELLITE,PRIMARY,,,"AM/FM radios, DAB receivers, TV sets; Point-to-point microwave links, satellite earth stations; Mobile phones, cellular base stations (2G/3G/4G/5G)",ITU Radio Regulations,EU/Europe follows ITU Region 1 (largely identical to Region 1/2 primary services shown). Source: FCC 47 CFR 2.106 / ITU Radio Regulations 2016
2.520000,2.655000,ITU,Region 3,FIXED,PRIMARY,,5.410,"AM/FM radios, DAB receivers, TV sets; Point-to-point microwave links, satellite earth stations; Mobile phones, cellular base stations (2G/3G/4G/5G)",ITU Radio Regulations,EU/Europe follows ITU Region 1 (largely identical to Region 1/2 primary services shown). Source: FCC 47 CFR 2.106 / ITU Radio Regulations 2016
2.520000,2.655000,ITU,Region 3,FIXED-SATELLITE (space-to-Earth),Secondary,,5.415,"AM/FM radios, DAB receivers, TV sets; Point-to-point microwave links, satellite earth stations; Mobile phones, cellular base stations (2G/3G/4G/5G)",ITU Radio Regulations,EU/Europe follows ITU Region 1 (largely identical to Region 1/2 primary services shown). Source: FCC 47 CFR 2.106 / ITU Radio Regulations 2016
2.520000,2.655000,ITU,Region 3,MOBILE except aeronautical mobile,Secondary,,5.384A,"AM/FM radios, DAB receivers, TV sets; Point-to-point microwave links, satellite earth stations; Mobile phones, cellular base stations (2G/3G/4G/5G)",ITU Radio Regulations,EU/Europe follows ITU Region 1 (largely identical to Region 1/2 primary services shown). Source: FCC 47 CFR 2.106 / ITU Radio Regulations 2016
2.520000,2.655000,ITU,Region 3,BROADCASTING-SATELLITE,PRIMARY,,5.413 5.416,"AM/FM radios, DAB receivers, TV sets; Point-to-point microwave links, satellite earth stations; Mobile phones, cellular base stations (2G/3G/4G/5G)",ITU Radio Regulations,EU/Europe follows ITU Region 1 (largely identical to Region 1/2 primary services shown). Source: FCC 47 CFR 2.106 / ITU Radio Regulations 2016
2.655000,2.670000,ITU,Region 1/2,FIXED,PRIMARY,,5.410,"Point-to-point microwave links, satellite earth stations; Satellite phones, VSAT terminals, satellite internet; AM/FM radios, DAB receivers, TV sets; Radio telescopes, scientific receivers; Mobile phones, cellular base stations (2G/3G/4G/5G); Deep space probes, scientific satellites",ITU Radio Regulations,EU/Europe follows ITU Region 1 (largely identical to Region 1/2 primary services shown). Source: FCC 47 CFR 2.106 / ITU Radio Regulations 2016
2.655000,2.670000,ITU,Region 1/2,FIXED-SATELLITE (Earth-to-space),Secondary,,,"Point-to-point microwave links, satellite earth stations; Satellite phones, VSAT terminals, satellite internet; AM/FM radios, DAB receivers, TV sets; Radio telescopes, scientific receivers; Mobile phones, cellular base stations (2G/3G/4G/5G); Deep space probes, scientific satellites",ITU Radio Regulations,EU/Europe follows ITU Region 1 (largely identical to Region 1/2 primary services shown). Source: FCC 47 CFR 2.106 / ITU Radio Regulations 2016
2.655000,2.670000,ITU,Region 1/2,(space-to-Earth),Secondary,,5.415,"Point-to-point microwave links, satellite earth stations; Satellite phones, VSAT terminals, satellite internet; AM/FM radios, DAB receivers, TV sets; Radio telescopes, scientific receivers; Mobile phones, cellular base stations (2G/3G/4G/5G); Deep space probes, scientific satellites",ITU Radio Regulations,EU/Europe follows ITU Region 1 (largely identical to Region 1/2 primary services shown). Source: FCC 47 CFR 2.106 / ITU Radio Regulations 2016
2.655000,2.670000,ITU,Region 1/2,MOBILE except aeronautical mobile,Secondary,,,"Point-to-point microwave links, satellite earth stations; Satellite phones, VSAT terminals, satellite internet; AM/FM radios, DAB receivers, TV sets; Radio telescopes, scientific receivers; Mobile phones, cellular base stations (2G/3G/4G/5G); Deep space probes, scientific satellites",ITU Radio Regulations,EU/Europe follows ITU Region 1 (largely identical to Region 1/2 primary services shown). Source: FCC 47 CFR 2.106 / ITU Radio Regulations 2016
2.655000,2.670000,ITU,Region 1/2,BROADCASTING-SATELLITE,PRIMARY,,,"Point-to-point microwave links, satellite earth stations; Satellite phones, VSAT terminals, satellite internet; AM/FM radios, DAB receivers, TV sets; Radio telescopes, scientific receivers; Mobile phones, cellular base stations (2G/3G/4G/5G); Deep space probes, scientific satellites",ITU Radio Regulations,EU/Europe follows ITU Region 1 (largely identical to Region 1/2 primary services shown). Source: FCC 47 CFR 2.106 / ITU Radio Regulations 2016
2.655000,2.670000,ITU,Region 1/2,Earth exploration-satellite (passive),Secondary,,,"Point-to-point microwave links, satellite earth stations; Satellite phones, VSAT terminals, satellite internet; AM/FM radios, DAB receivers, TV sets; Radio telescopes, scientific receivers; Mobile phones, cellular base stations (2G/3G/4G/5G); Deep space probes, scientific satellites",ITU Radio Regulations,EU/Europe follows ITU Region 1 (largely identical to Region 1/2 primary services shown). Source: FCC 47 CFR 2.106 / ITU Radio Regulations 2016
2.655000,2.670000,ITU,Region 1/2,Radio astronomy,Secondary,,,"Point-to-point microwave links, satellite earth stations; Satellite phones, VSAT terminals, satellite internet; AM/FM radios, DAB receivers, TV sets; Radio telescopes, scientific receivers; Mobile phones, cellular base stations (2G/3G/4G/5G); Deep space probes, scientific satellites",ITU Radio Regulations,EU/Europe follows ITU Region 1 (largely identical to Region 1/2 primary services shown). Source: FCC 47 CFR 2.106 / ITU Radio Regulations 2016
2.655000,2.670000,ITU,Region 1/2,Space research (passive),Secondary,,,"Point-to-point microwave links, satellite earth stations; Satellite phones, VSAT terminals, satellite internet; AM/FM radios, DAB receivers, TV sets; Radio telescopes, scientific receivers; Mobile phones, cellular base stations (2G/3G/4G/5G); Deep space probes, scientific satellites",ITU Radio Regulations,EU/Europe follows ITU Region 1 (largely identical to Region 1/2 primary services shown). Source: FCC 47 CFR 2.106 / ITU Radio Regulations 2016
2.655000,2.670000,ITU,Region 3,FIXED,PRIMARY,,5.410,"Point-to-point microwave links, satellite earth stations; Satellite phones, VSAT terminals, satellite internet; AM/FM radios, DAB receivers, TV sets; Radio telescopes, scientific receivers; Mobile phones, cellular base stations (2G/3G/4G/5G); Deep space probes, scientific satellites",ITU Radio Regulations,EU/Europe follows ITU Region 1 (largely identical to Region 1/2 primary services shown). Source: FCC 47 CFR 2.106 / ITU Radio Regulations 2016
2.655000,2.670000,ITU,Region 3,FIXED-SATELLITE (Earth-to-space),Secondary,,5.415,"Point-to-point microwave links, satellite earth stations; Satellite phones, VSAT terminals, satellite internet; AM/FM radios, DAB receivers, TV sets; Radio telescopes, scientific receivers; Mobile phones, cellular base stations (2G/3G/4G/5G); Deep space probes, scientific satellites",ITU Radio Regulations,EU/Europe follows ITU Region 1 (largely identical to Region 1/2 primary services shown). Source: FCC 47 CFR 2.106 / ITU Radio Regulations 2016
2.655000,2.670000,ITU,Region 3,MOBILE except aeronautical mobile,Secondary,,5.384A,"Point-to-point microwave links, satellite earth stations; Satellite phones, VSAT terminals, satellite internet; AM/FM radios, DAB receivers, TV sets; Radio telescopes, scientific receivers; Mobile phones, cellular base stations (2G/3G/4G/5G); Deep space probes, scientific satellites",ITU Radio Regulations,EU/Europe follows ITU Region 1 (largely identical to Region 1/2 primary services shown). Source: FCC 47 CFR 2.106 / ITU Radio Regulations 2016
2.655000,2.670000,ITU,Region 3,BROADCASTING-SATELLITE,PRIMARY,,5.413 5.416,"Point-to-point microwave links, satellite earth stations; Satellite phones, VSAT terminals, satellite internet; AM/FM radios, DAB receivers, TV sets; Radio telescopes, scientific receivers; Mobile phones, cellular base stations (2G/3G/4G/5G); Deep space probes, scientific satellites",ITU Radio Regulations,EU/Europe follows ITU Region 1 (largely identical to Region 1/2 primary services shown). Source: FCC 47 CFR 2.106 / ITU Radio Regulations 2016
2.655000,2.670000,ITU,Region 3,Earth exploration-satellite (passive),Secondary,,,"Point-to-point microwave links, satellite earth stations; Satellite phones, VSAT terminals, satellite internet; AM/FM radios, DAB receivers, TV sets; Radio telescopes, scientific receivers; Mobile phones, cellular base stations (2G/3G/4G/5G); Deep space probes, scientific satellites",ITU Radio Regulations,EU/Europe follows ITU Region 1 (largely identical to Region 1/2 primary services shown). Source: FCC 47 CFR 2.106 / ITU Radio Regulations 2016
2.655000,2.670000,ITU,Region 3,Radio astronomy,Secondary,,,"Point-to-point microwave links, satellite earth stations; Satellite phones, VSAT terminals, satellite internet; AM/FM radios, DAB receivers, TV sets; Radio telescopes, scientific receivers; Mobile phones, cellular base stations (2G/3G/4G/5G); Deep space probes, scientific satellites",ITU Radio Regulations,EU/Europe follows ITU Region 1 (largely identical to Region 1/2 primary services shown). Source: FCC 47 CFR 2.106 / ITU Radio Regulations 2016
2.655000,2.670000,ITU,Region 3,Space research (passive),Secondary,,,"Point-to-point microwave links, satellite earth stations; Satellite phones, VSAT terminals, satellite internet; AM/FM radios, DAB receivers, TV sets; Radio telescopes, scientific receivers; Mobile phones, cellular base stations (2G/3G/4G/5G); Deep space probes, scientific satellites",ITU Radio Regulations,EU/Europe follows ITU Region 1 (largely identical to Region 1/2 primary services shown). Source: FCC 47 CFR 2.106 / ITU Radio Regulations 2016
2.670000,2.690000,ITU,Region 1/2,FIXED,PRIMARY,,5.410,"Point-to-point microwave links, satellite earth stations; Satellite phones, VSAT terminals, satellite internet; Radio telescopes, scientific receivers; Mobile phones, cellular base stations (2G/3G/4G/5G); Deep space probes, scientific satellites",ITU Radio Regulations,EU/Europe follows ITU Region 1 (largely identical to Region 1/2 primary services shown). Source: FCC 47 CFR 2.106 / ITU Radio Regulations 2016
2.670000,2.690000,ITU,Region 1/2,FIXED-SATELLITE (Earth-to-space),Secondary,,,"Point-to-point microwave links, satellite earth stations; Satellite phones, VSAT terminals, satellite internet; Radio telescopes, scientific receivers; Mobile phones, cellular base stations (2G/3G/4G/5G); Deep space probes, scientific satellites",ITU Radio Regulations,EU/Europe follows ITU Region 1 (largely identical to Region 1/2 primary services shown). Source: FCC 47 CFR 2.106 / ITU Radio Regulations 2016
2.670000,2.690000,ITU,Region 1/2,(space-to-Earth),Secondary,,5.208B 5.415,"Point-to-point microwave links, satellite earth stations; Satellite phones, VSAT terminals, satellite internet; Radio telescopes, scientific receivers; Mobile phones, cellular base stations (2G/3G/4G/5G); Deep space probes, scientific satellites",ITU Radio Regulations,EU/Europe follows ITU Region 1 (largely identical to Region 1/2 primary services shown). Source: FCC 47 CFR 2.106 / ITU Radio Regulations 2016
2.670000,2.690000,ITU,Region 1/2,MOBILE except aeronautical mobile,Secondary,,,"Point-to-point microwave links, satellite earth stations; Satellite phones, VSAT terminals, satellite internet; Radio telescopes, scientific receivers; Mobile phones, cellular base stations (2G/3G/4G/5G); Deep space probes, scientific satellites",ITU Radio Regulations,EU/Europe follows ITU Region 1 (largely identical to Region 1/2 primary services shown). Source: FCC 47 CFR 2.106 / ITU Radio Regulations 2016
2.670000,2.690000,ITU,Region 1/2,Earth exploration-satellite (passive),Secondary,,,"Point-to-point microwave links, satellite earth stations; Satellite phones, VSAT terminals, satellite internet; Radio telescopes, scientific receivers; Mobile phones, cellular base stations (2G/3G/4G/5G); Deep space probes, scientific satellites",ITU Radio Regulations,EU/Europe follows ITU Region 1 (largely identical to Region 1/2 primary services shown). Source: FCC 47 CFR 2.106 / ITU Radio Regulations 2016
2.670000,2.690000,ITU,Region 1/2,Radio astronomy,Secondary,,,"Point-to-point microwave links, satellite earth stations; Satellite phones, VSAT terminals, satellite internet; Radio telescopes, scientific receivers; Mobile phones, cellular base stations (2G/3G/4G/5G); Deep space probes, scientific satellites",ITU Radio Regulations,EU/Europe follows ITU Region 1 (largely identical to Region 1/2 primary services shown). Source: FCC 47 CFR 2.106 / ITU Radio Regulations 2016
2.670000,2.690000,ITU,Region 1/2,Space research (passive),Secondary,,,"Point-to-point microwave links, satellite earth stations; Satellite phones, VSAT terminals, satellite internet; Radio telescopes, scientific receivers; Mobile phones, cellular base stations (2G/3G/4G/5G); Deep space probes, scientific satellites",ITU Radio Regulations,EU/Europe follows ITU Region 1 (largely identical to Region 1/2 primary services shown). Source: FCC 47 CFR 2.106 / ITU Radio Regulations 2016
2.670000,2.690000,ITU,Region 3,FIXED,PRIMARY,,5.410,"Point-to-point microwave links, satellite earth stations; Satellite phones, VSAT terminals, satellite internet; Radio telescopes, scientific receivers; Mobile phones, cellular base stations (2G/3G/4G/5G); Deep space probes, scientific satellites",ITU Radio Regulations,EU/Europe follows ITU Region 1 (largely identical to Region 1/2 primary services shown). Source: FCC 47 CFR 2.106 / ITU Radio Regulations 2016
2.670000,2.690000,ITU,Region 3,FIXED-SATELLITE (Earth-to-space),Secondary,,5.415,"Point-to-point microwave links, satellite earth stations; Satellite phones, VSAT terminals, satellite internet; Radio telescopes, scientific receivers; Mobile phones, cellular base stations (2G/3G/4G/5G); Deep space probes, scientific satellites",ITU Radio Regulations,EU/Europe follows ITU Region 1 (largely identical to Region 1/2 primary services shown). Source: FCC 47 CFR 2.106 / ITU Radio Regulations 2016
2.670000,2.690000,ITU,Region 3,MOBILE except aeronautical mobile,Secondary,,5.384A,"Point-to-point microwave links, satellite earth stations; Satellite phones, VSAT terminals, satellite internet; Radio telescopes, scientific receivers; Mobile phones, cellular base stations (2G/3G/4G/5G); Deep space probes, scientific satellites",ITU Radio Regulations,EU/Europe follows ITU Region 1 (largely identical to Region 1/2 primary services shown). Source: FCC 47 CFR 2.106 / ITU Radio Regulations 2016
2.670000,2.690000,ITU,Region 3,MOBILE-SATELLITE (Earth-to-space),Secondary,,,"Point-to-point microwave links, satellite earth stations; Satellite phones, VSAT terminals, satellite internet; Radio telescopes, scientific receivers; Mobile phones, cellular base stations (2G/3G/4G/5G); Deep space probes, scientific satellites",ITU Radio Regulations,EU/Europe follows ITU Region 1 (largely identical to Region 1/2 primary services shown). Source: FCC 47 CFR 2.106 / ITU Radio Regulations 2016
2.670000,2.690000,ITU,Region 3,Earth exploration-satellite (passive),Secondary,,,"Point-to-point microwave links, satellite earth stations; Satellite phones, VSAT terminals, satellite internet; Radio telescopes, scientific receivers; Mobile phones, cellular base stations (2G/3G/4G/5G); Deep space probes, scientific satellites",ITU Radio Regulations,EU/Europe follows ITU Region 1 (largely identical to Region 1/2 primary services shown). Source: FCC 47 CFR 2.106 / ITU Radio Regulations 2016
2.670000,2.690000,ITU,Region 3,Radio astronomy,Secondary,,,"Point-to-point microwave links, satellite earth stations; Satellite phones, VSAT terminals, satellite internet; Radio telescopes, scientific receivers; Mobile phones, cellular base stations (2G/3G/4G/5G); Deep space probes, scientific satellites",ITU Radio Regulations,EU/Europe follows ITU Region 1 (largely identical to Region 1/2 primary services shown). Source: FCC 47 CFR 2.106 / ITU Radio Regulations 2016
2.670000,2.690000,ITU,Region 3,Space research (passive),Secondary,,,"Point-to-point microwave links, satellite earth stations; Satellite phones, VSAT terminals, satellite internet; Radio telescopes, scientific receivers; Mobile phones, cellular base stations (2G/3G/4G/5G); Deep space probes, scientific satellites",ITU Radio Regulations,EU/Europe follows ITU Region 1 (largely identical to Region 1/2 primary services shown). Source: FCC 47 CFR 2.106 / ITU Radio Regulations 2016
2.690000,2.700000,USA,USA,EARTH EXPLORATION-SATELLITE (passive),Secondary,,US246,"Radio telescopes, scientific receivers; Satellite phones, VSAT terminals, satellite internet; Deep space probes, scientific satellites",FCC 47 CFR 2.106 (Federal),EU/Europe follows ITU Region 1 (largely identical to Region 1/2 primary services shown). Source: FCC 47 CFR 2.106 / ITU Radio Regulations 2016
2.690000,2.700000,USA,USA,RADIO ASTRONOMY,PRIMARY,,US74 US246,"Radio telescopes, scientific receivers; Satellite phones, VSAT terminals, satellite internet; Deep space probes, scientific satellites",FCC 47 CFR 2.106 (Federal),EU/Europe follows ITU Region 1 (largely identical to Region 1/2 primary services shown). Source: FCC 47 CFR 2.106 / ITU Radio Regulations 2016
2.690000,2.700000,USA,USA,SPACE RESEARCH (passive),Secondary,,US246,"Radio telescopes, scientific receivers; Satellite phones, VSAT terminals, satellite internet; Deep space probes, scientific satellites",FCC 47 CFR 2.106 (Federal),EU/Europe follows ITU Region 1 (largely identical to Region 1/2 primary services shown). Source: FCC 47 CFR 2.106 / ITU Radio Regulations 2016
2.700000,2.900000,USA,USA,METEOROLOGICAL AIDS,PRIMARY,,5.423 G15,"Radar systems, speed guns, weather radar; Radiosondes, weather balloons",FCC 47 CFR 2.106 (Federal),EU/Europe follows ITU Region 1 (largely identical to Region 1/2 primary services shown). Source: FCC 47 CFR 2.106 / ITU Radio Regulations 2016
2.700000,2.900000,USA,USA,AERONAUTICAL RADIONAVI-,PRIMARY,,5.423 G15,"Radar systems, speed guns, weather radar; Radiosondes, weather balloons",FCC 47 CFR 2.106 (Federal),EU/Europe follows ITU Region 1 (largely identical to Region 1/2 primary services shown). Source: FCC 47 CFR 2.106 / ITU Radio Regulations 2016
2.700000,2.900000,USA,USA,Radiolocation,Secondary,,G2 5.423 G15,"Radar systems, speed guns, weather radar; Radiosondes, weather balloons",FCC 47 CFR 2.106 (Federal),EU/Europe follows ITU Region 1 (largely identical to Region 1/2 primary services shown). Source: FCC 47 CFR 2.106 / ITU Radio Regulations 2016
2.900000,3.100000,USA,USA,RADIOLOCATION,PRIMARY,,5.424A G56 5.427 US44 US316,"GPS receivers, GNSS devices; Radar systems, speed guns, weather radar",FCC 47 CFR 2.106 (Federal),EU/Europe follows ITU Region 1 (largely identical to Region 1/2 primary services shown). Source: FCC 47 CFR 2.106 / ITU Radio Regulations 2016
2.900000,3.100000,USA,USA,MARITIME RADIONAVIGATION,PRIMARY,,5.427 US44 US316,"GPS receivers, GNSS devices; Radar systems, speed guns, weather radar",FCC 47 CFR 2.106 (Federal),EU/Europe follows ITU Region 1 (largely identical to Region 1/2 primary services shown). Source: FCC 47 CFR 2.106 / ITU Radio Regulations 2016
2.900000,3.100000,USA,USA,MARITIME RADIONAVIGATION,PRIMARY,,5.427 US316,"GPS receivers, GNSS devices; Radar systems, speed guns, weather radar",FCC 47 CFR 2.106 (Non-Fed),EU/Europe follows ITU Region 1 (largely identical to Region 1/2 primary services shown). Source: FCC 47 CFR 2.106 / ITU Radio Regulations 2016
2.900000,3.100000,USA,USA,Radiolocation,Secondary,,US44 5.427 US316,"GPS receivers, GNSS devices; Radar systems, speed guns, weather radar",FCC 47 CFR 2.106 (Non-Fed),EU/Europe follows ITU Region 1 (largely identical to Region 1/2 primary services shown). Source: FCC 47 CFR 2.106 / ITU Radio Regulations 2016
3100.000000,3300.000000,USA,USA,RADIOLOCATION,PRIMARY,,G59 US342,"Satellite phones, VSAT terminals, satellite internet; Radar systems, speed guns, weather radar; Deep space probes, scientific satellites",FCC 47 CFR 2.106 (Federal),EU/Europe follows ITU Region 1 (largely identical to Region 1/2 primary services shown). Source: FCC 47 CFR 2.106 / ITU Radio Regulations 2016
3100.000000,3300.000000,USA,USA,Earth exploration-satellite (active),Secondary,,US342,"Satellite phones, VSAT terminals, satellite internet; Radar systems, speed guns, weather radar; Deep space probes, scientific satellites",FCC 47 CFR 2.106 (Federal),EU/Europe follows ITU Region 1 (largely identical to Region 1/2 primary services shown). Source: FCC 47 CFR 2.106 / ITU Radio Regulations 2016
3100.000000,3300.000000,USA,USA,Space research (active),Secondary,,US342,"Satellite phones, VSAT terminals, satellite internet; Radar systems, speed guns, weather radar; Deep space probes, scientific satellites",FCC 47 CFR 2.106 (Federal),EU/Europe follows ITU Region 1 (largely identical to Region 1/2 primary services shown). Source: FCC 47 CFR 2.106 / ITU Radio Regulations 2016
3100.000000,3300.000000,USA,USA,Earth exploration-satellite (active),Secondary,,US342,"Satellite phones, VSAT terminals, satellite internet; Radar systems, speed guns, weather radar; Deep space probes, scientific satellites",FCC 47 CFR 2.106 (Non-Fed),EU/Europe follows ITU Region 1 (largely identical to Region 1/2 primary services shown). Source: FCC 47 CFR 2.106 / ITU Radio Regulations 2016
3100.000000,3300.000000,USA,USA,Space research (active),Secondary,,US342,"Satellite phones, VSAT terminals, satellite internet; Radar systems, speed guns, weather radar; Deep space probes, scientific satellites",FCC 47 CFR 2.106 (Non-Fed),EU/Europe follows ITU Region 1 (largely identical to Region 1/2 primary services shown). Source: FCC 47 CFR 2.106 / ITU Radio Regulations 2016
3100.000000,3300.000000,USA,USA,Radiolocation,Secondary,,US342,"Satellite phones, VSAT terminals, satellite internet; Radar systems, speed guns, weather radar; Deep space probes, scientific satellites",FCC 47 CFR 2.106 (Non-Fed),EU/Europe follows ITU Region 1 (largely identical to Region 1/2 primary services shown). Source: FCC 47 CFR 2.106 / ITU Radio Regulations 2016
3300.000000,3400.000000,ITU,Region 1/2,RADIOLOCATION,PRIMARY,,,"Ham radio transceivers, SDR receivers; Point-to-point microwave links, satellite earth stations; Radar systems, speed guns, weather radar; Mobile phones, cellular base stations (2G/3G/4G/5G)",ITU Radio Regulations,EU/Europe follows ITU Region 1 (largely identical to Region 1/2 primary services shown). Source: FCC 47 CFR 2.106 / ITU Radio Regulations 2016
3300.000000,3400.000000,ITU,Region 1/2,Amateur,Secondary,,,"Ham radio transceivers, SDR receivers; Point-to-point microwave links, satellite earth stations; Radar systems, speed guns, weather radar; Mobile phones, cellular base stations (2G/3G/4G/5G)",ITU Radio Regulations,EU/Europe follows ITU Region 1 (largely identical to Region 1/2 primary services shown). Source: FCC 47 CFR 2.106 / ITU Radio Regulations 2016
3300.000000,3400.000000,ITU,Region 1/2,Fixed,Secondary,,,"Ham radio transceivers, SDR receivers; Point-to-point microwave links, satellite earth stations; Radar systems, speed guns, weather radar; Mobile phones, cellular base stations (2G/3G/4G/5G)",ITU Radio Regulations,EU/Europe follows ITU Region 1 (largely identical to Region 1/2 primary services shown). Source: FCC 47 CFR 2.106 / ITU Radio Regulations 2016
3300.000000,3400.000000,ITU,Region 1/2,Mobile,Secondary,,,"Ham radio transceivers, SDR receivers; Point-to-point microwave links, satellite earth stations; Radar systems, speed guns, weather radar; Mobile phones, cellular base stations (2G/3G/4G/5G)",ITU Radio Regulations,EU/Europe follows ITU Region 1 (largely identical to Region 1/2 primary services shown). Source: FCC 47 CFR 2.106 / ITU Radio Regulations 2016
3300.000000,3400.000000,ITU,Region 3,RADIOLOCATION,PRIMARY,,,"Ham radio transceivers, SDR receivers; Point-to-point microwave links, satellite earth stations; Radar systems, speed guns, weather radar; Mobile phones, cellular base stations (2G/3G/4G/5G)",ITU Radio Regulations,EU/Europe follows ITU Region 1 (largely identical to Region 1/2 primary services shown). Source: FCC 47 CFR 2.106 / ITU Radio Regulations 2016
3300.000000,3400.000000,ITU,Region 3,Amateur,Secondary,,,"Ham radio transceivers, SDR receivers; Point-to-point microwave links, satellite earth stations; Radar systems, speed guns, weather radar; Mobile phones, cellular base stations (2G/3G/4G/5G)",ITU Radio Regulations,EU/Europe follows ITU Region 1 (largely identical to Region 1/2 primary services shown). Source: FCC 47 CFR 2.106 / ITU Radio Regulations 2016
3300.000000,3400.000000,USA,USA,RADIOLOCATION,PRIMARY,,US431B G2 US103 US342,"Ham radio transceivers, SDR receivers; Point-to-point microwave links, satellite earth stations; Radar systems, speed guns, weather radar; Mobile phones, cellular base stations (2G/3G/4G/5G)",FCC 47 CFR 2.106 (Federal),EU/Europe follows ITU Region 1 (largely identical to Region 1/2 primary services shown). Source: FCC 47 CFR 2.106 / ITU Radio Regulations 2016
3400.000000,3500.000000,ITU,Region 1/2,FIXED,PRIMARY,,,"Ham radio transceivers, SDR receivers; Point-to-point microwave links, satellite earth stations; Mobile phones, cellular base stations (2G/3G/4G/5G); Radar systems, speed guns, weather radar",ITU Radio Regulations,EU/Europe follows ITU Region 1 (largely identical to Region 1/2 primary services shown). Source: FCC 47 CFR 2.106 / ITU Radio Regulations 2016
3400.000000,3500.000000,ITU,Region 1/2,FIXED-SATELLITE (space-to-Earth),Secondary,,,"Ham radio transceivers, SDR receivers; Point-to-point microwave links, satellite earth stations; Mobile phones, cellular base stations (2G/3G/4G/5G); Radar systems, speed guns, weather radar",ITU Radio Regulations,EU/Europe follows ITU Region 1 (largely identical to Region 1/2 primary services shown). Source: FCC 47 CFR 2.106 / ITU Radio Regulations 2016
3400.000000,3500.000000,ITU,Region 1/2,MOBILE except aeronautical mobile,Secondary,,,"Ham radio transceivers, SDR receivers; Point-to-point microwave links, satellite earth stations; Mobile phones, cellular base stations (2G/3G/4G/5G); Radar systems, speed guns, weather radar",ITU Radio Regulations,EU/Europe follows ITU Region 1 (largely identical to Region 1/2 primary services shown). Source: FCC 47 CFR 2.106 / ITU Radio Regulations 2016
3400.000000,3500.000000,ITU,Region 1/2,Amateur,Secondary,,,"Ham radio transceivers, SDR receivers; Point-to-point microwave links, satellite earth stations; Mobile phones, cellular base stations (2G/3G/4G/5G); Radar systems, speed guns, weather radar",ITU Radio Regulations,EU/Europe follows ITU Region 1 (largely identical to Region 1/2 primary services shown). Source: FCC 47 CFR 2.106 / ITU Radio Regulations 2016
3400.000000,3500.000000,ITU,Region 1/2,Radiolocation,Secondary,,5.433,"Ham radio transceivers, SDR receivers; Point-to-point microwave links, satellite earth stations; Mobile phones, cellular base stations (2G/3G/4G/5G); Radar systems, speed guns, weather radar",ITU Radio Regulations,EU/Europe follows ITU Region 1 (largely identical to Region 1/2 primary services shown). Source: FCC 47 CFR 2.106 / ITU Radio Regulations 2016
3400.000000,3500.000000,ITU,Region 3,FIXED,PRIMARY,,,"Ham radio transceivers, SDR receivers; Point-to-point microwave links, satellite earth stations; Mobile phones, cellular base stations (2G/3G/4G/5G); Radar systems, speed guns, weather radar",ITU Radio Regulations,EU/Europe follows ITU Region 1 (largely identical to Region 1/2 primary services shown). Source: FCC 47 CFR 2.106 / ITU Radio Regulations 2016
3400.000000,3500.000000,ITU,Region 3,FIXED-SATELLITE (space-to-Earth),Secondary,,,"Ham radio transceivers, SDR receivers; Point-to-point microwave links, satellite earth stations; Mobile phones, cellular base stations (2G/3G/4G/5G); Radar systems, speed guns, weather radar",ITU Radio Regulations,EU/Europe follows ITU Region 1 (largely identical to Region 1/2 primary services shown). Source: FCC 47 CFR 2.106 / ITU Radio Regulations 2016
3400.000000,3500.000000,ITU,Region 3,Amateur,Secondary,,,"Ham radio transceivers, SDR receivers; Point-to-point microwave links, satellite earth stations; Mobile phones, cellular base stations (2G/3G/4G/5G); Radar systems, speed guns, weather radar",ITU Radio Regulations,EU/Europe follows ITU Region 1 (largely identical to Region 1/2 primary services shown). Source: FCC 47 CFR 2.106 / ITU Radio Regulations 2016
3400.000000,3500.000000,ITU,Region 3,Mobile,Secondary,,5.432 5.432B,"Ham radio transceivers, SDR receivers; Point-to-point microwave links, satellite earth stations; Mobile phones, cellular base stations (2G/3G/4G/5G); Radar systems, speed guns, weather radar",ITU Radio Regulations,EU/Europe follows ITU Region 1 (largely identical to Region 1/2 primary services shown). Source: FCC 47 CFR 2.106 / ITU Radio Regulations 2016
3400.000000,3500.000000,ITU,Region 3,Radiolocation,Secondary,,5.433,"Ham radio transceivers, SDR receivers; Point-to-point microwave links, satellite earth stations; Mobile phones, cellular base stations (2G/3G/4G/5G); Radar systems, speed guns, weather radar",ITU Radio Regulations,EU/Europe follows ITU Region 1 (largely identical to Region 1/2 primary services shown). Source: FCC 47 CFR 2.106 / ITU Radio Regulations 2016
3400.000000,3500.000000,USA,USA,FIXED,PRIMARY,,US103 US105 US433 US431B,"Ham radio transceivers, SDR receivers; Point-to-point microwave links, satellite earth stations; Mobile phones, cellular base stations (2G/3G/4G/5G); Radar systems, speed guns, weather radar",FCC 47 CFR 2.106 (Non-Fed),EU/Europe follows ITU Region 1 (largely identical to Region 1/2 primary services shown). Source: FCC 47 CFR 2.106 / ITU Radio Regulations 2016
3400.000000,3500.000000,USA,USA,MOBILE except aeronautical mobile,Secondary,,US103 US105 US433 US431B,"Ham radio transceivers, SDR receivers; Point-to-point microwave links, satellite earth stations; Mobile phones, cellular base stations (2G/3G/4G/5G); Radar systems, speed guns, weather radar",FCC 47 CFR 2.106 (Non-Fed),EU/Europe follows ITU Region 1 (largely identical to Region 1/2 primary services shown). Source: FCC 47 CFR 2.106 / ITU Radio Regulations 2016
3500.000000,3600.000000,ITU,Region 1/2,FIXED,PRIMARY,,,"Radar systems, speed guns, weather radar; Point-to-point microwave links, satellite earth stations; Mobile phones, cellular base stations (2G/3G/4G/5G); ILS, VOR, DME, TACAN, instrument landing systems",ITU Radio Regulations,EU/Europe follows ITU Region 1 (largely identical to Region 1/2 primary services shown). Source: FCC 47 CFR 2.106 / ITU Radio Regulations 2016
3500.000000,3600.000000,ITU,Region 1/2,FIXED-SATELLITE,PRIMARY,,,"Radar systems, speed guns, weather radar; Point-to-point microwave links, satellite earth stations; Mobile phones, cellular base stations (2G/3G/4G/5G); ILS, VOR, DME, TACAN, instrument landing systems",ITU Radio Regulations,EU/Europe follows ITU Region 1 (largely identical to Region 1/2 primary services shown). Source: FCC 47 CFR 2.106 / ITU Radio Regulations 2016
3500.000000,3600.000000,ITU,Region 1/2,(space-to-Earth),Secondary,,,"Radar systems, speed guns, weather radar; Point-to-point microwave links, satellite earth stations; Mobile phones, cellular base stations (2G/3G/4G/5G); ILS, VOR, DME, TACAN, instrument landing systems",ITU Radio Regulations,EU/Europe follows ITU Region 1 (largely identical to Region 1/2 primary services shown). Source: FCC 47 CFR 2.106 / ITU Radio Regulations 2016
3500.000000,3600.000000,ITU,Region 1/2,MOBILE except aeronautical,Secondary,,,"Radar systems, speed guns, weather radar; Point-to-point microwave links, satellite earth stations; Mobile phones, cellular base stations (2G/3G/4G/5G); ILS, VOR, DME, TACAN, instrument landing systems",ITU Radio Regulations,EU/Europe follows ITU Region 1 (largely identical to Region 1/2 primary services shown). Source: FCC 47 CFR 2.106 / ITU Radio Regulations 2016
3500.000000,3600.000000,ITU,Region 1/2,mobile,Secondary,,5.431B,"Radar systems, speed guns, weather radar; Point-to-point microwave links, satellite earth stations; Mobile phones, cellular base stations (2G/3G/4G/5G); ILS, VOR, DME, TACAN, instrument landing systems",ITU Radio Regulations,EU/Europe follows ITU Region 1 (largely identical to Region 1/2 primary services shown). Source: FCC 47 CFR 2.106 / ITU Radio Regulations 2016
3500.000000,3600.000000,ITU,Region 1/2,Radiolocation,Secondary,,5.433,"Radar systems, speed guns, weather radar; Point-to-point microwave links, satellite earth stations; Mobile phones, cellular base stations (2G/3G/4G/5G); ILS, VOR, DME, TACAN, instrument landing systems",ITU Radio Regulations,EU/Europe follows ITU Region 1 (largely identical to Region 1/2 primary services shown). Source: FCC 47 CFR 2.106 / ITU Radio Regulations 2016
3500.000000,3600.000000,ITU,Region 3,FIXED,PRIMARY,,,"Radar systems, speed guns, weather radar; Point-to-point microwave links, satellite earth stations; Mobile phones, cellular base stations (2G/3G/4G/5G); ILS, VOR, DME, TACAN, instrument landing systems",ITU Radio Regulations,EU/Europe follows ITU Region 1 (largely identical to Region 1/2 primary services shown). Source: FCC 47 CFR 2.106 / ITU Radio Regulations 2016
3500.000000,3600.000000,ITU,Region 3,FIXED-SATELLITE (space-to-Earth),Secondary,,,"Radar systems, speed guns, weather radar; Point-to-point microwave links, satellite earth stations; Mobile phones, cellular base stations (2G/3G/4G/5G); ILS, VOR, DME, TACAN, instrument landing systems",ITU Radio Regulations,EU/Europe follows ITU Region 1 (largely identical to Region 1/2 primary services shown). Source: FCC 47 CFR 2.106 / ITU Radio Regulations 2016
3500.000000,3600.000000,ITU,Region 3,MOBILE except aeronautical mobile,Secondary,,,"Radar systems, speed guns, weather radar; Point-to-point microwave links, satellite earth stations; Mobile phones, cellular base stations (2G/3G/4G/5G); ILS, VOR, DME, TACAN, instrument landing systems",ITU Radio Regulations,EU/Europe follows ITU Region 1 (largely identical to Region 1/2 primary services shown). Source: FCC 47 CFR 2.106 / ITU Radio Regulations 2016
3500.000000,3600.000000,ITU,Region 3,Radiolocation,Secondary,,5.433,"Radar systems, speed guns, weather radar; Point-to-point microwave links, satellite earth stations; Mobile phones, cellular base stations (2G/3G/4G/5G); ILS, VOR, DME, TACAN, instrument landing systems",ITU Radio Regulations,EU/Europe follows ITU Region 1 (largely identical to Region 1/2 primary services shown). Source: FCC 47 CFR 2.106 / ITU Radio Regulations 2016
3500.000000,3600.000000,USA,USA,RADIOLOCATION,PRIMARY,,G59 US103 US431B,"Radar systems, speed guns, weather radar; Point-to-point microwave links, satellite earth stations; Mobile phones, cellular base stations (2G/3G/4G/5G); ILS, VOR, DME, TACAN, instrument landing systems",FCC 47 CFR 2.106 (Federal),EU/Europe follows ITU Region 1 (largely identical to Region 1/2 primary services shown). Source: FCC 47 CFR 2.106 / ITU Radio Regulations 2016
3500.000000,3600.000000,USA,USA,AERONAUTICAL RADIONAVIGATION,PRIMARY,,US103 US431B,"Radar systems, speed guns, weather radar; Point-to-point microwave links, satellite earth stations; Mobile phones, cellular base stations (2G/3G/4G/5G); ILS, VOR, DME, TACAN, instrument landing systems",FCC 47 CFR 2.106 (Federal),EU/Europe follows ITU Region 1 (largely identical to Region 1/2 primary services shown). Source: FCC 47 CFR 2.106 / ITU Radio Regulations 2016
3500.000000,3600.000000,USA,USA,(ground-based),Secondary,,G110 US103 US431B,"Radar systems, speed guns, weather radar; Point-to-point microwave links, satellite earth stations; Mobile phones, cellular base stations (2G/3G/4G/5G); ILS, VOR, DME, TACAN, instrument landing systems",FCC 47 CFR 2.106 (Federal),EU/Europe follows ITU Region 1 (largely identical to Region 1/2 primary services shown). Source: FCC 47 CFR 2.106 / ITU Radio Regulations 2016
3500.000000,3600.000000,USA,USA,MHz: see previous page,Secondary,,,"Radar systems, speed guns, weather radar; Point-to-point microwave links, satellite earth stations; Mobile phones, cellular base stations (2G/3G/4G/5G); ILS, VOR, DME, TACAN, instrument landing systems",FCC 47 CFR 2.106 (Non-Fed),EU/Europe follows ITU Region 1 (largely identical to Region 1/2 primary services shown). Source: FCC 47 CFR 2.106 / ITU Radio Regulations 2016
3550.000000,3650.000000,USA,USA,RADIOLOCATION,PRIMARY,,G59 US105 US107 US245 US433,"Radar systems, speed guns, weather radar; ILS, VOR, DME, TACAN, instrument landing systems",FCC 47 CFR 2.106 (Federal),EU/Europe follows ITU Region 1 (largely identical to Region 1/2 primary services shown). Source: FCC 47 CFR 2.106 / ITU Radio Regulations 2016
3550.000000,3650.000000,USA,USA,AERONAUTICAL RADIONAVIGATION,PRIMARY,,US105 US107 US245 US433,"Radar systems, speed guns, weather radar; ILS, VOR, DME, TACAN, instrument landing systems",FCC 47 CFR 2.106 (Federal),EU/Europe follows ITU Region 1 (largely identical to Region 1/2 primary services shown). Source: FCC 47 CFR 2.106 / ITU Radio Regulations 2016
3550.000000,3650.000000,USA,USA,(ground-based),Secondary,,G110 US105 US107 US245 US433,"Radar systems, speed guns, weather radar; ILS, VOR, DME, TACAN, instrument landing systems",FCC 47 CFR 2.106 (Federal),EU/Europe follows ITU Region 1 (largely identical to Region 1/2 primary services shown). Source: FCC 47 CFR 2.106 / ITU Radio Regulations 2016
3600.000000,3700.000000,ITU,Region 1/2,FIXED,PRIMARY,,,"Point-to-point microwave links, satellite earth stations; Mobile phones, cellular base stations (2G/3G/4G/5G); Radar systems, speed guns, weather radar",ITU Radio Regulations,EU/Europe follows ITU Region 1 (largely identical to Region 1/2 primary services shown). Source: FCC 47 CFR 2.106 / ITU Radio Regulations 2016
3600.000000,3700.000000,ITU,Region 1/2,FIXED-SATELLITE,PRIMARY,,,"Point-to-point microwave links, satellite earth stations; Mobile phones, cellular base stations (2G/3G/4G/5G); Radar systems, speed guns, weather radar",ITU Radio Regulations,EU/Europe follows ITU Region 1 (largely identical to Region 1/2 primary services shown). Source: FCC 47 CFR 2.106 / ITU Radio Regulations 2016
3600.000000,3700.000000,ITU,Region 1/2,(space-to-Earth),Secondary,,,"Point-to-point microwave links, satellite earth stations; Mobile phones, cellular base stations (2G/3G/4G/5G); Radar systems, speed guns, weather radar",ITU Radio Regulations,EU/Europe follows ITU Region 1 (largely identical to Region 1/2 primary services shown). Source: FCC 47 CFR 2.106 / ITU Radio Regulations 2016
3600.000000,3700.000000,ITU,Region 1/2,MOBILE except aeronautical,Secondary,,,"Point-to-point microwave links, satellite earth stations; Mobile phones, cellular base stations (2G/3G/4G/5G); Radar systems, speed guns, weather radar",ITU Radio Regulations,EU/Europe follows ITU Region 1 (largely identical to Region 1/2 primary services shown). Source: FCC 47 CFR 2.106 / ITU Radio Regulations 2016
3600.000000,3700.000000,ITU,Region 1/2,mobile,Secondary,,5.434,"Point-to-point microwave links, satellite earth stations; Mobile phones, cellular base stations (2G/3G/4G/5G); Radar systems, speed guns, weather radar",ITU Radio Regulations,EU/Europe follows ITU Region 1 (largely identical to Region 1/2 primary services shown). Source: FCC 47 CFR 2.106 / ITU Radio Regulations 2016
3600.000000,3700.000000,ITU,Region 1/2,Radiolocation,Secondary,,5.433,"Point-to-point microwave links, satellite earth stations; Mobile phones, cellular base stations (2G/3G/4G/5G); Radar systems, speed guns, weather radar",ITU Radio Regulations,EU/Europe follows ITU Region 1 (largely identical to Region 1/2 primary services shown). Source: FCC 47 CFR 2.106 / ITU Radio Regulations 2016
3600.000000,3700.000000,ITU,Region 3,FIXED,PRIMARY,,,"Point-to-point microwave links, satellite earth stations; Mobile phones, cellular base stations (2G/3G/4G/5G); Radar systems, speed guns, weather radar",ITU Radio Regulations,EU/Europe follows ITU Region 1 (largely identical to Region 1/2 primary services shown). Source: FCC 47 CFR 2.106 / ITU Radio Regulations 2016
3600.000000,3700.000000,ITU,Region 3,FIXED-SATELLITE (space-to-Earth),Secondary,,,"Point-to-point microwave links, satellite earth stations; Mobile phones, cellular base stations (2G/3G/4G/5G); Radar systems, speed guns, weather radar",ITU Radio Regulations,EU/Europe follows ITU Region 1 (largely identical to Region 1/2 primary services shown). Source: FCC 47 CFR 2.106 / ITU Radio Regulations 2016
3600.000000,3700.000000,ITU,Region 3,MOBILE except aeronautical mobile,Secondary,,,"Point-to-point microwave links, satellite earth stations; Mobile phones, cellular base stations (2G/3G/4G/5G); Radar systems, speed guns, weather radar",ITU Radio Regulations,EU/Europe follows ITU Region 1 (largely identical to Region 1/2 primary services shown). Source: FCC 47 CFR 2.106 / ITU Radio Regulations 2016
3600.000000,3700.000000,ITU,Region 3,Radiolocation,Secondary,,,"Point-to-point microwave links, satellite earth stations; Mobile phones, cellular base stations (2G/3G/4G/5G); Radar systems, speed guns, weather radar",ITU Radio Regulations,EU/Europe follows ITU Region 1 (largely identical to Region 1/2 primary services shown). Source: FCC 47 CFR 2.106 / ITU Radio Regulations 2016
3600.000000,3700.000000,USA,USA,FIXED,PRIMARY,,US245 US105 US433,"Point-to-point microwave links, satellite earth stations; Mobile phones, cellular base stations (2G/3G/4G/5G); Radar systems, speed guns, weather radar",FCC 47 CFR 2.106 (Non-Fed),EU/Europe follows ITU Region 1 (largely identical to Region 1/2 primary services shown). Source: FCC 47 CFR 2.106 / ITU Radio Regulations 2016
3600.000000,3700.000000,USA,USA,FIXED-SATELLITE (space-to-Earth),Secondary,,US107 US245 US105 US433,"Point-to-point microwave links, satellite earth stations; Mobile phones, cellular base stations (2G/3G/4G/5G); Radar systems, speed guns, weather radar",FCC 47 CFR 2.106 (Non-Fed),EU/Europe follows ITU Region 1 (largely identical to Region 1/2 primary services shown). Source: FCC 47 CFR 2.106 / ITU Radio Regulations 2016
3600.000000,3700.000000,USA,USA,MOBILE except aeronautical mobile,Secondary,,US245 US105 US433,"Point-to-point microwave links, satellite earth stations; Mobile phones, cellular base stations (2G/3G/4G/5G); Radar systems, speed guns, weather radar",FCC 47 CFR 2.106 (Non-Fed),EU/Europe follows ITU Region 1 (largely identical to Region 1/2 primary services shown). Source: FCC 47 CFR 2.106 / ITU Radio Regulations 2016
3650.000000,3700.000000,USA,USA,FIXED,PRIMARY,,NG185 US109 US349,"Point-to-point microwave links, satellite earth stations; Mobile phones, cellular base stations (2G/3G/4G/5G)",FCC 47 CFR 2.106 (Non-Fed),EU/Europe follows ITU Region 1 (largely identical to Region 1/2 primary services shown). Source: FCC 47 CFR 2.106 / ITU Radio Regulations 2016
3650.000000,3700.000000,USA,USA,FIXED-SATELLITE (space-to-Earth),Secondary,,NG169 NG185 US109 US349,"Point-to-point microwave links, satellite earth stations; Mobile phones, cellular base stations (2G/3G/4G/5G)",FCC 47 CFR 2.106 (Non-Fed),EU/Europe follows ITU Region 1 (largely identical to Region 1/2 primary services shown). Source: FCC 47 CFR 2.106 / ITU Radio Regulations 2016
3650.000000,3700.000000,USA,USA,MOBILE except aeronautical mobile,Secondary,,NG185 US109 US349,"Point-to-point microwave links, satellite earth stations; Mobile phones, cellular base stations (2G/3G/4G/5G)",FCC 47 CFR 2.106 (Non-Fed),EU/Europe follows ITU Region 1 (largely identical to Region 1/2 primary services shown). Source: FCC 47 CFR 2.106 / ITU Radio Regulations 2016
3700.000000,4200.000000,ITU,Region 1/2,FIXED,PRIMARY,,,"Point-to-point microwave links, satellite earth stations; Mobile phones, cellular base stations (2G/3G/4G/5G)",ITU Radio Regulations,EU/Europe follows ITU Region 1 (largely identical to Region 1/2 primary services shown). Source: FCC 47 CFR 2.106 / ITU Radio Regulations 2016
3700.000000,4200.000000,ITU,Region 1/2,FIXED-SATELLITE (space-to-Earth),Secondary,,,"Point-to-point microwave links, satellite earth stations; Mobile phones, cellular base stations (2G/3G/4G/5G)",ITU Radio Regulations,EU/Europe follows ITU Region 1 (largely identical to Region 1/2 primary services shown). Source: FCC 47 CFR 2.106 / ITU Radio Regulations 2016
3700.000000,4200.000000,ITU,Region 1/2,MOBILE except aeronautical mobile,Secondary,,,"Point-to-point microwave links, satellite earth stations; Mobile phones, cellular base stations (2G/3G/4G/5G)",ITU Radio Regulations,EU/Europe follows ITU Region 1 (largely identical to Region 1/2 primary services shown). Source: FCC 47 CFR 2.106 / ITU Radio Regulations 2016
3700.000000,4200.000000,USA,USA,FIXED,PRIMARY,,NG182 NG457A,"Point-to-point microwave links, satellite earth stations; Mobile phones, cellular base stations (2G/3G/4G/5G)",FCC 47 CFR 2.106 (Non-Fed),EU/Europe follows ITU Region 1 (largely identical to Region 1/2 primary services shown). Source: FCC 47 CFR 2.106 / ITU Radio Regulations 2016
3700.000000,4200.000000,USA,USA,MOBILE except aeronautical mobile,Secondary,,NG182 NG457A,"Point-to-point microwave links, satellite earth stations; Mobile phones, cellular base stations (2G/3G/4G/5G)",FCC 47 CFR 2.106 (Non-Fed),EU/Europe follows ITU Region 1 (largely identical to Region 1/2 primary services shown). Source: FCC 47 CFR 2.106 / ITU Radio Regulations 2016
4200.000000,4400.000000,USA,USA,AERONAUTICAL RADIONAVIGATION,PRIMARY,,5.440 US261,"ILS, VOR, DME, TACAN, instrument landing systems",FCC 47 CFR 2.106 (Federal),EU/Europe follows ITU Region 1 (largely identical to Region 1/2 primary services shown). Source: FCC 47 CFR 2.106 / ITU Radio Regulations 2016
4400.000000,4940.000000,USA,USA,FIXED,PRIMARY,,US113 US245 US342,"Point-to-point microwave links, satellite earth stations; Mobile phones, cellular base stations (2G/3G/4G/5G)",FCC 47 CFR 2.106 (Federal),EU/Europe follows ITU Region 1 (largely identical to Region 1/2 primary services shown). Source: FCC 47 CFR 2.106 / ITU Radio Regulations 2016
4400.000000,4940.000000,USA,USA,MOBILE,PRIMARY,,US113 US245 US342,"Point-to-point microwave links, satellite earth stations; Mobile phones, cellular base stations (2G/3G/4G/5G)",FCC 47 CFR 2.106 (Federal),EU/Europe follows ITU Region 1 (largely identical to Region 1/2 primary services shown). Source: FCC 47 CFR 2.106 / ITU Radio Regulations 2016
4940.000000,4990.000000,USA,USA,FIXED,PRIMARY,,5.339 US342 US385,"Point-to-point microwave links, satellite earth stations; Mobile phones, cellular base stations (2G/3G/4G/5G)",FCC 47 CFR 2.106 (Non-Fed),EU/Europe follows ITU Region 1 (largely identical to Region 1/2 primary services shown). Source: FCC 47 CFR 2.106 / ITU Radio Regulations 2016
4940.000000,4990.000000,USA,USA,MOBILE except aeronautical mobile,Secondary,,5.339 US342 US385,"Point-to-point microwave links, satellite earth stations; Mobile phones, cellular base stations (2G/3G/4G/5G)",FCC 47 CFR 2.106 (Non-Fed),EU/Europe follows ITU Region 1 (largely identical to Region 1/2 primary services shown). Source: FCC 47 CFR 2.106 / ITU Radio Regulations 2016
4990.000000,5000.000000,USA,USA,RADIO ASTRONOMY,PRIMARY,,US74 US246,"Radio telescopes, scientific receivers; Deep space probes, scientific satellites",FCC 47 CFR 2.106 (Federal),EU/Europe follows ITU Region 1 (largely identical to Region 1/2 primary services shown). Source: FCC 47 CFR 2.106 / ITU Radio Regulations 2016
4990.000000,5000.000000,USA,USA,Space research (passive),Secondary,,US246,"Radio telescopes, scientific receivers; Deep space probes, scientific satellites",FCC 47 CFR 2.106 (Federal),EU/Europe follows ITU Region 1 (largely identical to Region 1/2 primary services shown). Source: FCC 47 CFR 2.106 / ITU Radio Regulations 2016
5000.000000,5010.000000,ITU,Region 1/2,AERONAUTICAL MOBILE (R),PRIMARY,,US115,"GPS receivers, GNSS devices; Mobile phones, cellular base stations (2G/3G/4G/5G); ILS, VOR, DME, TACAN, instrument landing systems",ITU Radio Regulations,EU/Europe follows ITU Region 1 (largely identical to Region 1/2 primary services shown). Source: FCC 47 CFR 2.106 / ITU Radio Regulations 2016
5000.000000,5010.000000,ITU,Region 1/2,AERONAUTICAL MOBILE-SATELLITE (R),PRIMARY,,5.443AA,"GPS receivers, GNSS devices; Mobile phones, cellular base stations (2G/3G/4G/5G); ILS, VOR, DME, TACAN, instrument landing systems",ITU Radio Regulations,EU/Europe follows ITU Region 1 (largely identical to Region 1/2 primary services shown). Source: FCC 47 CFR 2.106 / ITU Radio Regulations 2016
5000.000000,5010.000000,ITU,Region 1/2,AERONAUTICAL RADIONAVIGATION,PRIMARY,,US260,"GPS receivers, GNSS devices; Mobile phones, cellular base stations (2G/3G/4G/5G); ILS, VOR, DME, TACAN, instrument landing systems",ITU Radio Regulations,EU/Europe follows ITU Region 1 (largely identical to Region 1/2 primary services shown). Source: FCC 47 CFR 2.106 / ITU Radio Regulations 2016
5000.000000,5010.000000,ITU,Region 1/2,RADIONAVIGATION-SATELLITE (Earth-to-space),Secondary,,,"GPS receivers, GNSS devices; Mobile phones, cellular base stations (2G/3G/4G/5G); ILS, VOR, DME, TACAN, instrument landing systems",ITU Radio Regulations,EU/Europe follows ITU Region 1 (largely identical to Region 1/2 primary services shown). Source: FCC 47 CFR 2.106 / ITU Radio Regulations 2016
5010.000000,5030.000000,ITU,Region 1/2,AERONAUTICAL MOBILE-SATELLITE (R),PRIMARY,,5.443AA,"GPS receivers, GNSS devices; Mobile phones, cellular base stations (2G/3G/4G/5G); ILS, VOR, DME, TACAN, instrument landing systems",ITU Radio Regulations,EU/Europe follows ITU Region 1 (largely identical to Region 1/2 primary services shown). Source: FCC 47 CFR 2.106 / ITU Radio Regulations 2016
5010.000000,5030.000000,ITU,Region 1/2,AERONAUTICAL RADIONAVIGATION,PRIMARY,,US260,"GPS receivers, GNSS devices; Mobile phones, cellular base stations (2G/3G/4G/5G); ILS, VOR, DME, TACAN, instrument landing systems",ITU Radio Regulations,EU/Europe follows ITU Region 1 (largely identical to Region 1/2 primary services shown). Source: FCC 47 CFR 2.106 / ITU Radio Regulations 2016
5010.000000,5030.000000,ITU,Region 1/2,RADIONAVIGATION-SATELLITE (space-to-Earth) (space-to-space),Secondary,,5.443B,"GPS receivers, GNSS devices; Mobile phones, cellular base stations (2G/3G/4G/5G); ILS, VOR, DME, TACAN, instrument landing systems",ITU Radio Regulations,EU/Europe follows ITU Region 1 (largely identical to Region 1/2 primary services shown). Source: FCC 47 CFR 2.106 / ITU Radio Regulations 2016
5030.000000,5091.000000,ITU,Region 1/2,AERONAUTICAL MOBILE (R),PRIMARY,,5.443C,"Mobile phones, cellular base stations (2G/3G/4G/5G); ILS, VOR, DME, TACAN, instrument landing systems",ITU Radio Regulations,EU/Europe follows ITU Region 1 (largely identical to Region 1/2 primary services shown). Source: FCC 47 CFR 2.106 / ITU Radio Regulations 2016
5030.000000,5091.000000,ITU,Region 1/2,AERONAUTICAL MOBILE-SATELLITE (R),PRIMARY,,5.443D,"Mobile phones, cellular base stations (2G/3G/4G/5G); ILS, VOR, DME, TACAN, instrument landing systems",ITU Radio Regulations,EU/Europe follows ITU Region 1 (largely identical to Region 1/2 primary services shown). Source: FCC 47 CFR 2.106 / ITU Radio Regulations 2016
5030.000000,5091.000000,ITU,Region 1/2,AERONAUTICAL RADIONAVIGATION,PRIMARY,,US260,"Mobile phones, cellular base stations (2G/3G/4G/5G); ILS, VOR, DME, TACAN, instrument landing systems",ITU Radio Regulations,EU/Europe follows ITU Region 1 (largely identical to Region 1/2 primary services shown). Source: FCC 47 CFR 2.106 / ITU Radio Regulations 2016
5091.000000,5150.000000,ITU,Region 1/2,AERONAUTICAL MOBILE,PRIMARY,,US111 US444B,"Mobile phones, cellular base stations (2G/3G/4G/5G); ILS, VOR, DME, TACAN, instrument landing systems",ITU Radio Regulations,EU/Europe follows ITU Region 1 (largely identical to Region 1/2 primary services shown). Source: FCC 47 CFR 2.106 / ITU Radio Regulations 2016
5091.000000,5150.000000,ITU,Region 1/2,AERONAUTICAL MOBILE-SATELLITE (R),PRIMARY,,5.443AA,"Mobile phones, cellular base stations (2G/3G/4G/5G); ILS, VOR, DME, TACAN, instrument landing systems",ITU Radio Regulations,EU/Europe follows ITU Region 1 (largely identical to Region 1/2 primary services shown). Source: FCC 47 CFR 2.106 / ITU Radio Regulations 2016
5091.000000,5150.000000,ITU,Region 1/2,AERONAUTICAL RADIONAVIGATION,PRIMARY,,US260,"Mobile phones, cellular base stations (2G/3G/4G/5G); ILS, VOR, DME, TACAN, instrument landing systems",ITU Radio Regulations,EU/Europe follows ITU Region 1 (largely identical to Region 1/2 primary services shown). Source: FCC 47 CFR 2.106 / ITU Radio Regulations 2016
5150.000000,5250.000000,ITU,Region 1/2,AERONAUTICAL RADIONAVIGATION,PRIMARY,,,"ILS, VOR, DME, TACAN, instrument landing systems",ITU Radio Regulations,EU/Europe follows ITU Region 1 (largely identical to Region 1/2 primary services shown). Source: FCC 47 CFR 2.106 / ITU Radio Regulations 2016
5150.000000,5250.000000,ITU,Region 3,FIXED-SATELLITE (Earth-to-space),Secondary,,5.447A,"ILS, VOR, DME, TACAN, instrument landing systems",ITU Radio Regulations,EU/Europe follows ITU Region 1 (largely identical to Region 1/2 primary services shown). Source: FCC 47 CFR 2.106 / ITU Radio Regulations 2016
5150.000000,5250.000000,ITU,Region 3,AERONAUTICAL RADIONAVIGATION,PRIMARY,,US260,"ILS, VOR, DME, TACAN, instrument landing systems",ITU Radio Regulations,EU/Europe follows ITU Region 1 (largely identical to Region 1/2 primary services shown). Source: FCC 47 CFR 2.106 / ITU Radio Regulations 2016
5250.000000,5255.000000,ITU,Region 1/2,EARTH EXPLORATION-SATELLITE,PRIMARY,,,"Satellite phones, VSAT terminals, satellite internet; Radar systems, speed guns, weather radar; Deep space probes, scientific satellites",ITU Radio Regulations,EU/Europe follows ITU Region 1 (largely identical to Region 1/2 primary services shown). Source: FCC 47 CFR 2.106 / ITU Radio Regulations 2016
5250.000000,5255.000000,ITU,Region 1/2,(active),Secondary,,,"Satellite phones, VSAT terminals, satellite internet; Radar systems, speed guns, weather radar; Deep space probes, scientific satellites",ITU Radio Regulations,EU/Europe follows ITU Region 1 (largely identical to Region 1/2 primary services shown). Source: FCC 47 CFR 2.106 / ITU Radio Regulations 2016
5250.000000,5255.000000,ITU,Region 1/2,RADIOLOCATION,PRIMARY,,G59,"Satellite phones, VSAT terminals, satellite internet; Radar systems, speed guns, weather radar; Deep space probes, scientific satellites",ITU Radio Regulations,EU/Europe follows ITU Region 1 (largely identical to Region 1/2 primary services shown). Source: FCC 47 CFR 2.106 / ITU Radio Regulations 2016
5250.000000,5255.000000,ITU,Region 1/2,SPACE RESEARCH (active),Secondary,,5.447D,"Satellite phones, VSAT terminals, satellite internet; Radar systems, speed guns, weather radar; Deep space probes, scientific satellites",ITU Radio Regulations,EU/Europe follows ITU Region 1 (largely identical to Region 1/2 primary services shown). Source: FCC 47 CFR 2.106 / ITU Radio Regulations 2016
5250.000000,5255.000000,ITU,Region 3,Earth exploration-satellite (active),Secondary,,,"Satellite phones, VSAT terminals, satellite internet; Radar systems, speed guns, weather radar; Deep space probes, scientific satellites",ITU Radio Regulations,EU/Europe follows ITU Region 1 (largely identical to Region 1/2 primary services shown). Source: FCC 47 CFR 2.106 / ITU Radio Regulations 2016
5250.000000,5255.000000,ITU,Region 3,Radiolocation,Secondary,,,"Satellite phones, VSAT terminals, satellite internet; Radar systems, speed guns, weather radar; Deep space probes, scientific satellites",ITU Radio Regulations,EU/Europe follows ITU Region 1 (largely identical to Region 1/2 primary services shown). Source: FCC 47 CFR 2.106 / ITU Radio Regulations 2016
5250.000000,5255.000000,ITU,Region 3,Space research,Secondary,,,"Satellite phones, VSAT terminals, satellite internet; Radar systems, speed guns, weather radar; Deep space probes, scientific satellites",ITU Radio Regulations,EU/Europe follows ITU Region 1 (largely identical to Region 1/2 primary services shown). Source: FCC 47 CFR 2.106 / ITU Radio Regulations 2016
5255.000000,5350.000000,ITU,Region 1/2,EARTH EXPLORATION-SATELLITE,PRIMARY,,,"Satellite phones, VSAT terminals, satellite internet; Radar systems, speed guns, weather radar; Deep space probes, scientific satellites",ITU Radio Regulations,EU/Europe follows ITU Region 1 (largely identical to Region 1/2 primary services shown). Source: FCC 47 CFR 2.106 / ITU Radio Regulations 2016
5255.000000,5350.000000,ITU,Region 1/2,(active),Secondary,,,"Satellite phones, VSAT terminals, satellite internet; Radar systems, speed guns, weather radar; Deep space probes, scientific satellites",ITU Radio Regulations,EU/Europe follows ITU Region 1 (largely identical to Region 1/2 primary services shown). Source: FCC 47 CFR 2.106 / ITU Radio Regulations 2016
5255.000000,5350.000000,ITU,Region 1/2,RADIOLOCATION,PRIMARY,,G59,"Satellite phones, VSAT terminals, satellite internet; Radar systems, speed guns, weather radar; Deep space probes, scientific satellites",ITU Radio Regulations,EU/Europe follows ITU Region 1 (largely identical to Region 1/2 primary services shown). Source: FCC 47 CFR 2.106 / ITU Radio Regulations 2016
5255.000000,5350.000000,ITU,Region 1/2,SPACE RESEARCH (active),Secondary,,,"Satellite phones, VSAT terminals, satellite internet; Radar systems, speed guns, weather radar; Deep space probes, scientific satellites",ITU Radio Regulations,EU/Europe follows ITU Region 1 (largely identical to Region 1/2 primary services shown). Source: FCC 47 CFR 2.106 / ITU Radio Regulations 2016
5255.000000,5350.000000,ITU,Region 3,Earth exploration-satellite (active),Secondary,,,"Satellite phones, VSAT terminals, satellite internet; Radar systems, speed guns, weather radar; Deep space probes, scientific satellites",ITU Radio Regulations,EU/Europe follows ITU Region 1 (largely identical to Region 1/2 primary services shown). Source: FCC 47 CFR 2.106 / ITU Radio Regulations 2016
5255.000000,5350.000000,ITU,Region 3,Radiolocation,Secondary,,,"Satellite phones, VSAT terminals, satellite internet; Radar systems, speed guns, weather radar; Deep space probes, scientific satellites",ITU Radio Regulations,EU/Europe follows ITU Region 1 (largely identical to Region 1/2 primary services shown). Source: FCC 47 CFR 2.106 / ITU Radio Regulations 2016
5255.000000,5350.000000,ITU,Region 3,Space research (active),Secondary,,,"Satellite phones, VSAT terminals, satellite internet; Radar systems, speed guns, weather radar; Deep space probes, scientific satellites",ITU Radio Regulations,EU/Europe follows ITU Region 1 (largely identical to Region 1/2 primary services shown). Source: FCC 47 CFR 2.106 / ITU Radio Regulations 2016
5350.000000,5460.000000,ITU,Region 1/2,EARTH EXPLORATION-SATELLITE,PRIMARY,,,"Satellite phones, VSAT terminals, satellite internet; Radar systems, speed guns, weather radar; Deep space probes, scientific satellites; ILS, VOR, DME, TACAN, instrument landing systems",ITU Radio Regulations,EU/Europe follows ITU Region 1 (largely identical to Region 1/2 primary services shown). Source: FCC 47 CFR 2.106 / ITU Radio Regulations 2016
5350.000000,5460.000000,ITU,Region 1/2,(active),Secondary,,5.448B,"Satellite phones, VSAT terminals, satellite internet; Radar systems, speed guns, weather radar; Deep space probes, scientific satellites; ILS, VOR, DME, TACAN, instrument landing systems",ITU Radio Regulations,EU/Europe follows ITU Region 1 (largely identical to Region 1/2 primary services shown). Source: FCC 47 CFR 2.106 / ITU Radio Regulations 2016
5350.000000,5460.000000,ITU,Region 1/2,RADIOLOCATION,PRIMARY,,G56,"Satellite phones, VSAT terminals, satellite internet; Radar systems, speed guns, weather radar; Deep space probes, scientific satellites; ILS, VOR, DME, TACAN, instrument landing systems",ITU Radio Regulations,EU/Europe follows ITU Region 1 (largely identical to Region 1/2 primary services shown). Source: FCC 47 CFR 2.106 / ITU Radio Regulations 2016
5350.000000,5460.000000,ITU,Region 1/2,AERONAUTICAL RADIONAVIGATION,PRIMARY,,,"Satellite phones, VSAT terminals, satellite internet; Radar systems, speed guns, weather radar; Deep space probes, scientific satellites; ILS, VOR, DME, TACAN, instrument landing systems",ITU Radio Regulations,EU/Europe follows ITU Region 1 (largely identical to Region 1/2 primary services shown). Source: FCC 47 CFR 2.106 / ITU Radio Regulations 2016
5350.000000,5460.000000,ITU,Region 1/2,SPACE RESEARCH (active),Secondary,,,"Satellite phones, VSAT terminals, satellite internet; Radar systems, speed guns, weather radar; Deep space probes, scientific satellites; ILS, VOR, DME, TACAN, instrument landing systems",ITU Radio Regulations,EU/Europe follows ITU Region 1 (largely identical to Region 1/2 primary services shown). Source: FCC 47 CFR 2.106 / ITU Radio Regulations 2016
5350.000000,5460.000000,ITU,Region 3,AERONAUTICAL RADIONAVIGATION,PRIMARY,,5.449,"Satellite phones, VSAT terminals, satellite internet; Radar systems, speed guns, weather radar; Deep space probes, scientific satellites; ILS, VOR, DME, TACAN, instrument landing systems",ITU Radio Regulations,EU/Europe follows ITU Region 1 (largely identical to Region 1/2 primary services shown). Source: FCC 47 CFR 2.106 / ITU Radio Regulations 2016
5350.000000,5460.000000,ITU,Region 3,Earth exploration-satellite (active),Secondary,,5.448B,"Satellite phones, VSAT terminals, satellite internet; Radar systems, speed guns, weather radar; Deep space probes, scientific satellites; ILS, VOR, DME, TACAN, instrument landing systems",ITU Radio Regulations,EU/Europe follows ITU Region 1 (largely identical to Region 1/2 primary services shown). Source: FCC 47 CFR 2.106 / ITU Radio Regulations 2016
5350.000000,5460.000000,ITU,Region 3,Radiolocation,Secondary,,,"Satellite phones, VSAT terminals, satellite internet; Radar systems, speed guns, weather radar; Deep space probes, scientific satellites; ILS, VOR, DME, TACAN, instrument landing systems",ITU Radio Regulations,EU/Europe follows ITU Region 1 (largely identical to Region 1/2 primary services shown). Source: FCC 47 CFR 2.106 / ITU Radio Regulations 2016
5350.000000,5460.000000,ITU,Region 3,Space research (active),Secondary,,,"Satellite phones, VSAT terminals, satellite internet; Radar systems, speed guns, weather radar; Deep space probes, scientific satellites; ILS, VOR, DME, TACAN, instrument landing systems",ITU Radio Regulations,EU/Europe follows ITU Region 1 (largely identical to Region 1/2 primary services shown). Source: FCC 47 CFR 2.106 / ITU Radio Regulations 2016
5460.000000,5470.000000,USA,USA,EARTH EXPLORATION-SATELLITE,PRIMARY,,5.448B US49 G130,"GPS receivers, GNSS devices; Satellite phones, VSAT terminals, satellite internet; Radar systems, speed guns, weather radar; Deep space probes, scientific satellites",FCC 47 CFR 2.106 (Federal),EU/Europe follows ITU Region 1 (largely identical to Region 1/2 primary services shown). Source: FCC 47 CFR 2.106 / ITU Radio Regulations 2016
5460.000000,5470.000000,USA,USA,(active),Secondary,,5.448B US49 G130,"GPS receivers, GNSS devices; Satellite phones, VSAT terminals, satellite internet; Radar systems, speed guns, weather radar; Deep space probes, scientific satellites",FCC 47 CFR 2.106 (Federal),EU/Europe follows ITU Region 1 (largely identical to Region 1/2 primary services shown). Source: FCC 47 CFR 2.106 / ITU Radio Regulations 2016
5460.000000,5470.000000,USA,USA,RADIOLOCATION,PRIMARY,,G56 5.448B US49 G130,"GPS receivers, GNSS devices; Satellite phones, VSAT terminals, satellite internet; Radar systems, speed guns, weather radar; Deep space probes, scientific satellites",FCC 47 CFR 2.106 (Federal),EU/Europe follows ITU Region 1 (largely identical to Region 1/2 primary services shown). Source: FCC 47 CFR 2.106 / ITU Radio Regulations 2016
5460.000000,5470.000000,USA,USA,RADIONAVIGATION,PRIMARY,,5.449 US65 5.448B US49 G130,"GPS receivers, GNSS devices; Satellite phones, VSAT terminals, satellite internet; Radar systems, speed guns, weather radar; Deep space probes, scientific satellites",FCC 47 CFR 2.106 (Federal),EU/Europe follows ITU Region 1 (largely identical to Region 1/2 primary services shown). Source: FCC 47 CFR 2.106 / ITU Radio Regulations 2016
5460.000000,5470.000000,USA,USA,SPACE RESEARCH (active),Secondary,,5.448B US49 G130,"GPS receivers, GNSS devices; Satellite phones, VSAT terminals, satellite internet; Radar systems, speed guns, weather radar; Deep space probes, scientific satellites",FCC 47 CFR 2.106 (Federal),EU/Europe follows ITU Region 1 (largely identical to Region 1/2 primary services shown). Source: FCC 47 CFR 2.106 / ITU Radio Regulations 2016
5460.000000,5470.000000,USA,USA,RADIONAVIGATION,PRIMARY,,5.449 US65 5.448B US49,"GPS receivers, GNSS devices; Satellite phones, VSAT terminals, satellite internet; Radar systems, speed guns, weather radar; Deep space probes, scientific satellites",FCC 47 CFR 2.106 (Non-Fed),EU/Europe follows ITU Region 1 (largely identical to Region 1/2 primary services shown). Source: FCC 47 CFR 2.106 / ITU Radio Regulations 2016
5460.000000,5470.000000,USA,USA,Earth exploration-satellite (active),Secondary,,5.448B US49,"GPS receivers, GNSS devices; Satellite phones, VSAT terminals, satellite internet; Radar systems, speed guns, weather radar; Deep space probes, scientific satellites",FCC 47 CFR 2.106 (Non-Fed),EU/Europe follows ITU Region 1 (largely identical to Region 1/2 primary services shown). Source: FCC 47 CFR 2.106 / ITU Radio Regulations 2016
5460.000000,5470.000000,USA,USA,Radiolocation,Secondary,,5.448B US49,"GPS receivers, GNSS devices; Satellite phones, VSAT terminals, satellite internet; Radar systems, speed guns, weather radar; Deep space probes, scientific satellites",FCC 47 CFR 2.106 (Non-Fed),EU/Europe follows ITU Region 1 (largely identical to Region 1/2 primary services shown). Source: FCC 47 CFR 2.106 / ITU Radio Regulations 2016
5460.000000,5470.000000,USA,USA,Space research (active),Secondary,,5.448B US49,"GPS receivers, GNSS devices; Satellite phones, VSAT terminals, satellite internet; Radar systems, speed guns, weather radar; Deep space probes, scientific satellites",FCC 47 CFR 2.106 (Non-Fed),EU/Europe follows ITU Region 1 (largely identical to Region 1/2 primary services shown). Source: FCC 47 CFR 2.106 / ITU Radio Regulations 2016
5470.000000,5570.000000,USA,USA,EARTH EXPLORATION-SATELLITE,PRIMARY,,5.448B US50 G131,"GPS receivers, GNSS devices; Satellite phones, VSAT terminals, satellite internet; Radar systems, speed guns, weather radar; Deep space probes, scientific satellites",FCC 47 CFR 2.106 (Federal),EU/Europe follows ITU Region 1 (largely identical to Region 1/2 primary services shown). Source: FCC 47 CFR 2.106 / ITU Radio Regulations 2016
5470.000000,5570.000000,USA,USA,(active),Secondary,,5.448B US50 G131,"GPS receivers, GNSS devices; Satellite phones, VSAT terminals, satellite internet; Radar systems, speed guns, weather radar; Deep space probes, scientific satellites",FCC 47 CFR 2.106 (Federal),EU/Europe follows ITU Region 1 (largely identical to Region 1/2 primary services shown). Source: FCC 47 CFR 2.106 / ITU Radio Regulations 2016
5470.000000,5570.000000,USA,USA,RADIOLOCATION,PRIMARY,,G56 5.448B US50 G131,"GPS receivers, GNSS devices; Satellite phones, VSAT terminals, satellite internet; Radar systems, speed guns, weather radar; Deep space probes, scientific satellites",FCC 47 CFR 2.106 (Federal),EU/Europe follows ITU Region 1 (largely identical to Region 1/2 primary services shown). Source: FCC 47 CFR 2.106 / ITU Radio Regulations 2016
5470.000000,5570.000000,USA,USA,MARITIME RADIONAVIGATION,PRIMARY,,US65 5.448B US50 G131,"GPS receivers, GNSS devices; Satellite phones, VSAT terminals, satellite internet; Radar systems, speed guns, weather radar; Deep space probes, scientific satellites",FCC 47 CFR 2.106 (Federal),EU/Europe follows ITU Region 1 (largely identical to Region 1/2 primary services shown). Source: FCC 47 CFR 2.106 / ITU Radio Regulations 2016
5470.000000,5570.000000,USA,USA,SPACE RESEARCH (active),Secondary,,5.448B US50 G131,"GPS receivers, GNSS devices; Satellite phones, VSAT terminals, satellite internet; Radar systems, speed guns, weather radar; Deep space probes, scientific satellites",FCC 47 CFR 2.106 (Federal),EU/Europe follows ITU Region 1 (largely identical to Region 1/2 primary services shown). Source: FCC 47 CFR 2.106 / ITU Radio Regulations 2016
5470.000000,5570.000000,USA,USA,RADIOLOCATION,PRIMARY,,US50,"GPS receivers, GNSS devices; Satellite phones, VSAT terminals, satellite internet; Radar systems, speed guns, weather radar; Deep space probes, scientific satellites",FCC 47 CFR 2.106 (Non-Fed),EU/Europe follows ITU Region 1 (largely identical to Region 1/2 primary services shown). Source: FCC 47 CFR 2.106 / ITU Radio Regulations 2016
5470.000000,5570.000000,USA,USA,MARITIME RADIONAVIGATION,PRIMARY,,US65 US50,"GPS receivers, GNSS devices; Satellite phones, VSAT terminals, satellite internet; Radar systems, speed guns, weather radar; Deep space probes, scientific satellites",FCC 47 CFR 2.106 (Non-Fed),EU/Europe follows ITU Region 1 (largely identical to Region 1/2 primary services shown). Source: FCC 47 CFR 2.106 / ITU Radio Regulations 2016
5470.000000,5570.000000,USA,USA,Earth exploration-satellite (active),Secondary,,US50,"GPS receivers, GNSS devices; Satellite phones, VSAT terminals, satellite internet; Radar systems, speed guns, weather radar; Deep space probes, scientific satellites",FCC 47 CFR 2.106 (Non-Fed),EU/Europe follows ITU Region 1 (largely identical to Region 1/2 primary services shown). Source: FCC 47 CFR 2.106 / ITU Radio Regulations 2016
5470.000000,5570.000000,USA,USA,Space research (active),Secondary,,US50,"GPS receivers, GNSS devices; Satellite phones, VSAT terminals, satellite internet; Radar systems, speed guns, weather radar; Deep space probes, scientific satellites",FCC 47 CFR 2.106 (Non-Fed),EU/Europe follows ITU Region 1 (largely identical to Region 1/2 primary services shown). Source: FCC 47 CFR 2.106 / ITU Radio Regulations 2016
5570.000000,5600.000000,USA,USA,RADIOLOCATION,PRIMARY,,G56 US50 G131,"GPS receivers, GNSS devices; Radar systems, speed guns, weather radar",FCC 47 CFR 2.106 (Federal),EU/Europe follows ITU Region 1 (largely identical to Region 1/2 primary services shown). Source: FCC 47 CFR 2.106 / ITU Radio Regulations 2016
5570.000000,5600.000000,USA,USA,MARITIME RADIONAVIGATION,PRIMARY,,US65 US50 G131,"GPS receivers, GNSS devices; Radar systems, speed guns, weather radar",FCC 47 CFR 2.106 (Federal),EU/Europe follows ITU Region 1 (largely identical to Region 1/2 primary services shown). Source: FCC 47 CFR 2.106 / ITU Radio Regulations 2016
5570.000000,5600.000000,USA,USA,RADIOLOCATION,PRIMARY,,US50,"GPS receivers, GNSS devices; Radar systems, speed guns, weather radar",FCC 47 CFR 2.106 (Non-Fed),EU/Europe follows ITU Region 1 (largely identical to Region 1/2 primary services shown). Source: FCC 47 CFR 2.106 / ITU Radio Regulations 2016
5570.000000,5600.000000,USA,USA,MARITIME RADIONAVIGATION,PRIMARY,,US65 US50,"GPS receivers, GNSS devices; Radar systems, speed guns, weather radar",FCC 47 CFR 2.106 (Non-Fed),EU/Europe follows ITU Region 1 (largely identical to Region 1/2 primary services shown). Source: FCC 47 CFR 2.106 / ITU Radio Regulations 2016
5600.000000,5650.000000,USA,USA,METEOROLOGICAL AIDS,PRIMARY,,5.452 US50 G131,"GPS receivers, GNSS devices; Radar systems, speed guns, weather radar; Radiosondes, weather balloons",FCC 47 CFR 2.106 (Federal),EU/Europe follows ITU Region 1 (largely identical to Region 1/2 primary services shown). Source: FCC 47 CFR 2.106 / ITU Radio Regulations 2016
5600.000000,5650.000000,USA,USA,RADIOLOCATION,PRIMARY,,G56 5.452 US50 G131,"GPS receivers, GNSS devices; Radar systems, speed guns, weather radar; Radiosondes, weather balloons",FCC 47 CFR 2.106 (Federal),EU/Europe follows ITU Region 1 (largely identical to Region 1/2 primary services shown). Source: FCC 47 CFR 2.106 / ITU Radio Regulations 2016
5600.000000,5650.000000,USA,USA,MARITIME RADIONAVIGATION,PRIMARY,,US65 5.452 US50 G131,"GPS receivers, GNSS devices; Radar systems, speed guns, weather radar; Radiosondes, weather balloons",FCC 47 CFR 2.106 (Federal),EU/Europe follows ITU Region 1 (largely identical to Region 1/2 primary services shown). Source: FCC 47 CFR 2.106 / ITU Radio Regulations 2016
5600.000000,5650.000000,USA,USA,METEOROLOGICAL AIDS,PRIMARY,,5.452 US50,"GPS receivers, GNSS devices; Radar systems, speed guns, weather radar; Radiosondes, weather balloons",FCC 47 CFR 2.106 (Non-Fed),EU/Europe follows ITU Region 1 (largely identical to Region 1/2 primary services shown). Source: FCC 47 CFR 2.106 / ITU Radio Regulations 2016
5600.000000,5650.000000,USA,USA,RADIOLOCATION,PRIMARY,,5.452 US50,"GPS receivers, GNSS devices; Radar systems, speed guns, weather radar; Radiosondes, weather balloons",FCC 47 CFR 2.106 (Non-Fed),EU/Europe follows ITU Region 1 (largely identical to Region 1/2 primary services shown). Source: FCC 47 CFR 2.106 / ITU Radio Regulations 2016
5600.000000,5650.000000,USA,USA,MARITIME RADIONAVIGATION,PRIMARY,,US65 5.452 US50,"GPS receivers, GNSS devices; Radar systems, speed guns, weather radar; Radiosondes, weather balloons",FCC 47 CFR 2.106 (Non-Fed),EU/Europe follows ITU Region 1 (largely identical to Region 1/2 primary services shown). Source: FCC 47 CFR 2.106 / ITU Radio Regulations 2016
5850.000000,5925.000000,ITU,Region 1/2,FIXED,PRIMARY,,,"Ham radio transceivers, SDR receivers; Point-to-point microwave links, satellite earth stations; Mobile phones, cellular base stations (2G/3G/4G/5G); Radar systems, speed guns, weather radar",ITU Radio Regulations,EU/Europe follows ITU Region 1 (largely identical to Region 1/2 primary services shown). Source: FCC 47 CFR 2.106 / ITU Radio Regulations 2016
5850.000000,5925.000000,ITU,Region 1/2,FIXED-SATELLITE,PRIMARY,,,"Ham radio transceivers, SDR receivers; Point-to-point microwave links, satellite earth stations; Mobile phones, cellular base stations (2G/3G/4G/5G); Radar systems, speed guns, weather radar",ITU Radio Regulations,EU/Europe follows ITU Region 1 (largely identical to Region 1/2 primary services shown). Source: FCC 47 CFR 2.106 / ITU Radio Regulations 2016
5850.000000,5925.000000,ITU,Region 1/2,(Earth-to-space),Secondary,,,"Ham radio transceivers, SDR receivers; Point-to-point microwave links, satellite earth stations; Mobile phones, cellular base stations (2G/3G/4G/5G); Radar systems, speed guns, weather radar",ITU Radio Regulations,EU/Europe follows ITU Region 1 (largely identical to Region 1/2 primary services shown). Source: FCC 47 CFR 2.106 / ITU Radio Regulations 2016
5850.000000,5925.000000,ITU,Region 1/2,MOBILE,PRIMARY,,,"Ham radio transceivers, SDR receivers; Point-to-point microwave links, satellite earth stations; Mobile phones, cellular base stations (2G/3G/4G/5G); Radar systems, speed guns, weather radar",ITU Radio Regulations,EU/Europe follows ITU Region 1 (largely identical to Region 1/2 primary services shown). Source: FCC 47 CFR 2.106 / ITU Radio Regulations 2016
5850.000000,5925.000000,ITU,Region 1/2,Amateur,Secondary,,,"Ham radio transceivers, SDR receivers; Point-to-point microwave links, satellite earth stations; Mobile phones, cellular base stations (2G/3G/4G/5G); Radar systems, speed guns, weather radar",ITU Radio Regulations,EU/Europe follows ITU Region 1 (largely identical to Region 1/2 primary services shown). Source: FCC 47 CFR 2.106 / ITU Radio Regulations 2016
5850.000000,5925.000000,ITU,Region 1/2,Radiolocation,Secondary,,,"Ham radio transceivers, SDR receivers; Point-to-point microwave links, satellite earth stations; Mobile phones, cellular base stations (2G/3G/4G/5G); Radar systems, speed guns, weather radar",ITU Radio Regulations,EU/Europe follows ITU Region 1 (largely identical to Region 1/2 primary services shown). Source: FCC 47 CFR 2.106 / ITU Radio Regulations 2016
5850.000000,5925.000000,ITU,Region 3,FIXED,PRIMARY,,,"Ham radio transceivers, SDR receivers; Point-to-point microwave links, satellite earth stations; Mobile phones, cellular base stations (2G/3G/4G/5G); Radar systems, speed guns, weather radar",ITU Radio Regulations,EU/Europe follows ITU Region 1 (largely identical to Region 1/2 primary services shown). Source: FCC 47 CFR 2.106 / ITU Radio Regulations 2016
5850.000000,5925.000000,ITU,Region 3,FIXED-SATELLITE,PRIMARY,,,"Ham radio transceivers, SDR receivers; Point-to-point microwave links, satellite earth stations; Mobile phones, cellular base stations (2G/3G/4G/5G); Radar systems, speed guns, weather radar",ITU Radio Regulations,EU/Europe follows ITU Region 1 (largely identical to Region 1/2 primary services shown). Source: FCC 47 CFR 2.106 / ITU Radio Regulations 2016
5850.000000,5925.000000,ITU,Region 3,(Earth-to-space),Secondary,,,"Ham radio transceivers, SDR receivers; Point-to-point microwave links, satellite earth stations; Mobile phones, cellular base stations (2G/3G/4G/5G); Radar systems, speed guns, weather radar",ITU Radio Regulations,EU/Europe follows ITU Region 1 (largely identical to Region 1/2 primary services shown). Source: FCC 47 CFR 2.106 / ITU Radio Regulations 2016
5850.000000,5925.000000,ITU,Region 3,MOBILE,PRIMARY,,,"Ham radio transceivers, SDR receivers; Point-to-point microwave links, satellite earth stations; Mobile phones, cellular base stations (2G/3G/4G/5G); Radar systems, speed guns, weather radar",ITU Radio Regulations,EU/Europe follows ITU Region 1 (largely identical to Region 1/2 primary services shown). Source: FCC 47 CFR 2.106 / ITU Radio Regulations 2016
5850.000000,5925.000000,ITU,Region 3,Radiolocation,Secondary,,,"Ham radio transceivers, SDR receivers; Point-to-point microwave links, satellite earth stations; Mobile phones, cellular base stations (2G/3G/4G/5G); Radar systems, speed guns, weather radar",ITU Radio Regulations,EU/Europe follows ITU Region 1 (largely identical to Region 1/2 primary services shown). Source: FCC 47 CFR 2.106 / ITU Radio Regulations 2016
5850.000000,5925.000000,USA,USA,FIXED-SATELLITE (Earth-to-space),Secondary,,US245 5.150,"Ham radio transceivers, SDR receivers; Point-to-point microwave links, satellite earth stations; Mobile phones, cellular base stations (2G/3G/4G/5G); Radar systems, speed guns, weather radar",FCC 47 CFR 2.106 (Non-Fed),EU/Europe follows ITU Region 1 (largely identical to Region 1/2 primary services shown). Source: FCC 47 CFR 2.106 / ITU Radio Regulations 2016
5850.000000,5925.000000,USA,USA,MOBILE,PRIMARY,,NG160 5.150,"Ham radio transceivers, SDR receivers; Point-to-point microwave links, satellite earth stations; Mobile phones, cellular base stations (2G/3G/4G/5G); Radar systems, speed guns, weather radar",FCC 47 CFR 2.106 (Non-Fed),EU/Europe follows ITU Region 1 (largely identical to Region 1/2 primary services shown). Source: FCC 47 CFR 2.106 / ITU Radio Regulations 2016
5850.000000,5925.000000,USA,USA,Amateur,Secondary,,5.150,"Ham radio transceivers, SDR receivers; Point-to-point microwave links, satellite earth stations; Mobile phones, cellular base stations (2G/3G/4G/5G); Radar systems, speed guns, weather radar",FCC 47 CFR 2.106 (Non-Fed),EU/Europe follows ITU Region 1 (largely identical to Region 1/2 primary services shown). Source: FCC 47 CFR 2.106 / ITU Radio Regulations 2016
5925.000000,6425.000000,USA,USA,FIXED,PRIMARY,,NG457A,"Point-to-point microwave links, satellite earth stations",FCC 47 CFR 2.106 (Non-Fed),EU/Europe follows ITU Region 1 (largely identical to Region 1/2 primary services shown). Source: FCC 47 CFR 2.106 / ITU Radio Regulations 2016
5925.000000,6425.000000,USA,USA,FIXED-SATELLITE (Earth-to-space),Secondary,,NG457A,"Point-to-point microwave links, satellite earth stations",FCC 47 CFR 2.106 (Non-Fed),EU/Europe follows ITU Region 1 (largely identical to Region 1/2 primary services shown). Source: FCC 47 CFR 2.106 / ITU Radio Regulations 2016
6425.000000,6525.000000,USA,USA,FIXED-SATELLITE (Earth-to-space),Secondary,,5.440 5.458,"Point-to-point microwave links, satellite earth stations; Mobile phones, cellular base stations (2G/3G/4G/5G)",FCC 47 CFR 2.106 (Non-Fed),EU/Europe follows ITU Region 1 (largely identical to Region 1/2 primary services shown). Source: FCC 47 CFR 2.106 / ITU Radio Regulations 2016
6425.000000,6525.000000,USA,USA,MOBILE,PRIMARY,,5.440 5.458,"Point-to-point microwave links, satellite earth stations; Mobile phones, cellular base stations (2G/3G/4G/5G)",FCC 47 CFR 2.106 (Non-Fed),EU/Europe follows ITU Region 1 (largely identical to Region 1/2 primary services shown). Source: FCC 47 CFR 2.106 / ITU Radio Regulations 2016
6525.000000,6700.000000,USA,USA,FIXED,PRIMARY,,5.458 US342,"Point-to-point microwave links, satellite earth stations",FCC 47 CFR 2.106 (Non-Fed),EU/Europe follows ITU Region 1 (largely identical to Region 1/2 primary services shown). Source: FCC 47 CFR 2.106 / ITU Radio Regulations 2016
6525.000000,6700.000000,USA,USA,FIXED-SATELLITE (Earth-to-space),Secondary,,5.458 US342,"Point-to-point microwave links, satellite earth stations",FCC 47 CFR 2.106 (Non-Fed),EU/Europe follows ITU Region 1 (largely identical to Region 1/2 primary services shown). Source: FCC 47 CFR 2.106 / ITU Radio Regulations 2016
6700.000000,7125.000000,USA,USA,FIXED,PRIMARY,,5.458 5.458A 5.458B,"Point-to-point microwave links, satellite earth stations",FCC 47 CFR 2.106 (Non-Fed),EU/Europe follows ITU Region 1 (largely identical to Region 1/2 primary services shown). Source: FCC 47 CFR 2.106 / ITU Radio Regulations 2016
6700.000000,7125.000000,USA,USA,FIXED-SATELLITE (Earth-to-space),Secondary,,5.458 5.458A 5.458B,"Point-to-point microwave links, satellite earth stations",FCC 47 CFR 2.106 (Non-Fed),EU/Europe follows ITU Region 1 (largely identical to Region 1/2 primary services shown). Source: FCC 47 CFR 2.106 / ITU Radio Regulations 2016
6700.000000,7125.000000,USA,USA,(space-to-Earth),Secondary,,5.441 5.458 5.458A 5.458B,"Point-to-point microwave links, satellite earth stations",FCC 47 CFR 2.106 (Non-Fed),EU/Europe follows ITU Region 1 (largely identical to Region 1/2 primary services shown). Source: FCC 47 CFR 2.106 / ITU Radio Regulations 2016
7125.000000,7145.000000,USA,USA,FIXED,PRIMARY,,5.458 G116,"Point-to-point microwave links, satellite earth stations",FCC 47 CFR 2.106 (Federal),EU/Europe follows ITU Region 1 (largely identical to Region 1/2 primary services shown). Source: FCC 47 CFR 2.106 / ITU Radio Regulations 2016
7145.000000,7190.000000,USA,USA,FIXED,PRIMARY,,5.458 G116,"Point-to-point microwave links, satellite earth stations; Deep space probes, scientific satellites",FCC 47 CFR 2.106 (Federal),EU/Europe follows ITU Region 1 (largely identical to Region 1/2 primary services shown). Source: FCC 47 CFR 2.106 / ITU Radio Regulations 2016
7145.000000,7190.000000,USA,USA,SPACE RESEARCH (deep space)(Earth-to-space),Secondary,,US262 5.458 G116,"Point-to-point microwave links, satellite earth stations; Deep space probes, scientific satellites",FCC 47 CFR 2.106 (Federal),EU/Europe follows ITU Region 1 (largely identical to Region 1/2 primary services shown). Source: FCC 47 CFR 2.106 / ITU Radio Regulations 2016
7190.000000,7235.000000,USA,USA,EARTH EXPLORATION-SATELLITE (Earth-to-space),Secondary,,5.460A 5.460B 5.458 G134,"Point-to-point microwave links, satellite earth stations; Satellite phones, VSAT terminals, satellite internet; Deep space probes, scientific satellites",FCC 47 CFR 2.106 (Federal),EU/Europe follows ITU Region 1 (largely identical to Region 1/2 primary services shown). Source: FCC 47 CFR 2.106 / ITU Radio Regulations 2016
7190.000000,7235.000000,USA,USA,FIXED,PRIMARY,,5.460B 5.458 G134,"Point-to-point microwave links, satellite earth stations; Satellite phones, VSAT terminals, satellite internet; Deep space probes, scientific satellites",FCC 47 CFR 2.106 (Federal),EU/Europe follows ITU Region 1 (largely identical to Region 1/2 primary services shown). Source: FCC 47 CFR 2.106 / ITU Radio Regulations 2016
7190.000000,7235.000000,USA,USA,SPACE RESEARCH (Earth-to-space),Secondary,,5.460 5.460B 5.458 G134,"Point-to-point microwave links, satellite earth stations; Satellite phones, VSAT terminals, satellite internet; Deep space probes, scientific satellites",FCC 47 CFR 2.106 (Federal),EU/Europe follows ITU Region 1 (largely identical to Region 1/2 primary services shown). Source: FCC 47 CFR 2.106 / ITU Radio Regulations 2016
7235.000000,7250.000000,USA,USA,EARTH EXPLORATION-SATELLITE (Earth-to-space),Secondary,,5.460A 5.458,"Point-to-point microwave links, satellite earth stations; Satellite phones, VSAT terminals, satellite internet",FCC 47 CFR 2.106 (Federal),EU/Europe follows ITU Region 1 (largely identical to Region 1/2 primary services shown). Source: FCC 47 CFR 2.106 / ITU Radio Regulations 2016
7235.000000,7250.000000,USA,USA,FIXED,PRIMARY,,5.458,"Point-to-point microwave links, satellite earth stations; Satellite phones, VSAT terminals, satellite internet",FCC 47 CFR 2.106 (Federal),EU/Europe follows ITU Region 1 (largely identical to Region 1/2 primary services shown). Source: FCC 47 CFR 2.106 / ITU Radio Regulations 2016
7250.000000,7300.000000,USA,USA,FIXED-SATELLITE (space-to-Earth),Secondary,,G117,"Point-to-point microwave links, satellite earth stations; Mobile phones, cellular base stations (2G/3G/4G/5G)",FCC 47 CFR 2.106 (Federal),EU/Europe follows ITU Region 1 (largely identical to Region 1/2 primary services shown). Source: FCC 47 CFR 2.106 / ITU Radio Regulations 2016
7250.000000,7300.000000,USA,USA,MOBILE-SATELLITE (space-to-Earth),Secondary,,G117,"Point-to-point microwave links, satellite earth stations; Mobile phones, cellular base stations (2G/3G/4G/5G)",FCC 47 CFR 2.106 (Federal),EU/Europe follows ITU Region 1 (largely identical to Region 1/2 primary services shown). Source: FCC 47 CFR 2.106 / ITU Radio Regulations 2016
7250.000000,7300.000000,USA,USA,Fixed,Secondary,,G117,"Point-to-point microwave links, satellite earth stations; Mobile phones, cellular base stations (2G/3G/4G/5G)",FCC 47 CFR 2.106 (Federal),EU/Europe follows ITU Region 1 (largely identical to Region 1/2 primary services shown). Source: FCC 47 CFR 2.106 / ITU Radio Regulations 2016
7300.000000,7375.000000,USA,USA,FIXED,PRIMARY,,G117,"Point-to-point microwave links, satellite earth stations; Mobile phones, cellular base stations (2G/3G/4G/5G)",FCC 47 CFR 2.106 (Federal),EU/Europe follows ITU Region 1 (largely identical to Region 1/2 primary services shown). Source: FCC 47 CFR 2.106 / ITU Radio Regulations 2016
7300.000000,7375.000000,USA,USA,FIXED-SATELLITE (space-to-Earth),Secondary,,G117,"Point-to-point microwave links, satellite earth stations; Mobile phones, cellular base stations (2G/3G/4G/5G)",FCC 47 CFR 2.106 (Federal),EU/Europe follows ITU Region 1 (largely identical to Region 1/2 primary services shown). Source: FCC 47 CFR 2.106 / ITU Radio Regulations 2016
7300.000000,7375.000000,USA,USA,Mobile-satellite (space-to-Earth),Secondary,,G117,"Point-to-point microwave links, satellite earth stations; Mobile phones, cellular base stations (2G/3G/4G/5G)",FCC 47 CFR 2.106 (Federal),EU/Europe follows ITU Region 1 (largely identical to Region 1/2 primary services shown). Source: FCC 47 CFR 2.106 / ITU Radio Regulations 2016
7375.000000,7450.000000,USA,USA,FIXED,PRIMARY,,5.461AB G117,"Point-to-point microwave links, satellite earth stations; Mobile phones, cellular base stations (2G/3G/4G/5G)",FCC 47 CFR 2.106 (Federal),EU/Europe follows ITU Region 1 (largely identical to Region 1/2 primary services shown). Source: FCC 47 CFR 2.106 / ITU Radio Regulations 2016
7375.000000,7450.000000,USA,USA,FIXED-SATELLITE (space-to-Earth),Secondary,,5.461AB G117,"Point-to-point microwave links, satellite earth stations; Mobile phones, cellular base stations (2G/3G/4G/5G)",FCC 47 CFR 2.106 (Federal),EU/Europe follows ITU Region 1 (largely identical to Region 1/2 primary services shown). Source: FCC 47 CFR 2.106 / ITU Radio Regulations 2016
7375.000000,7450.000000,USA,USA,MOBILE except aeronautical mobile,Secondary,,5.461AB G117,"Point-to-point microwave links, satellite earth stations; Mobile phones, cellular base stations (2G/3G/4G/5G)",FCC 47 CFR 2.106 (Federal),EU/Europe follows ITU Region 1 (largely identical to Region 1/2 primary services shown). Source: FCC 47 CFR 2.106 / ITU Radio Regulations 2016
7375.000000,7450.000000,USA,USA,MARITIME MOBILE-SATELLITE (space-to-Earth),Secondary,,5.461AA 5.461AB G117,"Point-to-point microwave links, satellite earth stations; Mobile phones, cellular base stations (2G/3G/4G/5G)",FCC 47 CFR 2.106 (Federal),EU/Europe follows ITU Region 1 (largely identical to Region 1/2 primary services shown). Source: FCC 47 CFR 2.106 / ITU Radio Regulations 2016
7375.000000,7450.000000,USA,USA,Mobile-satellite except maritime mobile-satellite (space-to-Earth),Secondary,,5.461AB G117,"Point-to-point microwave links, satellite earth stations; Mobile phones, cellular base stations (2G/3G/4G/5G)",FCC 47 CFR 2.106 (Federal),EU/Europe follows ITU Region 1 (largely identical to Region 1/2 primary services shown). Source: FCC 47 CFR 2.106 / ITU Radio Regulations 2016
7450.000000,7550.000000,USA,USA,FIXED,PRIMARY,,5.461AB G104 G117,"Point-to-point microwave links, satellite earth stations; Satellite phones, VSAT terminals, satellite internet; Mobile phones, cellular base stations (2G/3G/4G/5G)",FCC 47 CFR 2.106 (Federal),EU/Europe follows ITU Region 1 (largely identical to Region 1/2 primary services shown). Source: FCC 47 CFR 2.106 / ITU Radio Regulations 2016
7450.000000,7550.000000,USA,USA,FIXED-SATELLITE (space-to-Earth),Secondary,,5.461AB G104 G117,"Point-to-point microwave links, satellite earth stations; Satellite phones, VSAT terminals, satellite internet; Mobile phones, cellular base stations (2G/3G/4G/5G)",FCC 47 CFR 2.106 (Federal),EU/Europe follows ITU Region 1 (largely identical to Region 1/2 primary services shown). Source: FCC 47 CFR 2.106 / ITU Radio Regulations 2016
7450.000000,7550.000000,USA,USA,METEOROLOGICAL-SATELLITE (space-to-Earth),Secondary,,5.461AB G104 G117,"Point-to-point microwave links, satellite earth stations; Satellite phones, VSAT terminals, satellite internet; Mobile phones, cellular base stations (2G/3G/4G/5G)",FCC 47 CFR 2.106 (Federal),EU/Europe follows ITU Region 1 (largely identical to Region 1/2 primary services shown). Source: FCC 47 CFR 2.106 / ITU Radio Regulations 2016
7450.000000,7550.000000,USA,USA,MARITIME MOBILE-SATELLITE (space-to-Earth),Secondary,,5.461AA 5.461AB G104 G117,"Point-to-point microwave links, satellite earth stations; Satellite phones, VSAT terminals, satellite internet; Mobile phones, cellular base stations (2G/3G/4G/5G)",FCC 47 CFR 2.106 (Federal),EU/Europe follows ITU Region 1 (largely identical to Region 1/2 primary services shown). Source: FCC 47 CFR 2.106 / ITU Radio Regulations 2016
7450.000000,7550.000000,USA,USA,Mobile-satellite except maritime mobile-satellite (space-to-Earth),Secondary,,5.461AB G104 G117,"Point-to-point microwave links, satellite earth stations; Satellite phones, VSAT terminals, satellite internet; Mobile phones, cellular base stations (2G/3G/4G/5G)",FCC 47 CFR 2.106 (Federal),EU/Europe follows ITU Region 1 (largely identical to Region 1/2 primary services shown). Source: FCC 47 CFR 2.106 / ITU Radio Regulations 2016
7550.000000,7750.000000,ITU,Region 1/2,FIXED,PRIMARY,,,"Point-to-point microwave links, satellite earth stations; Mobile phones, cellular base stations (2G/3G/4G/5G)",ITU Radio Regulations,EU/Europe follows ITU Region 1 (largely identical to Region 1/2 primary services shown). Source: FCC 47 CFR 2.106 / ITU Radio Regulations 2016
7550.000000,7750.000000,ITU,Region 1/2,FIXED-SATELLITE (space-to-Earth),Secondary,,,"Point-to-point microwave links, satellite earth stations; Mobile phones, cellular base stations (2G/3G/4G/5G)",ITU Radio Regulations,EU/Europe follows ITU Region 1 (largely identical to Region 1/2 primary services shown). Source: FCC 47 CFR 2.106 / ITU Radio Regulations 2016
7550.000000,7750.000000,ITU,Region 1/2,MARITIME MOBILE-SATELLITE (space-to-Earth),Secondary,,5.461AA,"Point-to-point microwave links, satellite earth stations; Mobile phones, cellular base stations (2G/3G/4G/5G)",ITU Radio Regulations,EU/Europe follows ITU Region 1 (largely identical to Region 1/2 primary services shown). Source: FCC 47 CFR 2.106 / ITU Radio Regulations 2016
7550.000000,7750.000000,ITU,Region 1/2,Mobile-satellite except maritime mobile-satellite (space-to-Earth),Secondary,,,"Point-to-point microwave links, satellite earth stations; Mobile phones, cellular base stations (2G/3G/4G/5G)",ITU Radio Regulations,EU/Europe follows ITU Region 1 (largely identical to Region 1/2 primary services shown). Source: FCC 47 CFR 2.106 / ITU Radio Regulations 2016
7750.000000,7900.000000,ITU,Region 1/2,FIXED,PRIMARY,,,"Point-to-point microwave links, satellite earth stations; Satellite phones, VSAT terminals, satellite internet",ITU Radio Regulations,EU/Europe follows ITU Region 1 (largely identical to Region 1/2 primary services shown). Source: FCC 47 CFR 2.106 / ITU Radio Regulations 2016
7750.000000,7900.000000,ITU,Region 1/2,METEOROLOGICAL-SATELLITE (space-to-Earth),Secondary,,5.461B,"Point-to-point microwave links, satellite earth stations; Satellite phones, VSAT terminals, satellite internet",ITU Radio Regulations,EU/Europe follows ITU Region 1 (largely identical to Region 1/2 primary services shown). Source: FCC 47 CFR 2.106 / ITU Radio Regulations 2016
7900.000000,8025.000000,ITU,Region 1/2,FIXED-SATELLITE (Earth-to-space),Secondary,,,"Point-to-point microwave links, satellite earth stations; Mobile phones, cellular base stations (2G/3G/4G/5G)",ITU Radio Regulations,EU/Europe follows ITU Region 1 (largely identical to Region 1/2 primary services shown). Source: FCC 47 CFR 2.106 / ITU Radio Regulations 2016
7900.000000,8025.000000,ITU,Region 1/2,MOBILE-SATELLITE (Earth-to-space),Secondary,,,"Point-to-point microwave links, satellite earth stations; Mobile phones, cellular base stations (2G/3G/4G/5G)",ITU Radio Regulations,EU/Europe follows ITU Region 1 (largely identical to Region 1/2 primary services shown). Source: FCC 47 CFR 2.106 / ITU Radio Regulations 2016
7900.000000,8025.000000,ITU,Region 1/2,Fixed,Secondary,,,"Point-to-point microwave links, satellite earth stations; Mobile phones, cellular base stations (2G/3G/4G/5G)",ITU Radio Regulations,EU/Europe follows ITU Region 1 (largely identical to Region 1/2 primary services shown). Source: FCC 47 CFR 2.106 / ITU Radio Regulations 2016
8025.000000,8175.000000,ITU,Region 1/2,EARTH EXPLORATION-SATELLITE (space-to-Earth),Secondary,,,"Point-to-point microwave links, satellite earth stations; Satellite phones, VSAT terminals, satellite internet; Mobile phones, cellular base stations (2G/3G/4G/5G)",ITU Radio Regulations,EU/Europe follows ITU Region 1 (largely identical to Region 1/2 primary services shown). Source: FCC 47 CFR 2.106 / ITU Radio Regulations 2016
8025.000000,8175.000000,ITU,Region 1/2,FIXED,PRIMARY,,,"Point-to-point microwave links, satellite earth stations; Satellite phones, VSAT terminals, satellite internet; Mobile phones, cellular base stations (2G/3G/4G/5G)",ITU Radio Regulations,EU/Europe follows ITU Region 1 (largely identical to Region 1/2 primary services shown). Source: FCC 47 CFR 2.106 / ITU Radio Regulations 2016
8025.000000,8175.000000,ITU,Region 1/2,FIXED-SATELLITE (Earth-to-space),Secondary,,,"Point-to-point microwave links, satellite earth stations; Satellite phones, VSAT terminals, satellite internet; Mobile phones, cellular base stations (2G/3G/4G/5G)",ITU Radio Regulations,EU/Europe follows ITU Region 1 (largely identical to Region 1/2 primary services shown). Source: FCC 47 CFR 2.106 / ITU Radio Regulations 2016
8025.000000,8175.000000,ITU,Region 1/2,Mobile-satellite (Earth-to-space)(no airborne transmissions),Secondary,,,"Point-to-point microwave links, satellite earth stations; Satellite phones, VSAT terminals, satellite internet; Mobile phones, cellular base stations (2G/3G/4G/5G)",ITU Radio Regulations,EU/Europe follows ITU Region 1 (largely identical to Region 1/2 primary services shown). Source: FCC 47 CFR 2.106 / ITU Radio Regulations 2016
8175.000000,8215.000000,ITU,Region 1/2,EARTH EXPLORATION-SATELLITE (space-to-Earth),Secondary,,,"Point-to-point microwave links, satellite earth stations; Satellite phones, VSAT terminals, satellite internet; Mobile phones, cellular base stations (2G/3G/4G/5G)",ITU Radio Regulations,EU/Europe follows ITU Region 1 (largely identical to Region 1/2 primary services shown). Source: FCC 47 CFR 2.106 / ITU Radio Regulations 2016
8175.000000,8215.000000,ITU,Region 1/2,FIXED,PRIMARY,,,"Point-to-point microwave links, satellite earth stations; Satellite phones, VSAT terminals, satellite internet; Mobile phones, cellular base stations (2G/3G/4G/5G)",ITU Radio Regulations,EU/Europe follows ITU Region 1 (largely identical to Region 1/2 primary services shown). Source: FCC 47 CFR 2.106 / ITU Radio Regulations 2016
8175.000000,8215.000000,ITU,Region 1/2,FIXED-SATELLITE (Earth-to-space),Secondary,,,"Point-to-point microwave links, satellite earth stations; Satellite phones, VSAT terminals, satellite internet; Mobile phones, cellular base stations (2G/3G/4G/5G)",ITU Radio Regulations,EU/Europe follows ITU Region 1 (largely identical to Region 1/2 primary services shown). Source: FCC 47 CFR 2.106 / ITU Radio Regulations 2016
8175.000000,8215.000000,ITU,Region 1/2,METEOROLOGICAL-SATELLITE (Earth-to-space),Secondary,,,"Point-to-point microwave links, satellite earth stations; Satellite phones, VSAT terminals, satellite internet; Mobile phones, cellular base stations (2G/3G/4G/5G)",ITU Radio Regulations,EU/Europe follows ITU Region 1 (largely identical to Region 1/2 primary services shown). Source: FCC 47 CFR 2.106 / ITU Radio Regulations 2016
8175.000000,8215.000000,ITU,Region 1/2,Mobile-satellite (Earth-to-space)(no airborne transmissions),Secondary,,,"Point-to-point microwave links, satellite earth stations; Satellite phones, VSAT terminals, satellite internet; Mobile phones, cellular base stations (2G/3G/4G/5G)",ITU Radio Regulations,EU/Europe follows ITU Region 1 (largely identical to Region 1/2 primary services shown). Source: FCC 47 CFR 2.106 / ITU Radio Regulations 2016
8215.000000,8400.000000,ITU,Region 1/2,EARTH EXPLORATION-SATELLITE (space-to-Earth),Secondary,,,"Point-to-point microwave links, satellite earth stations; Satellite phones, VSAT terminals, satellite internet; Mobile phones, cellular base stations (2G/3G/4G/5G)",ITU Radio Regulations,EU/Europe follows ITU Region 1 (largely identical to Region 1/2 primary services shown). Source: FCC 47 CFR 2.106 / ITU Radio Regulations 2016
8215.000000,8400.000000,ITU,Region 1/2,FIXED,PRIMARY,,,"Point-to-point microwave links, satellite earth stations; Satellite phones, VSAT terminals, satellite internet; Mobile phones, cellular base stations (2G/3G/4G/5G)",ITU Radio Regulations,EU/Europe follows ITU Region 1 (largely identical to Region 1/2 primary services shown). Source: FCC 47 CFR 2.106 / ITU Radio Regulations 2016
8215.000000,8400.000000,ITU,Region 1/2,FIXED-SATELLITE (Earth-to-space),Secondary,,,"Point-to-point microwave links, satellite earth stations; Satellite phones, VSAT terminals, satellite internet; Mobile phones, cellular base stations (2G/3G/4G/5G)",ITU Radio Regulations,EU/Europe follows ITU Region 1 (largely identical to Region 1/2 primary services shown). Source: FCC 47 CFR 2.106 / ITU Radio Regulations 2016
8215.000000,8400.000000,ITU,Region 1/2,Mobile-satellite (Earth-to-space)(no airborne transmissions),Secondary,,,"Point-to-point microwave links, satellite earth stations; Satellite phones, VSAT terminals, satellite internet; Mobile phones, cellular base stations (2G/3G/4G/5G)",ITU Radio Regulations,EU/Europe follows ITU Region 1 (largely identical to Region 1/2 primary services shown). Source: FCC 47 CFR 2.106 / ITU Radio Regulations 2016
8400.000000,8450.000000,ITU,Region 1/2,FIXED,PRIMARY,,,"Point-to-point microwave links, satellite earth stations; Deep space probes, scientific satellites",ITU Radio Regulations,EU/Europe follows ITU Region 1 (largely identical to Region 1/2 primary services shown). Source: FCC 47 CFR 2.106 / ITU Radio Regulations 2016
8400.000000,8450.000000,ITU,Region 1/2,SPACE RESEARCH (deep space)(space-to-Earth),Secondary,,,"Point-to-point microwave links, satellite earth stations; Deep space probes, scientific satellites",ITU Radio Regulations,EU/Europe follows ITU Region 1 (largely identical to Region 1/2 primary services shown). Source: FCC 47 CFR 2.106 / ITU Radio Regulations 2016
8400.000000,8450.000000,ITU,Region 3,Space research (deep space),Secondary,,,"Point-to-point microwave links, satellite earth stations; Deep space probes, scientific satellites",ITU Radio Regulations,EU/Europe follows ITU Region 1 (largely identical to Region 1/2 primary services shown). Source: FCC 47 CFR 2.106 / ITU Radio Regulations 2016
8400.000000,8450.000000,ITU,Region 3,(space-to-Earth),Secondary,,,"Point-to-point microwave links, satellite earth stations; Deep space probes, scientific satellites",ITU Radio Regulations,EU/Europe follows ITU Region 1 (largely identical to Region 1/2 primary services shown). Source: FCC 47 CFR 2.106 / ITU Radio Regulations 2016
8450.000000,8500.000000,ITU,Region 1/2,FIXED,PRIMARY,,,"Point-to-point microwave links, satellite earth stations; Deep space probes, scientific satellites",ITU Radio Regulations,EU/Europe follows ITU Region 1 (largely identical to Region 1/2 primary services shown). Source: FCC 47 CFR 2.106 / ITU Radio Regulations 2016
8450.000000,8500.000000,ITU,Region 1/2,SPACE RESEARCH (space-to-Earth),Secondary,,,"Point-to-point microwave links, satellite earth stations; Deep space probes, scientific satellites",ITU Radio Regulations,EU/Europe follows ITU Region 1 (largely identical to Region 1/2 primary services shown). Source: FCC 47 CFR 2.106 / ITU Radio Regulations 2016
8450.000000,8500.000000,ITU,Region 3,SPACE RESEARCH (space-to-Earth),Secondary,,,"Point-to-point microwave links, satellite earth stations; Deep space probes, scientific satellites",ITU Radio Regulations,EU/Europe follows ITU Region 1 (largely identical to Region 1/2 primary services shown). Source: FCC 47 CFR 2.106 / ITU Radio Regulations 2016
8500.000000,8550.000000,ITU,Region 1/2,RADIOLOCATION,PRIMARY,,G59,"Radar systems, speed guns, weather radar",ITU Radio Regulations,EU/Europe follows ITU Region 1 (largely identical to Region 1/2 primary services shown). Source: FCC 47 CFR 2.106 / ITU Radio Regulations 2016
8500.000000,8550.000000,ITU,Region 3,Radiolocation,Secondary,,,"Radar systems, speed guns, weather radar",ITU Radio Regulations,EU/Europe follows ITU Region 1 (largely identical to Region 1/2 primary services shown). Source: FCC 47 CFR 2.106 / ITU Radio Regulations 2016
8550.000000,8650.000000,ITU,Region 1/2,EARTH EXPLORATION-SATELLITE (active),Secondary,,,"Satellite phones, VSAT terminals, satellite internet; Radar systems, speed guns, weather radar; Deep space probes, scientific satellites",ITU Radio Regulations,EU/Europe follows ITU Region 1 (largely identical to Region 1/2 primary services shown). Source: FCC 47 CFR 2.106 / ITU Radio Regulations 2016
8550.000000,8650.000000,ITU,Region 1/2,RADIOLOCATION,PRIMARY,,G59,"Satellite phones, VSAT terminals, satellite internet; Radar systems, speed guns, weather radar; Deep space probes, scientific satellites",ITU Radio Regulations,EU/Europe follows ITU Region 1 (largely identical to Region 1/2 primary services shown). Source: FCC 47 CFR 2.106 / ITU Radio Regulations 2016
8550.000000,8650.000000,ITU,Region 1/2,SPACE RESEARCH (active),Secondary,,,"Satellite phones, VSAT terminals, satellite internet; Radar systems, speed guns, weather radar; Deep space probes, scientific satellites",ITU Radio Regulations,EU/Europe follows ITU Region 1 (largely identical to Region 1/2 primary services shown). Source: FCC 47 CFR 2.106 / ITU Radio Regulations 2016
8550.000000,8650.000000,ITU,Region 3,Earth exploration-satellite (active),Secondary,,,"Satellite phones, VSAT terminals, satellite internet; Radar systems, speed guns, weather radar; Deep space probes, scientific satellites",ITU Radio Regulations,EU/Europe follows ITU Region 1 (largely identical to Region 1/2 primary services shown). Source: FCC 47 CFR 2.106 / ITU Radio Regulations 2016
8550.000000,8650.000000,ITU,Region 3,Radiolocation,Secondary,,,"Satellite phones, VSAT terminals, satellite internet; Radar systems, speed guns, weather radar; Deep space probes, scientific satellites",ITU Radio Regulations,EU/Europe follows ITU Region 1 (largely identical to Region 1/2 primary services shown). Source: FCC 47 CFR 2.106 / ITU Radio Regulations 2016
8550.000000,8650.000000,ITU,Region 3,Space research (active),Secondary,,,"Satellite phones, VSAT terminals, satellite internet; Radar systems, speed guns, weather radar; Deep space probes, scientific satellites",ITU Radio Regulations,EU/Europe follows ITU Region 1 (largely identical to Region 1/2 primary services shown). Source: FCC 47 CFR 2.106 / ITU Radio Regulations 2016
26.957000,27.283000,ITU,Region 1/2,FIXED,PRIMARY,,,Citizens Band radios; RC toys; ISM industrial heaters; some baby monitors,ITU Radio Regulations,ISM band 27 MHz worldwide. Source: ITU RR Footnote 5.150 / FCC Part 15 / Part 95
26.957000,27.283000,ITU,Region 1/2,MOBILE,PRIMARY,,,Citizens Band radios; RC toys; ISM industrial heaters; some baby monitors,ITU Radio Regulations,ISM band 27 MHz worldwide. Source: ITU RR Footnote 5.150 / FCC Part 15 / Part 95
26.957000,27.283000,ITU,Region 1/2,ISM,PRIMARY,,,Citizens Band radios; RC toys; ISM industrial heaters; some baby monitors,ITU Radio Regulations,ISM band 27 MHz worldwide. Source: ITU RR Footnote 5.150 / FCC Part 15 / Part 95
26.957000,27.283000,ITU,Region 3,FIXED,PRIMARY,,,Citizens Band radios; RC toys; ISM industrial heaters; some baby monitors,ITU Radio Regulations,ISM band 27 MHz worldwide. Source: ITU RR Footnote 5.150 / FCC Part 15 / Part 95
26.957000,27.283000,ITU,Region 3,MOBILE,PRIMARY,,,Citizens Band radios; RC toys; ISM industrial heaters; some baby monitors,ITU Radio Regulations,ISM band 27 MHz worldwide. Source: ITU RR Footnote 5.150 / FCC Part 15 / Part 95
26.957000,27.283000,ITU,Region 3,ISM,PRIMARY,,,Citizens Band radios; RC toys; ISM industrial heaters; some baby monitors,ITU Radio Regulations,ISM band 27 MHz worldwide. Source: ITU RR Footnote 5.150 / FCC Part 15 / Part 95
26.957000,27.283000,USA,USA,FIXED,PRIMARY,,US19 US25,Citizens Band radios; RC toys; ISM industrial heaters; some baby monitors,FCC 47 CFR 2.106 (Federal),ISM band 27 MHz worldwide. Source: ITU RR Footnote 5.150 / FCC Part 15 / Part 95
26.957000,27.283000,USA,USA,MOBILE,PRIMARY,,US19 US25,Citizens Band radios; RC toys; ISM industrial heaters; some baby monitors,FCC 47 CFR 2.106 (Federal),ISM band 27 MHz worldwide. Source: ITU RR Footnote 5.150 / FCC Part 15 / Part 95
26.957000,27.283000,USA,USA,RADIOLOCATION,PRIMARY,,US19 US25,Citizens Band radios; RC toys; ISM industrial heaters; some baby monitors,FCC 47 CFR 2.106 (Federal),ISM band 27 MHz worldwide. Source: ITU RR Footnote 5.150 / FCC Part 15 / Part 95
26.957000,27.283000,USA,USA,ISM,PRIMARY,,NG124,Citizens Band radios; RC toys; ISM industrial heaters; some baby monitors,FCC 47 CFR 2.106 (Non-Fed),ISM band 27 MHz worldwide. Source: ITU RR Footnote 5.150 / FCC Part 15 / Part 95
26.957000,27.283000,USA,USA,CB radio (channels 1-40),Secondary,,NG124,Citizens Band radios; RC toys; ISM industrial heaters; some baby monitors,FCC 47 CFR 2.106 (Non-Fed),ISM band 27 MHz worldwide. Source: ITU RR Footnote 5.150 / FCC Part 15 / Part 95
40.660000,40.700000,ITU,Region 1/2,FIXED,PRIMARY,,,ISM medical/industrial devices; RC models (40 MHz band); pagers,ITU Radio Regulations,ISM band 40.68 MHz worldwide. Source: ITU RR Footnote 5.150 / FCC Part 18
40.660000,40.700000,ITU,Region 1/2,MOBILE,PRIMARY,,,ISM medical/industrial devices; RC models (40 MHz band); pagers,ITU Radio Regulations,ISM band 40.68 MHz worldwide. Source: ITU RR Footnote 5.150 / FCC Part 18
40.660000,40.700000,ITU,Region 1/2,ISM,PRIMARY,,,ISM medical/industrial devices; RC models (40 MHz band); pagers,ITU Radio Regulations,ISM band 40.68 MHz worldwide. Source: ITU RR Footnote 5.150 / FCC Part 18
40.660000,40.700000,ITU,Region 3,FIXED,PRIMARY,,,ISM medical/industrial devices; RC models (40 MHz band); pagers,ITU Radio Regulations,ISM band 40.68 MHz worldwide. Source: ITU RR Footnote 5.150 / FCC Part 18
40.660000,40.700000,ITU,Region 3,MOBILE,PRIMARY,,,ISM medical/industrial devices; RC models (40 MHz band); pagers,ITU Radio Regulations,ISM band 40.68 MHz worldwide. Source: ITU RR Footnote 5.150 / FCC Part 18
40.660000,40.700000,ITU,Region 3,ISM,PRIMARY,,,ISM medical/industrial devices; RC models (40 MHz band); pagers,ITU Radio Regulations,ISM band 40.68 MHz worldwide. Source: ITU RR Footnote 5.150 / FCC Part 18
40.660000,40.700000,USA,USA,FIXED,PRIMARY,,US210,ISM medical/industrial devices; RC models (40 MHz band); pagers,FCC 47 CFR 2.106 (Federal),ISM band 40.68 MHz worldwide. Source: ITU RR Footnote 5.150 / FCC Part 18
40.660000,40.700000,USA,USA,MOBILE,PRIMARY,,US210,ISM medical/industrial devices; RC models (40 MHz band); pagers,FCC 47 CFR 2.106 (Federal),ISM band 40.68 MHz worldwide. Source: ITU RR Footnote 5.150 / FCC Part 18
40.660000,40.700000,USA,USA,Industrial ISM,Secondary,,NG124,ISM medical/industrial devices; RC models (40 MHz band); pagers,FCC 47 CFR 2.106 (Non-Fed),ISM band 40.68 MHz worldwide. Source: ITU RR Footnote 5.150 / FCC Part 18
40.660000,40.700000,USA,USA,Low-power devices,Secondary,,NG124,ISM medical/industrial devices; RC models (40 MHz band); pagers,FCC 47 CFR 2.106 (Non-Fed),ISM band 40.68 MHz worldwide. Source: ITU RR Footnote 5.150 / FCC Part 18
50.000000,54.000000,ITU,Region 1/2,AMATEUR (Region 1 secondary,Secondary,,,6m amateur band; ham radio repeaters; meteor scatter; sporadic-E DX,ITU Radio Regulations,Amateur radio 6m band. Source: ITU RR / ARRL band plan
50.000000,54.000000,ITU,Region 1/2,Region 2 primary),Secondary,,,6m amateur band; ham radio repeaters; meteor scatter; sporadic-E DX,ITU Radio Regulations,Amateur radio 6m band. Source: ITU RR / ARRL band plan
50.000000,54.000000,ITU,Region 3,AMATEUR,PRIMARY,,,6m amateur band; ham radio repeaters; meteor scatter; sporadic-E DX,ITU Radio Regulations,Amateur radio 6m band. Source: ITU RR / ARRL band plan
50.000000,54.000000,ITU,Region 3,FIXED,PRIMARY,,,6m amateur band; ham radio repeaters; meteor scatter; sporadic-E DX,ITU Radio Regulations,Amateur radio 6m band. Source: ITU RR / ARRL band plan
50.000000,54.000000,ITU,Region 3,MOBILE,PRIMARY,,,6m amateur band; ham radio repeaters; meteor scatter; sporadic-E DX,ITU Radio Regulations,Amateur radio 6m band. Source: ITU RR / ARRL band plan
50.000000,54.000000,USA,USA,n/a,Secondary,,,6m amateur band; ham radio repeaters; meteor scatter; sporadic-E DX,FCC 47 CFR 2.106 (Federal),Amateur radio 6m band. Source: ITU RR / ARRL band plan
50.000000,54.000000,USA,USA,AMATEUR,PRIMARY,,,6m amateur band; ham radio repeaters; meteor scatter; sporadic-E DX,FCC 47 CFR 2.106 (Non-Fed),Amateur radio 6m band. Source: ITU RR / ARRL band plan
87.500000,108.000000,ITU,Region 1/2,BROADCASTING (FM),PRIMARY,,,FM broadcast radio; FM transmitters for cars; pirate radio,ITU Radio Regulations,FM broadcast worldwide. Source: ITU RR / FCC Part 73
87.500000,108.000000,ITU,Region 3,BROADCASTING,PRIMARY,,,FM broadcast radio; FM transmitters for cars; pirate radio,ITU Radio Regulations,FM broadcast worldwide. Source: ITU RR / FCC Part 73
87.500000,108.000000,USA,USA,BROADCASTING,PRIMARY,,,FM broadcast radio; FM transmitters for cars; pirate radio,FCC 47 CFR 2.106 (Federal),FM broadcast worldwide. Source: ITU RR / FCC Part 73
87.500000,108.000000,USA,USA,BROADCASTING,PRIMARY,,NG124,FM broadcast radio; FM transmitters for cars; pirate radio,FCC 47 CFR 2.106 (Non-Fed),FM broadcast worldwide. Source: ITU RR / FCC Part 73
118.000000,137.000000,ITU,Region 1/2,AERONAUTICAL MOBILE (R),PRIMARY,,,Air traffic control voice; airband receivers; aircraft VHF,ITU Radio Regulations,Civil aviation VHF voice. Source: ITU RR 5.200
118.000000,137.000000,ITU,Region 3,AERONAUTICAL MOBILE (R),PRIMARY,,,Air traffic control voice; airband receivers; aircraft VHF,ITU Radio Regulations,Civil aviation VHF voice. Source: ITU RR 5.200
118.000000,137.000000,USA,USA,AERONAUTICAL MOBILE (R),PRIMARY,,,Air traffic control voice; airband receivers; aircraft VHF,FCC 47 CFR 2.106 (Federal),Civil aviation VHF voice. Source: ITU RR 5.200
118.000000,137.000000,USA,USA,AERONAUTICAL MOBILE (R),PRIMARY,,,Air traffic control voice; airband receivers; aircraft VHF,FCC 47 CFR 2.106 (Non-Fed),Civil aviation VHF voice. Source: ITU RR 5.200
144.000000,146.000000,ITU,Region 1/2,AMATEUR,PRIMARY,,,2m amateur band; ham repeaters; APRS; satellite uplinks,ITU Radio Regulations,Amateur radio 2m band worldwide. Source: ITU RR / IARU band plan
144.000000,146.000000,ITU,Region 1/2,AMATEUR-SATELLITE,PRIMARY,,,2m amateur band; ham repeaters; APRS; satellite uplinks,ITU Radio Regulations,Amateur radio 2m band worldwide. Source: ITU RR / IARU band plan
144.000000,146.000000,ITU,Region 3,AMATEUR,PRIMARY,,,2m amateur band; ham repeaters; APRS; satellite uplinks,ITU Radio Regulations,Amateur radio 2m band worldwide. Source: ITU RR / IARU band plan
144.000000,146.000000,ITU,Region 3,AMATEUR-SATELLITE,PRIMARY,,,2m amateur band; ham repeaters; APRS; satellite uplinks,ITU Radio Regulations,Amateur radio 2m band worldwide. Source: ITU RR / IARU band plan
144.000000,146.000000,USA,USA,n/a,Secondary,,,2m amateur band; ham repeaters; APRS; satellite uplinks,FCC 47 CFR 2.106 (Federal),Amateur radio 2m band worldwide. Source: ITU RR / IARU band plan
144.000000,146.000000,USA,USA,AMATEUR,PRIMARY,,,2m amateur band; ham repeaters; APRS; satellite uplinks,FCC 47 CFR 2.106 (Non-Fed),Amateur radio 2m band worldwide. Source: ITU RR / IARU band plan
144.000000,146.000000,USA,USA,AMATEUR-SATELLITE,PRIMARY,,,2m amateur band; ham repeaters; APRS; satellite uplinks,FCC 47 CFR 2.106 (Non-Fed),Amateur radio 2m band worldwide. Source: ITU RR / IARU band plan
156.000000,162.050000,ITU,Region 1/2,MARITIME MOBILE (VHF),PRIMARY,,,Marine VHF radios; DSC; AIS (161.975 + 162.025),ITU Radio Regulations,Marine VHF including AIS. Source: ITU RR App. 18
156.000000,162.050000,ITU,Region 3,MARITIME MOBILE,PRIMARY,,,Marine VHF radios; DSC; AIS (161.975 + 162.025),ITU Radio Regulations,Marine VHF including AIS. Source: ITU RR App. 18
156.000000,162.050000,USA,USA,MARITIME MOBILE,PRIMARY,,,Marine VHF radios; DSC; AIS (161.975 + 162.025),FCC 47 CFR 2.106 (Federal),Marine VHF including AIS. Source: ITU RR App. 18
156.000000,162.050000,USA,USA,MARITIME MOBILE,PRIMARY,,,Marine VHF radios; DSC; AIS (161.975 + 162.025),FCC 47 CFR 2.106 (Non-Fed),Marine VHF including AIS. Source: ITU RR App. 18
174.000000,216.000000,ITU,Region 1/2,BROADCASTING (DVB-T VHF),PRIMARY,,,VHF TV broadcasting (DVB-T high band); wireless microphones (some channels),ITU Radio Regulations,TV broadcast VHF. Source: ITU RR / ETSI EN 302 296
174.000000,216.000000,ITU,Region 3,BROADCASTING,PRIMARY,,,VHF TV broadcasting (DVB-T high band); wireless microphones (some channels),ITU Radio Regulations,TV broadcast VHF. Source: ITU RR / ETSI EN 302 296
174.000000,216.000000,ITU,Region 3,MOBILE,PRIMARY,,,VHF TV broadcasting (DVB-T high band); wireless microphones (some channels),ITU Radio Regulations,TV broadcast VHF. Source: ITU RR / ETSI EN 302 296
174.000000,216.000000,USA,USA,n/a,Secondary,,,VHF TV broadcasting (DVB-T high band); wireless microphones (some channels),FCC 47 CFR 2.106 (Federal),TV broadcast VHF. Source: ITU RR / ETSI EN 302 296
174.000000,216.000000,USA,USA,BROADCASTING,PRIMARY,,,VHF TV broadcasting (DVB-T high band); wireless microphones (some channels),FCC 47 CFR 2.106 (Non-Fed),TV broadcast VHF. Source: ITU RR / ETSI EN 302 296
260.000000,270.000000,ITU,Region 1/2,FIXED,PRIMARY,,,Government/military comms; some satellite downlinks,ITU Radio Regulations,Military/govt UHF. Source: FCC 47 CFR 2.106
260.000000,270.000000,ITU,Region 1/2,MOBILE,PRIMARY,,,Government/military comms; some satellite downlinks,ITU Radio Regulations,Military/govt UHF. Source: FCC 47 CFR 2.106
260.000000,270.000000,ITU,Region 3,FIXED,PRIMARY,,,Government/military comms; some satellite downlinks,ITU Radio Regulations,Military/govt UHF. Source: FCC 47 CFR 2.106
260.000000,270.000000,ITU,Region 3,MOBILE,PRIMARY,,,Government/military comms; some satellite downlinks,ITU Radio Regulations,Military/govt UHF. Source: FCC 47 CFR 2.106
260.000000,270.000000,USA,USA,(Federal),Secondary,,GOVERNMENT G27,Government/military comms; some satellite downlinks,FCC 47 CFR 2.106 (Federal),Military/govt UHF. Source: FCC 47 CFR 2.106
260.000000,270.000000,USA,USA,n/a,Secondary,,,Government/military comms; some satellite downlinks,FCC 47 CFR 2.106 (Non-Fed),Military/govt UHF. Source: FCC 47 CFR 2.106
270.000000,322.000000,ITU,Region 1/2,FIXED,PRIMARY,,,US/NATO military UHF (LOS comms); aeronautical telemetry; some satellite downlinks (UHF SATCOM 240-322 MHz),ITU Radio Regulations,Mostly military UHF. Source: FCC 47 CFR 2.106 / NTIA
270.000000,322.000000,ITU,Region 1/2,MOBILE ( / Military),Secondary,,Government,US/NATO military UHF (LOS comms); aeronautical telemetry; some satellite downlinks (UHF SATCOM 240-322 MHz),ITU Radio Regulations,Mostly military UHF. Source: FCC 47 CFR 2.106 / NTIA
270.000000,322.000000,ITU,Region 3,FIXED,PRIMARY,,,US/NATO military UHF (LOS comms); aeronautical telemetry; some satellite downlinks (UHF SATCOM 240-322 MHz),ITU Radio Regulations,Mostly military UHF. Source: FCC 47 CFR 2.106 / NTIA
270.000000,322.000000,ITU,Region 3,MOBILE,PRIMARY,,,US/NATO military UHF (LOS comms); aeronautical telemetry; some satellite downlinks (UHF SATCOM 240-322 MHz),ITU Radio Regulations,Mostly military UHF. Source: FCC 47 CFR 2.106 / NTIA
270.000000,322.000000,USA,USA,(Federal),Secondary,,GOVERNMENT G27,US/NATO military UHF (LOS comms); aeronautical telemetry; some satellite downlinks (UHF SATCOM 240-322 MHz),FCC 47 CFR 2.106 (Federal),Mostly military UHF. Source: FCC 47 CFR 2.106 / NTIA
270.000000,322.000000,USA,USA,n/a,Secondary,,,US/NATO military UHF (LOS comms); aeronautical telemetry; some satellite downlinks (UHF SATCOM 240-322 MHz),FCC 47 CFR 2.106 (Non-Fed),Mostly military UHF. Source: FCC 47 CFR 2.106 / NTIA
312.000000,316.000000,ITU,Region 1/2,SRD (Periodic / RKE),Secondary,,,"Car key fobs (USA, ~315 MHz); garage door openers; tire pressure sensors (TPMS, USA); 314 MHz Toyota TPMS; 313.85 MHz Honda RKE",ITU Radio Regulations,"FCC Part 15.231 short-range periodic. Common RKE/TPMS center freqs: 312.5, 313.85, 314.15, 314.35, 315.0 MHz."
312.000000,316.000000,ITU,Region 3,SRD,PRIMARY,,,"Car key fobs (USA, ~315 MHz); garage door openers; tire pressure sensors (TPMS, USA); 314 MHz Toyota TPMS; 313.85 MHz Honda RKE",ITU Radio Regulations,"FCC Part 15.231 short-range periodic. Common RKE/TPMS center freqs: 312.5, 313.85, 314.15, 314.35, 315.0 MHz."
322.000000,328.600000,ITU,Region 1/2,RADIO ASTRONOMY,PRIMARY,,,Radio astronomy (deuterium line 327.4 MHz); ILS glideslope (328.6 MHz lower edge),ITU Radio Regulations,Source: ITU RR 5.149 / ICAO Annex 10
322.000000,328.600000,ITU,Region 1/2,AERONAUTICAL RADIONAVIGATION,PRIMARY,,,Radio astronomy (deuterium line 327.4 MHz); ILS glideslope (328.6 MHz lower edge),ITU Radio Regulations,Source: ITU RR 5.149 / ICAO Annex 10
322.000000,328.600000,ITU,Region 3,RADIO ASTRONOMY,PRIMARY,,,Radio astronomy (deuterium line 327.4 MHz); ILS glideslope (328.6 MHz lower edge),ITU Radio Regulations,Source: ITU RR 5.149 / ICAO Annex 10
322.000000,328.600000,USA,USA,n/a,Secondary,,,Radio astronomy (deuterium line 327.4 MHz); ILS glideslope (328.6 MHz lower edge),FCC 47 CFR 2.106 (Non-Fed),Source: ITU RR 5.149 / ICAO Annex 10
328.600000,335.400000,ITU,Region 1/2,AERONAUTICAL RADIONAVIGATION (ILS),PRIMARY,,,ILS glideslope (Instrument Landing System) for runway approach,ITU Radio Regulations,ILS glideslope band. Source: ICAO Annex 10 Vol I
328.600000,335.400000,ITU,Region 3,SAME,PRIMARY,,,ILS glideslope (Instrument Landing System) for runway approach,ITU Radio Regulations,ILS glideslope band. Source: ICAO Annex 10 Vol I
328.600000,335.400000,USA,USA,SAME,PRIMARY,,,ILS glideslope (Instrument Landing System) for runway approach,FCC 47 CFR 2.106 (Federal),ILS glideslope band. Source: ICAO Annex 10 Vol I
328.600000,335.400000,USA,USA,SAME,PRIMARY,,,ILS glideslope (Instrument Landing System) for runway approach,FCC 47 CFR 2.106 (Non-Fed),ILS glideslope band. Source: ICAO Annex 10 Vol I
335.400000,380.000000,ITU,Region 1/2,FIXED,PRIMARY,,,Military UHF voice/data; some weather satellites; UHF SATCOM,ITU Radio Regulations,Military UHF. Source: FCC 47 CFR 2.106 / NTIA
335.400000,380.000000,ITU,Region 1/2,MOBILE ( / Military),Secondary,,Government,Military UHF voice/data; some weather satellites; UHF SATCOM,ITU Radio Regulations,Military UHF. Source: FCC 47 CFR 2.106 / NTIA
335.400000,380.000000,ITU,Region 3,FIXED,PRIMARY,,,Military UHF voice/data; some weather satellites; UHF SATCOM,ITU Radio Regulations,Military UHF. Source: FCC 47 CFR 2.106 / NTIA
335.400000,380.000000,ITU,Region 3,MOBILE,PRIMARY,,,Military UHF voice/data; some weather satellites; UHF SATCOM,ITU Radio Regulations,Military UHF. Source: FCC 47 CFR 2.106 / NTIA
335.400000,380.000000,USA,USA,(Federal),Secondary,,GOVERNMENT G27,Military UHF voice/data; some weather satellites; UHF SATCOM,FCC 47 CFR 2.106 (Federal),Military UHF. Source: FCC 47 CFR 2.106 / NTIA
335.400000,380.000000,USA,USA,n/a,Secondary,,,Military UHF voice/data; some weather satellites; UHF SATCOM,FCC 47 CFR 2.106 (Non-Fed),Military UHF. Source: FCC 47 CFR 2.106 / NTIA
380.000000,400.000000,ITU,Region 1/2,LAND MOBILE (TETRA),PRIMARY,,,"TETRA emergency services radios (police, fire, ambulance EU)",ITU Radio Regulations,TETRA emergency band EU. Source: ECC/DEC/(08)05
380.000000,400.000000,ITU,Region 3,LAND MOBILE,PRIMARY,,,"TETRA emergency services radios (police, fire, ambulance EU)",ITU Radio Regulations,TETRA emergency band EU. Source: ECC/DEC/(08)05
380.000000,400.000000,USA,USA,LAND MOBILE,PRIMARY,,,"TETRA emergency services radios (police, fire, ambulance EU)",FCC 47 CFR 2.106 (Federal),TETRA emergency band EU. Source: ECC/DEC/(08)05
380.000000,400.000000,USA,USA,LAND MOBILE,PRIMARY,,,"TETRA emergency services radios (police, fire, ambulance EU)",FCC 47 CFR 2.106 (Non-Fed),TETRA emergency band EU. Source: ECC/DEC/(08)05
430.000000,440.000000,ITU,Region 1/2,AMATEUR,PRIMARY,,,70cm ham band; ISM SRD 433.05-434.79 MHz EU,ITU Radio Regulations,Amateur 70cm + EU ISM. Source: ITU RR 5.282 / ERC 70-03
430.000000,440.000000,ITU,Region 1/2,RADIOLOCATION,PRIMARY,,,70cm ham band; ISM SRD 433.05-434.79 MHz EU,ITU Radio Regulations,Amateur 70cm + EU ISM. Source: ITU RR 5.282 / ERC 70-03
430.000000,440.000000,ITU,Region 3,AMATEUR,PRIMARY,,,70cm ham band; ISM SRD 433.05-434.79 MHz EU,ITU Radio Regulations,Amateur 70cm + EU ISM. Source: ITU RR 5.282 / ERC 70-03
430.000000,440.000000,ITU,Region 3,RADIOLOCATION,PRIMARY,,,70cm ham band; ISM SRD 433.05-434.79 MHz EU,ITU Radio Regulations,Amateur 70cm + EU ISM. Source: ITU RR 5.282 / ERC 70-03
430.000000,440.000000,USA,USA,RADIOLOCATION (Federal),Secondary,,G2 G129,70cm ham band; ISM SRD 433.05-434.79 MHz EU,FCC 47 CFR 2.106 (Federal),Amateur 70cm + EU ISM. Source: ITU RR 5.282 / ERC 70-03
430.000000,440.000000,USA,USA,AMATEUR (secondary),Secondary,,,70cm ham band; ISM SRD 433.05-434.79 MHz EU,FCC 47 CFR 2.106 (Non-Fed),Amateur 70cm + EU ISM. Source: ITU RR 5.282 / ERC 70-03
433.050000,434.790000,ITU,Region 1/2,SRD (ISM) — non-specific,Secondary,,,Car key fobs (EU); garage openers; weather stations; LoRa EU868 sub-band fallback; RC toys; wireless doorbells,ITU Radio Regulations,ISM 433 MHz Region 1. Source: ERC/REC 70-03 Annex 1 / EN 300 220
433.050000,434.790000,ITU,Region 3,SRD,PRIMARY,,,Car key fobs (EU); garage openers; weather stations; LoRa EU868 sub-band fallback; RC toys; wireless doorbells,ITU Radio Regulations,ISM 433 MHz Region 1. Source: ERC/REC 70-03 Annex 1 / EN 300 220
433.050000,434.790000,USA,USA,n/a,Secondary,,,Car key fobs (EU); garage openers; weather stations; LoRa EU868 sub-band fallback; RC toys; wireless doorbells,FCC 47 CFR 2.106 (Federal),ISM 433 MHz Region 1. Source: ERC/REC 70-03 Annex 1 / EN 300 220
433.050000,434.790000,USA,USA,Part 15 / unlicensed,Secondary,,,Car key fobs (EU); garage openers; weather stations; LoRa EU868 sub-band fallback; RC toys; wireless doorbells,FCC 47 CFR 2.106 (Non-Fed),ISM 433 MHz Region 1. Source: ERC/REC 70-03 Annex 1 / EN 300 220
440.000000,450.000000,ITU,Region 1/2,FIXED,PRIMARY,,,PMR business radios; LMR systems,ITU Radio Regulations,UHF business band. Source: FCC Part 90
440.000000,450.000000,ITU,Region 1/2,MOBILE,PRIMARY,,,PMR business radios; LMR systems,ITU Radio Regulations,UHF business band. Source: FCC Part 90
440.000000,450.000000,ITU,Region 3,FIXED,PRIMARY,,,PMR business radios; LMR systems,ITU Radio Regulations,UHF business band. Source: FCC Part 90
440.000000,450.000000,ITU,Region 3,MOBILE,PRIMARY,,,PMR business radios; LMR systems,ITU Radio Regulations,UHF business band. Source: FCC Part 90
440.000000,450.000000,USA,USA,LAND MOBILE,PRIMARY,,,PMR business radios; LMR systems,FCC 47 CFR 2.106 (Non-Fed),UHF business band. Source: FCC Part 90
450.000000,470.000000,ITU,Region 1/2,LAND MOBILE,PRIMARY,,,Business two-way radios; LMR; trunked systems; some PMR446 (446.0-446.2 MHz EU),ITU Radio Regulations,Business UHF + PMR446 EU. Source: FCC Part 90 / ERC/DEC/(98)25
450.000000,470.000000,ITU,Region 3,LAND MOBILE,PRIMARY,,,Business two-way radios; LMR; trunked systems; some PMR446 (446.0-446.2 MHz EU),ITU Radio Regulations,Business UHF + PMR446 EU. Source: FCC Part 90 / ERC/DEC/(98)25
450.000000,470.000000,USA,USA,LAND MOBILE,PRIMARY,,,Business two-way radios; LMR; trunked systems; some PMR446 (446.0-446.2 MHz EU),FCC 47 CFR 2.106 (Federal),Business UHF + PMR446 EU. Source: FCC Part 90 / ERC/DEC/(98)25
450.000000,470.000000,USA,USA,LAND MOBILE,PRIMARY,,NG124,Business two-way radios; LMR; trunked systems; some PMR446 (446.0-446.2 MHz EU),FCC 47 CFR 2.106 (Non-Fed),Business UHF + PMR446 EU. Source: FCC Part 90 / ERC/DEC/(98)25
470.000000,694.000000,ITU,Region 1/2,BROADCASTING (DVB-T UHF),PRIMARY,,,"UHF TV broadcasting (DVB-T UHF); white-space devices; wireless microphones (channel 38 EU, channels 14-36 USA)",ITU Radio Regulations,UHF TV. Source: ITU RR / FCC Part 73 / 74
470.000000,694.000000,ITU,Region 3,BROADCASTING,PRIMARY,,,"UHF TV broadcasting (DVB-T UHF); white-space devices; wireless microphones (channel 38 EU, channels 14-36 USA)",ITU Radio Regulations,UHF TV. Source: ITU RR / FCC Part 73 / 74
470.000000,694.000000,ITU,Region 3,MOBILE,PRIMARY,,,"UHF TV broadcasting (DVB-T UHF); white-space devices; wireless microphones (channel 38 EU, channels 14-36 USA)",ITU Radio Regulations,UHF TV. Source: ITU RR / FCC Part 73 / 74
470.000000,694.000000,USA,USA,n/a,Secondary,,,"UHF TV broadcasting (DVB-T UHF); white-space devices; wireless microphones (channel 38 EU, channels 14-36 USA)",FCC 47 CFR 2.106 (Federal),UHF TV. Source: ITU RR / FCC Part 73 / 74
470.000000,694.000000,USA,USA,BROADCASTING,PRIMARY,,,"UHF TV broadcasting (DVB-T UHF); white-space devices; wireless microphones (channel 38 EU, channels 14-36 USA)",FCC 47 CFR 2.106 (Non-Fed),UHF TV. Source: ITU RR / FCC Part 73 / 74
694.000000,790.000000,ITU,Region 1/2,MOBILE (5G/LTE 700),PRIMARY,,,"LTE Band 28 (700 MHz, used worldwide); 5G low-band",ITU Radio Regulations,700 MHz mobile. Source: ITU RR 5.317A / 3GPP TS 36.101
694.000000,790.000000,ITU,Region 3,MOBILE,PRIMARY,,,"LTE Band 28 (700 MHz, used worldwide); 5G low-band",ITU Radio Regulations,700 MHz mobile. Source: ITU RR 5.317A / 3GPP TS 36.101
694.000000,790.000000,ITU,Region 3,BROADCASTING,PRIMARY,,,"LTE Band 28 (700 MHz, used worldwide); 5G low-band",ITU Radio Regulations,700 MHz mobile. Source: ITU RR 5.317A / 3GPP TS 36.101
694.000000,790.000000,USA,USA,MOBILE,PRIMARY,,,"LTE Band 28 (700 MHz, used worldwide); 5G low-band",FCC 47 CFR 2.106 (Federal),700 MHz mobile. Source: ITU RR 5.317A / 3GPP TS 36.101
694.000000,790.000000,USA,USA,MOBILE,PRIMARY,,,"LTE Band 28 (700 MHz, used worldwide); 5G low-band",FCC 47 CFR 2.106 (Non-Fed),700 MHz mobile. Source: ITU RR 5.317A / 3GPP TS 36.101
790.000000,862.000000,ITU,Region 1/2,MOBILE (LTE 800),PRIMARY,,,LTE Band 20 (800 MHz EU); LTE Band 5/13/26 (USA),ITU Radio Regulations,800 MHz LTE EU + USA 700 MHz extension. Source: ECC/DEC/(09)03
790.000000,862.000000,ITU,Region 3,MOBILE,PRIMARY,,,LTE Band 20 (800 MHz EU); LTE Band 5/13/26 (USA),ITU Radio Regulations,800 MHz LTE EU + USA 700 MHz extension. Source: ECC/DEC/(09)03
790.000000,862.000000,ITU,Region 3,BROADCASTING,PRIMARY,,,LTE Band 20 (800 MHz EU); LTE Band 5/13/26 (USA),ITU Radio Regulations,800 MHz LTE EU + USA 700 MHz extension. Source: ECC/DEC/(09)03
790.000000,862.000000,USA,USA,MOBILE,PRIMARY,,,LTE Band 20 (800 MHz EU); LTE Band 5/13/26 (USA),FCC 47 CFR 2.106 (Federal),800 MHz LTE EU + USA 700 MHz extension. Source: ECC/DEC/(09)03
790.000000,862.000000,USA,USA,MOBILE,PRIMARY,,,LTE Band 20 (800 MHz EU); LTE Band 5/13/26 (USA),FCC 47 CFR 2.106 (Non-Fed),800 MHz LTE EU + USA 700 MHz extension. Source: ECC/DEC/(09)03
863.000000,870.000000,ITU,Region 1/2,SRD (ISM) — non-specific,Secondary,,,LoRa EU868 (865.0-867.0 MHz); Sigfox EU; Z-Wave EU (868.4 MHz); MIOTY; alarms; weather sensors; smart meters,ITU Radio Regulations,ISM 868 MHz Region 1 (EU). Source: ERC/REC 70-03 Annex 1 / EN 300 220
863.000000,870.000000,ITU,Region 3,SRD,PRIMARY,,,LoRa EU868 (865.0-867.0 MHz); Sigfox EU; Z-Wave EU (868.4 MHz); MIOTY; alarms; weather sensors; smart meters,ITU Radio Regulations,ISM 868 MHz Region 1 (EU). Source: ERC/REC 70-03 Annex 1 / EN 300 220
863.000000,870.000000,USA,USA,n/a,Secondary,,,LoRa EU868 (865.0-867.0 MHz); Sigfox EU; Z-Wave EU (868.4 MHz); MIOTY; alarms; weather sensors; smart meters,FCC 47 CFR 2.106 (Federal),ISM 868 MHz Region 1 (EU). Source: ERC/REC 70-03 Annex 1 / EN 300 220
863.000000,870.000000,USA,USA,Part 15 / unlicensed,Secondary,,,LoRa EU868 (865.0-867.0 MHz); Sigfox EU; Z-Wave EU (868.4 MHz); MIOTY; alarms; weather sensors; smart meters,FCC 47 CFR 2.106 (Non-Fed),ISM 868 MHz Region 1 (EU). Source: ERC/REC 70-03 Annex 1 / EN 300 220
880.000000,915.000000,ITU,Region 1/2,MOBILE ( 900 UL),PRIMARY,,GSM,GSM 900 / LTE Band 8 uplink (mobile to tower),ITU Radio Regulations,GSM 900 uplink. Source: ETSI TS 145 005
880.000000,915.000000,ITU,Region 3,MOBILE,PRIMARY,,,GSM 900 / LTE Band 8 uplink (mobile to tower),ITU Radio Regulations,GSM 900 uplink. Source: ETSI TS 145 005
880.000000,915.000000,USA,USA,MOBILE,PRIMARY,,,GSM 900 / LTE Band 8 uplink (mobile to tower),FCC 47 CFR 2.106 (Federal),GSM 900 uplink. Source: ETSI TS 145 005
880.000000,915.000000,USA,USA,MOBILE,PRIMARY,,,GSM 900 / LTE Band 8 uplink (mobile to tower),FCC 47 CFR 2.106 (Non-Fed),GSM 900 uplink. Source: ETSI TS 145 005
902.000000,928.000000,ITU,Region 1/2,SRD (ISM) — non-specific (Region 2),Secondary,,,LoRa US915 (902-928 MHz channels); Z-Wave US (908.42 MHz); RFID; Sigfox US; 900 MHz ham; cordless phones (older),ITU Radio Regulations,ISM 902 MHz Region 2 (USA + LATAM). Source: FCC Part 15.247 / 15.249
902.000000,928.000000,ITU,Region 3,SRD,PRIMARY,,,LoRa US915 (902-928 MHz channels); Z-Wave US (908.42 MHz); RFID; Sigfox US; 900 MHz ham; cordless phones (older),ITU Radio Regulations,ISM 902 MHz Region 2 (USA + LATAM). Source: FCC Part 15.247 / 15.249
902.000000,928.000000,USA,USA,RADIOLOCATION (Federal),Secondary,,G59,LoRa US915 (902-928 MHz channels); Z-Wave US (908.42 MHz); RFID; Sigfox US; 900 MHz ham; cordless phones (older),FCC 47 CFR 2.106 (Federal),ISM 902 MHz Region 2 (USA + LATAM). Source: FCC Part 15.247 / 15.249
902.000000,928.000000,USA,USA,AMATEUR,PRIMARY,,US218 US275,LoRa US915 (902-928 MHz channels); Z-Wave US (908.42 MHz); RFID; Sigfox US; 900 MHz ham; cordless phones (older),FCC 47 CFR 2.106 (Non-Fed),ISM 902 MHz Region 2 (USA + LATAM). Source: FCC Part 15.247 / 15.249
902.000000,928.000000,USA,USA,Part 15 / unlicensed,Secondary,,US218 US275,LoRa US915 (902-928 MHz channels); Z-Wave US (908.42 MHz); RFID; Sigfox US; 900 MHz ham; cordless phones (older),FCC 47 CFR 2.106 (Non-Fed),ISM 902 MHz Region 2 (USA + LATAM). Source: FCC Part 15.247 / 15.249
925.000000,960.000000,ITU,Region 1/2,MOBILE ( 900 DL),PRIMARY,,GSM,GSM 900 / LTE Band 8 downlink (tower to mobile),ITU Radio Regulations,GSM 900 downlink. Source: ETSI TS 145 005
925.000000,960.000000,ITU,Region 3,MOBILE,PRIMARY,,,GSM 900 / LTE Band 8 downlink (tower to mobile),ITU Radio Regulations,GSM 900 downlink. Source: ETSI TS 145 005
925.000000,960.000000,USA,USA,MOBILE,PRIMARY,,,GSM 900 / LTE Band 8 downlink (tower to mobile),FCC 47 CFR 2.106 (Federal),GSM 900 downlink. Source: ETSI TS 145 005
925.000000,960.000000,USA,USA,MOBILE,PRIMARY,,,GSM 900 / LTE Band 8 downlink (tower to mobile),FCC 47 CFR 2.106 (Non-Fed),GSM 900 downlink. Source: ETSI TS 145 005
1087.000000,1093.000000,ITU,Region 1/2,AERONAUTICAL RADIONAVIGATION (ADS-B / Mode-S),Secondary,,,ADS-B 1090ES (1090 MHz) from aircraft; SSR Mode-S replies; receive-only with RTL-SDR/dongle,ITU Radio Regulations,Aircraft 1090 MHz. Source: ICAO Annex 10 Vol IV / DO-260
1087.000000,1093.000000,ITU,Region 3,SAME,PRIMARY,,,ADS-B 1090ES (1090 MHz) from aircraft; SSR Mode-S replies; receive-only with RTL-SDR/dongle,ITU Radio Regulations,Aircraft 1090 MHz. Source: ICAO Annex 10 Vol IV / DO-260
1087.000000,1093.000000,USA,USA,SAME,PRIMARY,,,ADS-B 1090ES (1090 MHz) from aircraft; SSR Mode-S replies; receive-only with RTL-SDR/dongle,FCC 47 CFR 2.106 (Federal),Aircraft 1090 MHz. Source: ICAO Annex 10 Vol IV / DO-260
1087.000000,1093.000000,USA,USA,SAME,PRIMARY,,,ADS-B 1090ES (1090 MHz) from aircraft; SSR Mode-S replies; receive-only with RTL-SDR/dongle,FCC 47 CFR 2.106 (Non-Fed),Aircraft 1090 MHz. Source: ICAO Annex 10 Vol IV / DO-260
1030.000000,1030.000000,ITU,Region 1/2,AERONAUTICAL RADIONAVIGATION (SSR),PRIMARY,,,SSR Mode-A/C/S interrogations from ground radar,ITU Radio Regulations,Air SSR uplink. Source: ICAO Annex 10
1030.000000,1030.000000,ITU,Region 3,SAME,PRIMARY,,,SSR Mode-A/C/S interrogations from ground radar,ITU Radio Regulations,Air SSR uplink. Source: ICAO Annex 10
1030.000000,1030.000000,USA,USA,SAME,PRIMARY,,,SSR Mode-A/C/S interrogations from ground radar,FCC 47 CFR 2.106 (Federal),Air SSR uplink. Source: ICAO Annex 10
1030.000000,1030.000000,USA,USA,SAME,PRIMARY,,,SSR Mode-A/C/S interrogations from ground radar,FCC 47 CFR 2.106 (Non-Fed),Air SSR uplink. Source: ICAO Annex 10
1164.000000,1300.000000,ITU,Region 1/2,(L5 / L2),PRIMARY,,GNSS,GPS L5 (1176.45 MHz); GLONASS L2; Galileo E5; DME,ITU Radio Regulations,GNSS L-band. Source: ICAO Annex 10 / GPS ICD-200
1164.000000,1300.000000,ITU,Region 1/2,AERONAUTICAL RADIONAV,PRIMARY,,,GPS L5 (1176.45 MHz); GLONASS L2; Galileo E5; DME,ITU Radio Regulations,GNSS L-band. Source: ICAO Annex 10 / GPS ICD-200
1164.000000,1300.000000,ITU,Region 3,SAME,PRIMARY,,,GPS L5 (1176.45 MHz); GLONASS L2; Galileo E5; DME,ITU Radio Regulations,GNSS L-band. Source: ICAO Annex 10 / GPS ICD-200
1164.000000,1300.000000,USA,USA,SAME,PRIMARY,,,GPS L5 (1176.45 MHz); GLONASS L2; Galileo E5; DME,FCC 47 CFR 2.106 (Federal),GNSS L-band. Source: ICAO Annex 10 / GPS ICD-200
1164.000000,1300.000000,USA,USA,SAME,PRIMARY,,,GPS L5 (1176.45 MHz); GLONASS L2; Galileo E5; DME,FCC 47 CFR 2.106 (Non-Fed),GNSS L-band. Source: ICAO Annex 10 / GPS ICD-200
1559.000000,1610.000000,ITU,Region 1/2,RADIONAVIGATION-SATELLITE ( L1),PRIMARY,,GNSS,GPS L1 (1575.42 MHz); Galileo E1; GLONASS L1 (1602 MHz); BeiDou B1,ITU Radio Regulations,GNSS L1 worldwide. Source: ICAO Annex 10
1559.000000,1610.000000,ITU,Region 3,SAME,PRIMARY,,,GPS L1 (1575.42 MHz); Galileo E1; GLONASS L1 (1602 MHz); BeiDou B1,ITU Radio Regulations,GNSS L1 worldwide. Source: ICAO Annex 10
1559.000000,1610.000000,USA,USA,SAME,PRIMARY,,,GPS L1 (1575.42 MHz); Galileo E1; GLONASS L1 (1602 MHz); BeiDou B1,FCC 47 CFR 2.106 (Federal),GNSS L1 worldwide. Source: ICAO Annex 10
1559.000000,1610.000000,USA,USA,SAME,PRIMARY,,,GPS L1 (1575.42 MHz); Galileo E1; GLONASS L1 (1602 MHz); BeiDou B1,FCC 47 CFR 2.106 (Non-Fed),GNSS L1 worldwide. Source: ICAO Annex 10
1710.000000,1785.000000,ITU,Region 1/2,MOBILE (DCS/LTE 1800 UL),PRIMARY,,,GSM 1800 uplink; LTE Band 3 uplink (most common worldwide LTE band),ITU Radio Regulations,DCS 1800 uplink. Source: ETSI TS 145 005
1710.000000,1785.000000,ITU,Region 3,MOBILE,PRIMARY,,,GSM 1800 uplink; LTE Band 3 uplink (most common worldwide LTE band),ITU Radio Regulations,DCS 1800 uplink. Source: ETSI TS 145 005
1710.000000,1785.000000,USA,USA,MOBILE,PRIMARY,,,GSM 1800 uplink; LTE Band 3 uplink (most common worldwide LTE band),FCC 47 CFR 2.106 (Federal),DCS 1800 uplink. Source: ETSI TS 145 005
1710.000000,1785.000000,USA,USA,MOBILE,PRIMARY,,,GSM 1800 uplink; LTE Band 3 uplink (most common worldwide LTE band),FCC 47 CFR 2.106 (Non-Fed),DCS 1800 uplink. Source: ETSI TS 145 005
1805.000000,1880.000000,ITU,Region 1/2,MOBILE (DCS/LTE 1800 DL),PRIMARY,,,GSM 1800 downlink; LTE Band 3 downlink,ITU Radio Regulations,DCS 1800 downlink. Source: ETSI TS 145 005
1805.000000,1880.000000,ITU,Region 3,MOBILE,PRIMARY,,,GSM 1800 downlink; LTE Band 3 downlink,ITU Radio Regulations,DCS 1800 downlink. Source: ETSI TS 145 005
1805.000000,1880.000000,USA,USA,MOBILE,PRIMARY,,,GSM 1800 downlink; LTE Band 3 downlink,FCC 47 CFR 2.106 (Federal),DCS 1800 downlink. Source: ETSI TS 145 005
1805.000000,1880.000000,USA,USA,MOBILE,PRIMARY,,,GSM 1800 downlink; LTE Band 3 downlink,FCC 47 CFR 2.106 (Non-Fed),DCS 1800 downlink. Source: ETSI TS 145 005
1880.000000,1900.000000,ITU,Region 1/2,DECT,PRIMARY,,,DECT cordless phones EU; DECT-2020 NR,ITU Radio Regulations,DECT EU. Source: ETSI EN 300 175
1880.000000,1900.000000,ITU,Region 3,DECT,PRIMARY,,,DECT cordless phones EU; DECT-2020 NR,ITU Radio Regulations,DECT EU. Source: ETSI EN 300 175
1880.000000,1900.000000,USA,USA,DECT,PRIMARY,,,DECT cordless phones EU; DECT-2020 NR,FCC 47 CFR 2.106 (Federal),DECT EU. Source: ETSI EN 300 175
1880.000000,1900.000000,USA,USA,DECT,PRIMARY,,,DECT cordless phones EU; DECT-2020 NR,FCC 47 CFR 2.106 (Non-Fed),DECT EU. Source: ETSI EN 300 175
1920.000000,1980.000000,ITU,Region 1/2,MOBILE (UMTS 2100 UL),PRIMARY,,,UMTS/HSPA Band 1 uplink; LTE Band 1 uplink,ITU Radio Regulations,2100 MHz UL. Source: 3GPP TS 25.101
1920.000000,1980.000000,ITU,Region 3,MOBILE,PRIMARY,,,UMTS/HSPA Band 1 uplink; LTE Band 1 uplink,ITU Radio Regulations,2100 MHz UL. Source: 3GPP TS 25.101
1920.000000,1980.000000,USA,USA,MOBILE,PRIMARY,,,UMTS/HSPA Band 1 uplink; LTE Band 1 uplink,FCC 47 CFR 2.106 (Federal),2100 MHz UL. Source: 3GPP TS 25.101
1920.000000,1980.000000,USA,USA,MOBILE,PRIMARY,,,UMTS/HSPA Band 1 uplink; LTE Band 1 uplink,FCC 47 CFR 2.106 (Non-Fed),2100 MHz UL. Source: 3GPP TS 25.101
2110.000000,2170.000000,ITU,Region 1/2,MOBILE (UMTS 2100 DL),PRIMARY,,,UMTS/HSPA Band 1 downlink; LTE Band 1 downlink,ITU Radio Regulations,2100 MHz DL. Source: 3GPP TS 25.101
2110.000000,2170.000000,ITU,Region 3,MOBILE,PRIMARY,,,UMTS/HSPA Band 1 downlink; LTE Band 1 downlink,ITU Radio Regulations,2100 MHz DL. Source: 3GPP TS 25.101
2110.000000,2170.000000,USA,USA,MOBILE,PRIMARY,,,UMTS/HSPA Band 1 downlink; LTE Band 1 downlink,FCC 47 CFR 2.106 (Federal),2100 MHz DL. Source: 3GPP TS 25.101
2110.000000,2170.000000,USA,USA,MOBILE,PRIMARY,,,UMTS/HSPA Band 1 downlink; LTE Band 1 downlink,FCC 47 CFR 2.106 (Non-Fed),2100 MHz DL. Source: 3GPP TS 25.101
2400.000000,2483.500000,ITU,Region 1/2,SRD (ISM),PRIMARY,,,Wi-Fi 2.4 GHz (802.11b/g/n); Bluetooth Classic + BLE; Zigbee; microwave ovens; baby monitors; cordless phones; RC drones,ITU Radio Regulations,ISM 2.4 GHz worldwide. Source: ITU RR 5.150 / IEEE 802.11
2400.000000,2483.500000,ITU,Region 1/2,RADIOLOCATION,PRIMARY,,,Wi-Fi 2.4 GHz (802.11b/g/n); Bluetooth Classic + BLE; Zigbee; microwave ovens; baby monitors; cordless phones; RC drones,ITU Radio Regulations,ISM 2.4 GHz worldwide. Source: ITU RR 5.150 / IEEE 802.11
2400.000000,2483.500000,ITU,Region 1/2,AMATEUR,PRIMARY,,,Wi-Fi 2.4 GHz (802.11b/g/n); Bluetooth Classic + BLE; Zigbee; microwave ovens; baby monitors; cordless phones; RC drones,ITU Radio Regulations,ISM 2.4 GHz worldwide. Source: ITU RR 5.150 / IEEE 802.11
2400.000000,2483.500000,ITU,Region 3,SAME,PRIMARY,,,Wi-Fi 2.4 GHz (802.11b/g/n); Bluetooth Classic + BLE; Zigbee; microwave ovens; baby monitors; cordless phones; RC drones,ITU Radio Regulations,ISM 2.4 GHz worldwide. Source: ITU RR 5.150 / IEEE 802.11
2400.000000,2483.500000,USA,USA,SAME,PRIMARY,,US41,Wi-Fi 2.4 GHz (802.11b/g/n); Bluetooth Classic + BLE; Zigbee; microwave ovens; baby monitors; cordless phones; RC drones,FCC 47 CFR 2.106 (Federal),ISM 2.4 GHz worldwide. Source: ITU RR 5.150 / IEEE 802.11
2400.000000,2483.500000,USA,USA,SAME,PRIMARY,,US41,Wi-Fi 2.4 GHz (802.11b/g/n); Bluetooth Classic + BLE; Zigbee; microwave ovens; baby monitors; cordless phones; RC drones,FCC 47 CFR 2.106 (Non-Fed),ISM 2.4 GHz worldwide. Source: ITU RR 5.150 / IEEE 802.11
2500.000000,2690.000000,ITU,Region 1/2,MOBILE (LTE 2600),PRIMARY,,,LTE Band 7 / Band 38 / Band 41; 5G mid-band,ITU Radio Regulations,2.6 GHz LTE. Source: 3GPP TS 36.101
2500.000000,2690.000000,ITU,Region 3,MOBILE,PRIMARY,,,LTE Band 7 / Band 38 / Band 41; 5G mid-band,ITU Radio Regulations,2.6 GHz LTE. Source: 3GPP TS 36.101
2500.000000,2690.000000,USA,USA,MOBILE,PRIMARY,,,LTE Band 7 / Band 38 / Band 41; 5G mid-band,FCC 47 CFR 2.106 (Federal),2.6 GHz LTE. Source: 3GPP TS 36.101
2500.000000,2690.000000,USA,USA,MOBILE,PRIMARY,,,LTE Band 7 / Band 38 / Band 41; 5G mid-band,FCC 47 CFR 2.106 (Non-Fed),2.6 GHz LTE. Source: 3GPP TS 36.101
3300.000000,3550.000000,ITU,Region 1/2,MOBILE (5G C-band low),Secondary,,,5G NR n78 low (EU); shared with radar,ITU Radio Regulations,5G n78. Source: ECC/DEC/(11)06
3300.000000,3550.000000,ITU,Region 3,SAME,PRIMARY,,,5G NR n78 low (EU); shared with radar,ITU Radio Regulations,5G n78. Source: ECC/DEC/(11)06
3300.000000,3550.000000,USA,USA,RADIOLOCATION,PRIMARY,,,5G NR n78 low (EU); shared with radar,FCC 47 CFR 2.106 (Federal),5G n78. Source: ECC/DEC/(11)06
3300.000000,3550.000000,USA,USA,MOBILE,PRIMARY,,,5G NR n78 low (EU); shared with radar,FCC 47 CFR 2.106 (Non-Fed),5G n78. Source: ECC/DEC/(11)06
5150.000000,5350.000000,ITU,Region 1/2,SRD (Wi-Fi U-NII-1/2A),Secondary,,,Wi-Fi 5 GHz lower (802.11a/n/ac/ax); restricted to indoor in EU,ITU Radio Regulations,UNII-1/2A. Source: FCC Part 15.407 / EN 301 893
5150.000000,5350.000000,ITU,Region 1/2,MOBILE,PRIMARY,,,Wi-Fi 5 GHz lower (802.11a/n/ac/ax); restricted to indoor in EU,ITU Radio Regulations,UNII-1/2A. Source: FCC Part 15.407 / EN 301 893
5150.000000,5350.000000,ITU,Region 3,SAME,PRIMARY,,,Wi-Fi 5 GHz lower (802.11a/n/ac/ax); restricted to indoor in EU,ITU Radio Regulations,UNII-1/2A. Source: FCC Part 15.407 / EN 301 893
5150.000000,5350.000000,USA,USA,SAME,PRIMARY,,,Wi-Fi 5 GHz lower (802.11a/n/ac/ax); restricted to indoor in EU,FCC 47 CFR 2.106 (Federal),UNII-1/2A. Source: FCC Part 15.407 / EN 301 893
5150.000000,5350.000000,USA,USA,SAME,PRIMARY,,,Wi-Fi 5 GHz lower (802.11a/n/ac/ax); restricted to indoor in EU,FCC 47 CFR 2.106 (Non-Fed),UNII-1/2A. Source: FCC Part 15.407 / EN 301 893
5470.000000,5725.000000,ITU,Region 1/2,SRD (Wi-Fi U-NII-2C / U-NII-3),Secondary,,,Wi-Fi 5 GHz upper; DFS required (radar avoidance),ITU Radio Regulations,UNII-2C. Source: FCC Part 15.407
5470.000000,5725.000000,ITU,Region 3,SAME,PRIMARY,,,Wi-Fi 5 GHz upper; DFS required (radar avoidance),ITU Radio Regulations,UNII-2C. Source: FCC Part 15.407
5470.000000,5725.000000,USA,USA,SAME,PRIMARY,,,Wi-Fi 5 GHz upper; DFS required (radar avoidance),FCC 47 CFR 2.106 (Federal),UNII-2C. Source: FCC Part 15.407
5470.000000,5725.000000,USA,USA,SAME,PRIMARY,,,Wi-Fi 5 GHz upper; DFS required (radar avoidance),FCC 47 CFR 2.106 (Non-Fed),UNII-2C. Source: FCC Part 15.407
5725.000000,5875.000000,ITU,Region 1/2,SRD (ISM),PRIMARY,,,Wi-Fi 5.8 GHz (U-NII-3 USA only); ISM; RC drones; satellite uplinks,ITU Radio Regulations,ISM 5.8 GHz + UNII-3. Source: FCC Part 15.247
5725.000000,5875.000000,ITU,Region 1/2,Wi-Fi U-NII-3 (),Secondary,,USA,Wi-Fi 5.8 GHz (U-NII-3 USA only); ISM; RC drones; satellite uplinks,ITU Radio Regulations,ISM 5.8 GHz + UNII-3. Source: FCC Part 15.247
5725.000000,5875.000000,ITU,Region 3,SAME,PRIMARY,,,Wi-Fi 5.8 GHz (U-NII-3 USA only); ISM; RC drones; satellite uplinks,ITU Radio Regulations,ISM 5.8 GHz + UNII-3. Source: FCC Part 15.247
5725.000000,5875.000000,USA,USA,SAME,PRIMARY,,,Wi-Fi 5.8 GHz (U-NII-3 USA only); ISM; RC drones; satellite uplinks,FCC 47 CFR 2.106 (Federal),ISM 5.8 GHz + UNII-3. Source: FCC Part 15.247
5725.000000,5875.000000,USA,USA,SAME,PRIMARY,,,Wi-Fi 5.8 GHz (U-NII-3 USA only); ISM; RC drones; satellite uplinks,FCC 47 CFR 2.106 (Non-Fed),ISM 5.8 GHz + UNII-3. Source: FCC Part 15.247
5925.000000,7125.000000,ITU,Region 1/2,SRD (Wi-Fi 6E/7),Secondary,,,Wi-Fi 6E (USA full); Wi-Fi 6E EU (5925-6425 MHz only); Wi-Fi 7,ITU Radio Regulations,6 GHz Wi-Fi. Source: FCC Part 15.407 (UNII-5..8) / ECC/DEC/(20)01
5925.000000,7125.000000,ITU,Region 3,SAME,PRIMARY,,,Wi-Fi 6E (USA full); Wi-Fi 6E EU (5925-6425 MHz only); Wi-Fi 7,ITU Radio Regulations,6 GHz Wi-Fi. Source: FCC Part 15.407 (UNII-5..8) / ECC/DEC/(20)01
5925.000000,7125.000000,USA,USA,SAME,PRIMARY,,,Wi-Fi 6E (USA full); Wi-Fi 6E EU (5925-6425 MHz only); Wi-Fi 7,FCC 47 CFR 2.106 (Federal),6 GHz Wi-Fi. Source: FCC Part 15.407 (UNII-5..8) / ECC/DEC/(20)01
5925.000000,7125.000000,USA,USA,SAME,PRIMARY,,,Wi-Fi 6E (USA full); Wi-Fi 6E EU (5925-6425 MHz only); Wi-Fi 7,FCC 47 CFR 2.106 (Non-Fed),6 GHz Wi-Fi. Source: FCC Part 15.407 (UNII-5..8) / ECC/DEC/(20)01
13.553000,13.567000,FRA,CEPT-FRA,SRD,PRIMARY,ISM 13.56 MHz (RFID/NFC),5.150,"NFC tags; RFID HF; metro/transit cards (Navigo); contactless payment cards",ARCEP TNRBF / ERC 70-03,Same as Region 1
13.553000,13.567000,DEU,CEPT-DEU,SRD,PRIMARY,ISM 13.56 MHz (RFID/NFC),5.150,"NFC tags; RFID HF; Girokarte contactless; DB Touch&Travel",BNetzA Allgemeinzuteilung NFC,Same as Region 1
13.553000,13.567000,GBR,CEPT-GBR,SRD,PRIMARY,ISM 13.56 MHz (RFID/NFC),5.150,"NFC tags; RFID HF; Oyster card (London); contactless payment",Ofcom IR 2030 / EN 300 330,Same as Region 1
13.553000,13.567000,ESP,CEPT-ESP,SRD,PRIMARY,ISM 13.56 MHz (RFID/NFC),5.150,"NFC tags; RFID HF; contactless payment",CNAF nota UN-130,Same as Region 1
13.553000,13.567000,ITA,CEPT-ITA,SRD,PRIMARY,ISM 13.56 MHz (RFID/NFC),5.150,"NFC tags; RFID HF; contactless payment",MIMIT Piano Nazionale Frequenze,Same as Region 1
26.957000,27.283000,FRA,CEPT-FRA,SRD,PRIMARY,CB radio (40 channels) + ISM,5.150,"CB radios 40 channels (4W FM max); RC toys; ISM industrial",ARCEP TNRBF / décision n° 2014-1263,EU CB harmonised
26.957000,27.283000,DEU,CEPT-DEU,SRD,PRIMARY,CB radio (80 channels) + ISM,5.150,"CB radios (DE has 80 channels SSB up to 12W); ISM",BNetzA Allgemeinzuteilung Vfg 30/2018,DE allows extended CB
26.957000,27.283000,GBR,CEPT-GBR,SRD,PRIMARY,CB radio (40 channels FM) + ISM,5.150,"CB radios 40 channels FM (4W); ISM",Ofcom IR 2027 / WT 2009 SI 2009/2461,UK CB
26.957000,27.283000,ESP,CEPT-ESP,SRD,PRIMARY,CB radio + ISM,5.150,"CB radios; RC toys; ISM industrial heaters",CNAF nota UN-7,Spain CB
26.957000,27.283000,ITA,CEPT-ITA,SRD,PRIMARY,CB radio + ISM,5.150,"CB radios; RC toys; ISM",MIMIT / Codice Comunicazioni Elettroniche,Italy CB
87.500000,108.000000,FRA,CEPT-FRA,BROADCASTING (FM),PRIMARY,FM broadcast,5.190,"FM stations (Radio France, NRJ, etc.); FM transmitters for cars",ARCOM (ex-CSA) plans,FM band EU
87.500000,108.000000,DEU,CEPT-DEU,BROADCASTING (FM),PRIMARY,FM broadcast,5.190,"FM stations (ARD, Deutschlandfunk, etc.)",BNetzA + Landesmedienanstalten,FM band EU
87.500000,108.000000,GBR,CEPT-GBR,BROADCASTING (FM),PRIMARY,FM broadcast,5.190,"FM stations (BBC R1-R6, commercial); car FM transmitters",Ofcom UK Plan of Allocations,FM band EU
87.500000,108.000000,ESP,CEPT-ESP,BROADCASTING (FM),PRIMARY,FM broadcast,5.190,"FM stations (RNE, Cadena SER, etc.)",CNAF,FM band EU
87.500000,108.000000,ITA,CEPT-ITA,BROADCASTING (FM),PRIMARY,FM broadcast,5.190,"FM stations (RAI, Radio 24, etc.)",MIMIT / AGCOM,FM band EU
144.000000,146.000000,FRA,CEPT-FRA,AMATEUR,PRIMARY,2m ham,5.216,"2m ham (FT8, FM repeaters, APRS at 144.800)",ARCEP TNRBF / REF F1A4G,EU 2m amateur
144.000000,146.000000,DEU,CEPT-DEU,AMATEUR,PRIMARY,2m ham,5.216,"2m ham (APRS 144.800; FM repeaters)",BNetzA Amateurfunk-Verordnung,EU 2m amateur
144.000000,146.000000,GBR,CEPT-GBR,AMATEUR,PRIMARY,2m ham,5.216,"2m ham (APRS 144.800; FM repeaters)",Ofcom OfW446 (Amateur Radio Licence),EU 2m amateur
144.000000,146.000000,ESP,CEPT-ESP,AMATEUR,PRIMARY,2m ham,5.216,2m ham,URE / CNAF,EU 2m amateur
144.000000,146.000000,ITA,CEPT-ITA,AMATEUR,PRIMARY,2m ham,5.216,2m ham,ARI / MIMIT,EU 2m amateur
156.000000,162.050000,FRA,CEPT-FRA,MARITIME MOBILE,PRIMARY,Marine VHF + AIS,5.226,"Marine VHF (channel 16 distress); AIS 161.975/162.025 MHz",ARCEP,Marine VHF worldwide
156.000000,162.050000,DEU,CEPT-DEU,MARITIME MOBILE,PRIMARY,Marine VHF + AIS,5.226,"Marine VHF; AIS",BNetzA / WSA,Marine VHF worldwide
156.000000,162.050000,GBR,CEPT-GBR,MARITIME MOBILE,PRIMARY,Marine VHF + AIS,5.226,"Marine VHF; AIS (MCA monitoring)",Ofcom + MCA,Marine VHF worldwide
156.000000,162.050000,ESP,CEPT-ESP,MARITIME MOBILE,PRIMARY,Marine VHF + AIS,5.226,Marine VHF + AIS,CNAF,Marine VHF worldwide
156.000000,162.050000,ITA,CEPT-ITA,MARITIME MOBILE,PRIMARY,Marine VHF + AIS,5.226,Marine VHF + AIS,MIMIT,Marine VHF worldwide
380.000000,400.000000,FRA,CEPT-FRA,TETRA (Emergency),PRIMARY,Public Safety,5.286A,"TETRA INPT (police, gendarmerie, sapeurs-pompiers); ANTARES",ARCEP + ANTARES,FR public safety TETRA
380.000000,400.000000,DEU,CEPT-DEU,TETRA (Emergency),PRIMARY,Public Safety,5.286A,"BOSnet (BDBOS digital police/fire); German TETRA",BDBOS / BNetzA,DE BOSnet TETRA
380.000000,400.000000,GBR,CEPT-GBR,TETRA (Emergency),PRIMARY,Airwave Public Safety,5.286A,"Airwave network (police, ambulance, fire); to be replaced by ESN 4G",Ofcom + Home Office,UK Airwave TETRA
380.000000,400.000000,ESP,CEPT-ESP,TETRA (Emergency),PRIMARY,SIRDEE Public Safety,5.286A,"SIRDEE (Guardia Civil, Policía Nacional, bomberos); RESCAT in Catalonia",CNAF + Min. Interior,ES SIRDEE TETRA
380.000000,400.000000,ITA,CEPT-ITA,TETRA (Emergency),PRIMARY,Public Safety,5.286A,"TETRA Carabinieri / Polizia di Stato; provincial networks",MIMIT + Min. Interno,IT TETRA
430.000000,440.000000,FRA,CEPT-FRA,AMATEUR,Secondary,70cm ham,5.270,"70cm ham (430-440); ISM SRD 433.05-434.79",ARCEP / REF,EU 70cm amateur
430.000000,440.000000,DEU,CEPT-DEU,AMATEUR,Secondary,70cm ham,5.270,"70cm ham; ISM SRD 433.05-434.79",BNetzA Amateurfunk-Verordnung,EU 70cm amateur
430.000000,440.000000,GBR,CEPT-GBR,AMATEUR,Secondary,70cm ham,5.270,"70cm ham (only 430-440 in UK); ISM",Ofcom OfW446,UK 70cm amateur
430.000000,440.000000,ESP,CEPT-ESP,AMATEUR,Secondary,70cm ham,5.270,70cm ham,URE / CNAF,EU 70cm amateur
430.000000,440.000000,ITA,CEPT-ITA,AMATEUR,Secondary,70cm ham,5.270,70cm ham,ARI / MIMIT,EU 70cm amateur
433.050000,434.790000,FRA,CEPT-FRA,SRD (ISM) non-specific,PRIMARY,ISM 433 MHz,5.138 5.150,"Car key fobs (RKE); garage door openers; wireless doorbells; weather stations; LoRa fallback; RC toys; smart locks",ARCEP / ERC 70-03 Annex 1 / EN 300 220,EU ISM 433 MHz
433.050000,434.790000,DEU,CEPT-DEU,SRD (ISM) non-specific,PRIMARY,ISM 433 MHz,5.138 5.150,"Car key fobs; garage openers; doorbells; weather stations; LoRa fallback; smart home",BNetzA Vfg 76/2003 / EN 300 220,EU ISM 433 MHz
433.050000,434.790000,GBR,CEPT-GBR,SRD (ISM) non-specific,PRIMARY,ISM 433 MHz,5.138 5.150,"Car key fobs; garage openers; doorbells; weather stations; LoRa fallback",Ofcom IR 2030 / EN 300 220,EU ISM 433 MHz
433.050000,434.790000,ESP,CEPT-ESP,SRD (ISM) non-specific,PRIMARY,ISM 433 MHz,5.138 5.150,"Car key fobs; garage openers; weather stations; LoRa fallback",CNAF nota UN-30 / EN 300 220,EU ISM 433 MHz
433.050000,434.790000,ITA,CEPT-ITA,SRD (ISM) non-specific,PRIMARY,ISM 433 MHz,5.138 5.150,"Car key fobs; garage openers; weather stations",MIMIT / EN 300 220,EU ISM 433 MHz
446.000000,446.200000,FRA,CEPT-FRA,PMR446 (Land Mobile),PRIMARY,License-free PMR,5.286AA,"PMR446 walkie-talkies (Motorola TLKR, Midland, etc.); 16 channels; 0.5W ERP",ARCEP décision n° 2014-1263 / ERC/DEC/(98)25,EU PMR446 harmonised
446.000000,446.200000,DEU,CEPT-DEU,PMR446 (Land Mobile),PRIMARY,License-free PMR,5.286AA,"PMR446 walkie-talkies; 16 channels analog + 32 digital",BNetzA Vfg 14/2005 / ERC/DEC/(98)25,EU PMR446
446.000000,446.200000,GBR,CEPT-GBR,PMR446 (Land Mobile),PRIMARY,License-free PMR,5.286AA,"PMR446 walkie-talkies; 16 channels analog",Ofcom IR 2009 / ERC/DEC/(98)25,EU PMR446
446.000000,446.200000,ESP,CEPT-ESP,PMR446 (Land Mobile),PRIMARY,License-free PMR,5.286AA,"PMR446 walkie-talkies",CNAF nota UN-43 / ERC/DEC/(98)25,EU PMR446
446.000000,446.200000,ITA,CEPT-ITA,PMR446 (Land Mobile),PRIMARY,License-free PMR,5.286AA,"PMR446 walkie-talkies",MIMIT / ERC/DEC/(98)25,EU PMR446
863.000000,870.000000,FRA,CEPT-FRA,SRD (ISM) non-specific,PRIMARY,ISM 868 MHz EU,5.150 5.138,"LoRa EU868 (865-867 MHz channels CH1-CH8); Sigfox EU; Z-Wave EU (868.4 MHz); MIOTY; smart meters Linky uses LoRaWAN here; weather sensors; smart home; doorbells",ARCEP / ERC 70-03 Annex 1 / EN 300 220,EU ISM 868 MHz
863.000000,870.000000,DEU,CEPT-DEU,SRD (ISM) non-specific,PRIMARY,ISM 868 MHz EU,5.150 5.138,"LoRa EU868; Sigfox EU; Z-Wave EU; smart meters (Smart-Meter-Gateway); weather sensors; smart home; doorbells",BNetzA Vfg 76/2003 / EN 300 220,EU ISM 868 MHz
863.000000,870.000000,GBR,CEPT-GBR,SRD (ISM) non-specific,PRIMARY,ISM 868 MHz EU,5.150 5.138,"LoRa EU868; Sigfox; Z-Wave EU (868.4); smart meters (SMETS2 GSME-CH); weather sensors; smart home",Ofcom IR 2030 / EN 300 220,EU ISM 868 MHz
863.000000,870.000000,ESP,CEPT-ESP,SRD (ISM) non-specific,PRIMARY,ISM 868 MHz EU,5.150 5.138,"LoRa EU868; Sigfox; Z-Wave EU; smart meters; weather sensors",CNAF nota UN-31 / EN 300 220,EU ISM 868 MHz
863.000000,870.000000,ITA,CEPT-ITA,SRD (ISM) non-specific,PRIMARY,ISM 868 MHz EU,5.150 5.138,"LoRa EU868; Sigfox; Z-Wave EU; smart meters; weather sensors",MIMIT / EN 300 220,EU ISM 868 MHz
880.000000,915.000000,FRA,CEPT-FRA,MOBILE (GSM 900 / LTE Band 8 UL),PRIMARY,Mobile uplink,5.317A,"GSM 900 uplink; LTE Band 8 uplink (Orange, SFR, Bouygues, Free Mobile)",ARCEP,GSM/LTE 900 EU
880.000000,915.000000,DEU,CEPT-DEU,MOBILE (GSM 900 / LTE Band 8 UL),PRIMARY,Mobile uplink,5.317A,"GSM 900 uplink; LTE Band 8 uplink (Telekom, Vodafone, O2)",BNetzA,GSM/LTE 900 EU
880.000000,915.000000,GBR,CEPT-GBR,MOBILE (GSM 900 / LTE Band 8 UL),PRIMARY,Mobile uplink,5.317A,"GSM 900 uplink; LTE Band 8 uplink (EE, Vodafone, O2, Three)",Ofcom,GSM/LTE 900 EU
880.000000,915.000000,ESP,CEPT-ESP,MOBILE (GSM 900 / LTE Band 8 UL),PRIMARY,Mobile uplink,5.317A,"GSM 900 uplink; LTE Band 8 uplink (Movistar, Orange ES, Vodafone ES)",CNAF,GSM/LTE 900 EU
880.000000,915.000000,ITA,CEPT-ITA,MOBILE (GSM 900 / LTE Band 8 UL),PRIMARY,Mobile uplink,5.317A,"GSM 900 uplink; LTE Band 8 uplink (TIM, Vodafone IT, WindTre)",MIMIT,GSM/LTE 900 EU
1880.000000,1900.000000,FRA,CEPT-FRA,DECT,PRIMARY,Cordless phones,5.380A,"DECT cordless phones; baby monitors DECT",ARCEP / EN 300 175,EU DECT
1880.000000,1900.000000,DEU,CEPT-DEU,DECT,PRIMARY,Cordless phones,5.380A,"DECT cordless phones (Gigaset, AVM FRITZ!Fon); baby monitors",BNetzA / EN 300 175,EU DECT
1880.000000,1900.000000,GBR,CEPT-GBR,DECT,PRIMARY,Cordless phones,5.380A,"DECT cordless phones (BT, Panasonic); baby monitors",Ofcom / EN 300 175,EU DECT
1880.000000,1900.000000,ESP,CEPT-ESP,DECT,PRIMARY,Cordless phones,5.380A,"DECT cordless phones",CNAF / EN 300 175,EU DECT
1880.000000,1900.000000,ITA,CEPT-ITA,DECT,PRIMARY,Cordless phones,5.380A,"DECT cordless phones",MIMIT / EN 300 175,EU DECT
2400.000000,2483.500000,FRA,CEPT-FRA,SRD (ISM) / AMATEUR,PRIMARY,Wi-Fi/BT/Zigbee/uW oven,5.150 5.282,"Wi-Fi 2.4 GHz (802.11b/g/n/ax); Bluetooth Classic + BLE; Zigbee; microwave ovens; baby monitors; cordless phones; RC drones (DJI etc.)",ARCEP / EN 300 328,EU ISM 2.4 GHz
2400.000000,2483.500000,DEU,CEPT-DEU,SRD (ISM) / AMATEUR,PRIMARY,Wi-Fi/BT/Zigbee/uW oven,5.150 5.282,"Wi-Fi 2.4 GHz; Bluetooth; Zigbee; microwave ovens; baby monitors; RC drones",BNetzA / EN 300 328,EU ISM 2.4 GHz
2400.000000,2483.500000,GBR,CEPT-GBR,SRD (ISM) / AMATEUR,PRIMARY,Wi-Fi/BT/Zigbee/uW oven,5.150 5.282,"Wi-Fi 2.4 GHz; Bluetooth; Zigbee; microwave ovens; baby monitors; RC drones",Ofcom / EN 300 328,EU ISM 2.4 GHz
2400.000000,2483.500000,ESP,CEPT-ESP,SRD (ISM) / AMATEUR,PRIMARY,Wi-Fi/BT/Zigbee/uW oven,5.150 5.282,"Wi-Fi 2.4 GHz; Bluetooth; Zigbee; microwave ovens",CNAF / EN 300 328,EU ISM 2.4 GHz
2400.000000,2483.500000,ITA,CEPT-ITA,SRD (ISM) / AMATEUR,PRIMARY,Wi-Fi/BT/Zigbee/uW oven,5.150 5.282,"Wi-Fi 2.4 GHz; Bluetooth; Zigbee; microwave ovens",MIMIT / EN 300 328,EU ISM 2.4 GHz
5150.000000,5350.000000,FRA,CEPT-FRA,SRD (Wi-Fi U-NII-1/2A),PRIMARY,Wi-Fi 5 GHz lower (indoor only),5.446A,"Wi-Fi 5 GHz (802.11a/n/ac/ax); restricted indoor",ARCEP / EN 301 893,EU Wi-Fi UNII-1/2A indoor
5150.000000,5350.000000,DEU,CEPT-DEU,SRD (Wi-Fi U-NII-1/2A),PRIMARY,Wi-Fi 5 GHz lower (indoor only),5.446A,"Wi-Fi 5 GHz; indoor only",BNetzA / EN 301 893,EU Wi-Fi UNII-1/2A indoor
5150.000000,5350.000000,GBR,CEPT-GBR,SRD (Wi-Fi U-NII-1/2A),PRIMARY,Wi-Fi 5 GHz lower (indoor only),5.446A,"Wi-Fi 5 GHz; indoor only",Ofcom / EN 301 893,EU Wi-Fi UNII-1/2A indoor
5150.000000,5350.000000,ESP,CEPT-ESP,SRD (Wi-Fi U-NII-1/2A),PRIMARY,Wi-Fi 5 GHz lower (indoor only),5.446A,"Wi-Fi 5 GHz; indoor only",CNAF / EN 301 893,EU Wi-Fi UNII-1/2A indoor
5150.000000,5350.000000,ITA,CEPT-ITA,SRD (Wi-Fi U-NII-1/2A),PRIMARY,Wi-Fi 5 GHz lower (indoor only),5.446A,"Wi-Fi 5 GHz; indoor only",MIMIT / EN 301 893,EU Wi-Fi UNII-1/2A indoor
5925.000000,6425.000000,FRA,CEPT-FRA,SRD (Wi-Fi 6E),PRIMARY,Wi-Fi 6E lower band,5.446A,"Wi-Fi 6E (802.11ax/be); only lower 500 MHz available in EU (vs full 1.2 GHz in USA)",ARCEP décision n° 2021-1004 / ECC/DEC/(20)01,EU Wi-Fi 6E limited
5925.000000,6425.000000,DEU,CEPT-DEU,SRD (Wi-Fi 6E),PRIMARY,Wi-Fi 6E lower band,5.446A,"Wi-Fi 6E; lower 500 MHz only",BNetzA / ECC/DEC/(20)01,EU Wi-Fi 6E limited
5925.000000,6425.000000,GBR,CEPT-GBR,SRD (Wi-Fi 6E),PRIMARY,Wi-Fi 6E lower band,5.446A,"Wi-Fi 6E; lower 500 MHz",Ofcom / ECC/DEC/(20)01,EU Wi-Fi 6E limited
5925.000000,6425.000000,ESP,CEPT-ESP,SRD (Wi-Fi 6E),PRIMARY,Wi-Fi 6E lower band,5.446A,"Wi-Fi 6E; lower 500 MHz",CNAF / ECC/DEC/(20)01,EU Wi-Fi 6E limited
5925.000000,6425.000000,ITA,CEPT-ITA,SRD (Wi-Fi 6E),PRIMARY,Wi-Fi 6E lower band,5.446A,"Wi-Fi 6E; lower 500 MHz",MIMIT / ECC/DEC/(20)01,EU Wi-Fi 6E limited
312.0,315.0,CHE,CEPT-CHE,MOBILE (Military),PRIMARY,Military/govt UHF,CHE-NFAP-2026,Military UHF communications; no licence-exempt SRD in CH,OFCOM CH NFAP 2026 / ITU RR,CHE: 312–315 MHz MOBILE MIL only. No civil SRD. UWB passive per NFAP Annex 1.
315.0,322.0,CHE,CEPT-CHE,MOBILE (Military),PRIMARY,Military/govt UHF,CHE-NFAP-2026,Military UHF communications,OFCOM CH NFAP 2026 / ITU RR,CHE: 315–322 MHz MOBILE MIL only. No civil SRD.
322.0,328.6,CHE,CEPT-CHE,MOBILE (Military) | RADIO ASTRONOMY,PRIMARY,MIL UHF + Radio Astronomy (deuterium 327.4 MHz),CHE-NFAP-2026 5.149,Military UHF; passive radio astronomy (deuterium line 327.4 MHz),OFCOM CH NFAP 2026 / ITU RR 5.149,CHE: 322–328.6 MHz MIL + RADIO ASTRONOMY. No civil SRD. Passive radio astronomy protected.
328.6,335.4,CHE,CEPT-CHE,AERONAUTICAL RADIONAVIGATION (ILS Glide Slope),PRIMARY,ILS Glide Slope — instrument landing system,CHE-NFAP-2026 ICAO-Annex10,ILS glideslope receivers (aircraft approach); 40 channels 329.15–335 MHz / 150 kHz spacing,OFCOM CH NFAP 2026 / ICAO Annex 10 Vol I,CHE: ILS Glide Slope 328.6–335.4 MHz. AVIATION EXCLUSIVE. AM 90/150 Hz modulation. UWB passive per NFAP Annex 1.
335.4,380.0,CHE,CEPT-CHE,MOBILE (Military),PRIMARY,Military UHF / UWB (passive),CHE-NFAP-2026,Military UHF voice/data; UWB wideband SRD (passive only per NFAP Annex 1),OFCOM CH NFAP 2026 / ITU RR,CHE: 335.4–380 MHz MOBILE MIL. UWB wideband SRD passive permitted. No licence-exempt SRD TX.
380.0,385.0,CHE,CEPT-CHE,TETRA (Emergency — uplink),PRIMARY,"TETRA MS→BS uplink (police, fire, ambulance)",CHE-NFAP-2026 ERC-DEC-01-19 ECC-DEC-06-05,"TETRA radios (Polycom CH network — police, fire, REGA medical); uplink 380–385, downlink 390–395 MHz",OFCOM CH NFAP 2026 / ERC/DEC/(01)19 / ECC/DEC/(06)05,CHE: TETRA UL 380–385 MHz (duplex -10 MHz BS DL 390–395). π/4-DQPSK TDMA 25 kHz / 4 slots. LICENSED only.
385.0,387.0,CHE,CEPT-CHE,MOBILE PPDR (tuning range),PRIMARY,PPDR — Public Protection & Disaster Relief,CHE-NFAP-2026 ECC-DEC-08-05,TETRA/PPDR tuning range for emergency services,OFCOM CH NFAP 2026 / ECC/DEC/(08)05,CHE: 385–387 MHz PPDR tuning range. MOBILE CIV/MIL. No civil SRD.
387.0,390.0,CHE,CEPT-CHE,MOBILE (Military) | UWB,PRIMARY,Military UHF / UWB (passive),CHE-NFAP-2026,Military UHF; UWB wideband SRD passive,OFCOM CH NFAP 2026 / ITU RR,CHE: 387–390 MHz MIL + UWB passive. No civil SRD TX.
433.05,434.79,CHE,CEPT-CHE,SRD (ISM) non-specific,PRIMARY,ISM 433 MHz (10 mW / <10% DC),CHE-NFAP-2026 RIR1008-05 ERC-70-03,Car key fobs (RKE); garage openers; weather stations; LoRa fallback; wireless doorbells; smart home (10 mW ≤10% DC),OFCOM CH NFAP 2026 / RIR1008-05 / ERC/REC 70-03 / EN 300 220,"CHE ISM 433 MHz: 10 mW e.r.p., <10% duty cycle. Non-specific SRDs."
433.25,434.5,CHE,CEPT-CHE,SRD (ISM) high power,PRIMARY,ISM 433 MHz (500 mW / ≤1% DC),CHE-NFAP-2026 RIR1021-05 ERC-70-03,"High-power SRDs 433.25–434.50 MHz; 500 mW e.r.p., ≤1% DC",OFCOM CH NFAP 2026 / RIR1021-05 / EN 300 220,"CHE ISM 433 MHz high-power sub-band: 0.5 W e.r.p., ≤1% DC. Specific use cases only."
868.0,868.6,CHE,CEPT-CHE,SRD (ISM) non-specific,PRIMARY,ISM 868 MHz Band B (25 mW / ≤1% DC),CHE-NFAP-2026 RIR1008-06 ERC-70-03,LoRa EU868 (868.1/868.3/868.5 MHz channels); Sigfox; Z-Wave EU 868.42 MHz; MIOTY; smart meters; weather sensors,OFCOM CH NFAP 2026 / RIR1008-06 / ERC/REC 70-03 Annex 1 / EN 300 220,"CHE ISM 868.0–868.6 MHz: 25 mW e.r.p., ≤1% DC. Main IoT LoRa band."
869.4,869.65,CHE,CEPT-CHE,SRD (ISM) high power,PRIMARY,ISM 868 MHz Band D (500 mW / ≤10% DC),CHE-NFAP-2026 RIR1008-09 ERC-70-03,Alarms; emergency / security systems; LoRa EU868 DL (869.525 MHz),OFCOM CH NFAP 2026 / RIR1008-09 / ERC/REC 70-03 / EN 300 220,"CHE ISM 869.4–869.65 MHz: 500 mW e.r.p., ≤10% DC, BW max 25 kHz. Alarms & security."
2400.0,2483.5,CHE,CEPT-CHE,SRD (ISM) / AMATEUR,PRIMARY,Wi-Fi / BT / Zigbee / ISM 2.4 GHz,CHE-NFAP-2026 RIR1008-11 RIR1010-01 EN300328,Wi-Fi 2.4 GHz (802.11b/g/n/ax); Bluetooth Classic + BLE; Zigbee; microwave ovens; baby monitors; RC drones,OFCOM CH NFAP 2026 / RIR1008-11 / RIR1010-01 / ETSI EN 300 328,CHE ISM 2.4 GHz: 100 mW EIRP (Wi-Fi). WAS/RLAN + non-specific SRDs. Follows CEPT.
5150.0,5350.0,CHE,CEPT-CHE,SRD (Wi-Fi U-NII-1/2A),PRIMARY,Wi-Fi 5 GHz lower (indoor only),CHE-NFAP-2026 ECC-DEC-04-08 EN301893,Wi-Fi 5 GHz (802.11a/n/ac/ax); INDOOR ONLY; 200 mW EIRP,OFCOM CH NFAP 2026 / ECC/DEC/(04)08 / ETSI EN 301 893,CHE Wi-Fi 5 GHz 5150–5350 MHz: indoor only. DFS mandatory 5250–5350 MHz. Follows CEPT.
5470.0,5725.0,CHE,CEPT-CHE,SRD (Wi-Fi U-NII-2C),PRIMARY,Wi-Fi 5 GHz upper (DFS required),CHE-NFAP-2026 ECC-DEC-04-08 EN301893,Wi-Fi 5 GHz (802.11a/n/ac/ax); DFS mandatory (radar avoidance); 1 W EIRP,OFCOM CH NFAP 2026 / ECC/DEC/(04)08 / ETSI EN 301 893,"CHE Wi-Fi 5 GHz 5470–5725 MHz: outdoor permitted, DFS mandatory. Follows CEPT."
5945.0,6425.0,CHE,CEPT-CHE,SRD (Wi-Fi 6E),PRIMARY,Wi-Fi 6E lower 480 MHz band,CHE-NFAP-2026 RIR1010-11 ECC-DEC-20-01,Wi-Fi 6E (802.11ax/be); 5945–6425 MHz; indoor/low-power outdoor,OFCOM CH NFAP 2026 / RIR1010-11 / ECC/DEC/(20)01,CHE Wi-Fi 6E 5945–6425 MHz via RIR1010-11. Note: CH ≠ EU — verify exact NFAP Annex conditions. ~200 mW EIRP indoor.
26.957,27.283,NLD,CEPT-NLD,SRD (ISM) CB,PRIMARY,CB radio (40ch) + ISM 27 MHz,5.150,CB radios 40 channels (4W FM); RC toys; ISM industrial heaters,Agentschap Telecom / ERC 70-03 / ERC/REC 70-03,NLD follows CEPT harmonised CB allocation
433.05,434.79,NLD,CEPT-NLD,SRD (ISM) non-specific,PRIMARY,ISM 433 MHz (10 mW / <10% DC),5.138 5.150,Car key fobs (RKE); garage openers; weather stations; LoRa fallback; wireless doorbells; smart home,Agentschap Telecom / ERC 70-03 / ERC/REC 70-03 Annex 1 / EN 300 220,"NLD ISM 433 MHz: 10 mW e.r.p., <10% DC. Non-specific SRDs. Follows ERC/REC 70-03."
446.0,446.2,NLD,CEPT-NLD,PMR446 (Land Mobile),PRIMARY,License-free PMR walkie-talkies,5.286AA,PMR446 walkie-talkies (16 analog ch + 32 digital ch); hiking; events; construction,Agentschap Telecom / ERC 70-03 / ERC/DEC/(98)25 / EN 300 296,NLD PMR446 0.5W ERP 446.0–446.2 MHz harmonised. No licence required.
868.0,868.6,NLD,CEPT-NLD,SRD (ISM) non-specific,PRIMARY,ISM 868 MHz Band B (25 mW / ≤1% DC),5.138 5.150,LoRa EU868 (868.1/868.3/868.5 MHz channels 1-3); Sigfox EU; Z-Wave EU 868.42 MHz; MIOTY; smart meters; weather sensors,Agentschap Telecom / ERC 70-03 / ERC/REC 70-03 Annex 1 / EN 300 220,"NLD ISM 868.0–868.6 MHz: 25 mW e.r.p., ≤1% DC. Main IoT/LoRa band."
868.7,869.2,NLD,CEPT-NLD,SRD (ISM) non-specific,PRIMARY,ISM 868 MHz Band C (25 mW / ≤0.1% DC),5.138 5.150,Low-duty-cycle alarms; periodic meters,Agentschap Telecom / ERC 70-03 / ERC/REC 70-03 Annex 1 / EN 300 220,"NLD ISM 868.7–869.2 MHz: 25 mW e.r.p., ≤0.1% DC."
869.4,869.65,NLD,CEPT-NLD,SRD (ISM) high power,PRIMARY,ISM 868 MHz Band D (500 mW / ≤10% DC),5.138 5.150,Alarms; security systems; LoRa EU868 downlink (869.525 MHz); building access,Agentschap Telecom / ERC 70-03 / ERC/REC 70-03 Annex 1 / EN 300 220,"NLD ISM 869.4–869.65 MHz: 500 mW e.r.p., ≤10% DC, BW max 25 kHz."
380.0,400.0,NLD,CEPT-NLD,TETRA (Emergency),PRIMARY,Public Safety TETRA,5.286A,"TETRA emergency services radios (police, fire, ambulance); national digital PMR network",Agentschap Telecom / ERC 70-03 / ECC/DEC/(08)05 / ECC/DEC/(06)05 / ERC/DEC/(01)19,"NLD TETRA emergency: 380–385 MHz UL, 390–395 MHz DL. π/4-DQPSK 25 kHz TDMA. LICENSED."
144.0,146.0,NLD,CEPT-NLD,AMATEUR,PRIMARY,2m amateur band,5.216,2m ham (FT8; FM repeaters; APRS 144.800 MHz; EME; meteor scatter; satellite links),Agentschap Telecom / ERC 70-03 / IARU Region 1 band plan,NLD 2m amateur 144–146 MHz. Licensed only. APRS 144.800 MHz.
430.0,440.0,NLD,CEPT-NLD,AMATEUR,SECONDARY,70cm amateur + ISM 433 MHz overlap,5.270 5.282,"70cm ham (repeaters, ATV, EME); overlaps ISM 433.05–434.79 MHz",Agentschap Telecom / ERC 70-03 / IARU Region 1 band plan,NLD 70cm ham 430–440 MHz (secondary). ISM 433 MHz sub-band coexists.
2400.0,2483.5,NLD,CEPT-NLD,SRD (ISM) / AMATEUR,PRIMARY,Wi-Fi / BT / Zigbee / ISM 2.4 GHz,5.150 5.282,Wi-Fi 2.4 GHz (802.11b/g/n/ax ch 1-13); Bluetooth Classic + BLE (2402–2480 MHz); Zigbee (ch 11-26); microwave ovens; baby monitors; RC drones,Agentschap Telecom / ERC 70-03 / ETSI EN 300 328,"NLD ISM 2.4 GHz: 100 mW EIRP (Wi-Fi), 13 Wi-Fi channels. Follows CEPT."
5150.0,5350.0,NLD,CEPT-NLD,SRD (Wi-Fi U-NII-1/2A),PRIMARY,Wi-Fi 5 GHz lower (indoor only),5.446A,Wi-Fi 5 GHz (802.11a/n/ac/ax); INDOOR ONLY in EU; 200 mW EIRP max,Agentschap Telecom / ERC 70-03 / ECC/DEC/(04)08 / ETSI EN 301 893,NLD Wi-Fi 5 GHz 5150–5350 MHz indoor only. DFS mandatory 5250–5350 MHz.
5470.0,5725.0,NLD,CEPT-NLD,SRD (Wi-Fi U-NII-2C),PRIMARY,"Wi-Fi 5 GHz upper (DFS required, outdoor ok)",5.446A,Wi-Fi 5 GHz (802.11a/n/ac/ax); DFS mandatory; 1 W EIRP,Agentschap Telecom / ERC 70-03 / ECC/DEC/(04)08 / ETSI EN 301 893,"NLD Wi-Fi 5 GHz 5470–5725 MHz: outdoor permitted, DFS mandatory."
5925.0,6425.0,NLD,CEPT-NLD,SRD (Wi-Fi 6E),PRIMARY,Wi-Fi 6E lower 500 MHz (EU),5.446A,Wi-Fi 6E (802.11ax/be); 5925–6425 MHz (EU); 6 GHz channels 1–93,Agentschap Telecom / ERC 70-03 / ECC/DEC/(20)01 / ETSI EN 302 567,NLD Wi-Fi 6E 5925–6425 MHz: EU harmonised per ECC/DEC/(20)01. Only 500 MHz (vs 1200 MHz USA).
880.0,915.0,NLD,CEPT-NLD,MOBILE (GSM 900 / LTE Band 8 UL),PRIMARY,Mobile uplink 900 MHz,5.317A,GSM 900 uplink; LTE Band 8 uplink (smartphone to tower); 4G/5G NSA,Agentschap Telecom / ERC 70-03 / 3GPP TS 45.005 / ETSI TS 136 104,NLD GSM/LTE 900 UL 880–915 MHz.
925.0,960.0,NLD,CEPT-NLD,MOBILE (GSM 900 / LTE Band 8 DL),PRIMARY,Mobile downlink 900 MHz,5.317A,GSM 900 downlink; LTE Band 8 downlink (tower to smartphone); coverage band,Agentschap Telecom / ERC 70-03 / 3GPP TS 45.005 / ETSI TS 136 104,NLD GSM/LTE 900 DL 925–960 MHz.
1710.0,1785.0,NLD,CEPT-NLD,MOBILE (DCS 1800 / LTE Band 3 UL),PRIMARY,Mobile uplink 1800 MHz,5.341A,GSM 1800 uplink; LTE Band 3 UL (most common EU 4G band); 5G NR n3,Agentschap Telecom / ERC 70-03 / 3GPP TS 45.005,NLD DCS 1800 / LTE Band 3 UL 1710–1785 MHz.
1805.0,1880.0,NLD,CEPT-NLD,MOBILE (DCS 1800 / LTE Band 3 DL),PRIMARY,Mobile downlink 1800 MHz,5.341A,GSM 1800 downlink; LTE Band 3 DL; used by virtually all EU operators,Agentschap Telecom / ERC 70-03 / 3GPP TS 45.005,NLD DCS 1800 / LTE Band 3 DL 1805–1880 MHz.
1880.0,1900.0,NLD,CEPT-NLD,DECT,PRIMARY,DECT cordless phones,5.380A,DECT cordless phones; DECT baby monitors; DECT-2020 NR; DECT-ULE IoT,Agentschap Telecom / ERC 70-03 / ETSI EN 300 175,NLD DECT 1880–1900 MHz. 10 carriers 1881.792–1897.344 MHz.
26.957,27.283,BEL,CEPT-BEL,SRD (ISM) CB,PRIMARY,CB radio (40ch) + ISM 27 MHz,5.150,CB radios 40 channels (4W FM); RC toys; ISM industrial heaters,BIPT/IBPT / ERC 70-03 / ERC/REC 70-03,BEL follows CEPT harmonised CB allocation
433.05,434.79,BEL,CEPT-BEL,SRD (ISM) non-specific,PRIMARY,ISM 433 MHz (10 mW / <10% DC),5.138 5.150,Car key fobs (RKE); garage openers; weather stations; LoRa fallback; wireless doorbells; smart home,BIPT/IBPT / ERC 70-03 / ERC/REC 70-03 Annex 1 / EN 300 220,"BEL ISM 433 MHz: 10 mW e.r.p., <10% DC. Non-specific SRDs. Follows ERC/REC 70-03."
446.0,446.2,BEL,CEPT-BEL,PMR446 (Land Mobile),PRIMARY,License-free PMR walkie-talkies,5.286AA,PMR446 walkie-talkies (16 analog ch + 32 digital ch); hiking; events; construction,BIPT/IBPT / ERC 70-03 / ERC/DEC/(98)25 / EN 300 296,BEL PMR446 0.5W ERP 446.0–446.2 MHz harmonised. No licence required.
868.0,868.6,BEL,CEPT-BEL,SRD (ISM) non-specific,PRIMARY,ISM 868 MHz Band B (25 mW / ≤1% DC),5.138 5.150,LoRa EU868 (868.1/868.3/868.5 MHz channels 1-3); Sigfox EU; Z-Wave EU 868.42 MHz; MIOTY; smart meters; weather sensors,BIPT/IBPT / ERC 70-03 / ERC/REC 70-03 Annex 1 / EN 300 220,"BEL ISM 868.0–868.6 MHz: 25 mW e.r.p., ≤1% DC. Main IoT/LoRa band."
868.7,869.2,BEL,CEPT-BEL,SRD (ISM) non-specific,PRIMARY,ISM 868 MHz Band C (25 mW / ≤0.1% DC),5.138 5.150,Low-duty-cycle alarms; periodic meters,BIPT/IBPT / ERC 70-03 / ERC/REC 70-03 Annex 1 / EN 300 220,"BEL ISM 868.7–869.2 MHz: 25 mW e.r.p., ≤0.1% DC."
869.4,869.65,BEL,CEPT-BEL,SRD (ISM) high power,PRIMARY,ISM 868 MHz Band D (500 mW / ≤10% DC),5.138 5.150,Alarms; security systems; LoRa EU868 downlink (869.525 MHz); building access,BIPT/IBPT / ERC 70-03 / ERC/REC 70-03 Annex 1 / EN 300 220,"BEL ISM 869.4–869.65 MHz: 500 mW e.r.p., ≤10% DC, BW max 25 kHz."
380.0,400.0,BEL,CEPT-BEL,TETRA (Emergency),PRIMARY,Public Safety TETRA,5.286A,"TETRA emergency services radios (police, fire, ambulance); national digital PMR network",BIPT/IBPT / ERC 70-03 / ECC/DEC/(08)05 / ECC/DEC/(06)05 / ERC/DEC/(01)19,"BEL TETRA emergency: 380–385 MHz UL, 390–395 MHz DL. π/4-DQPSK 25 kHz TDMA. LICENSED."
144.0,146.0,BEL,CEPT-BEL,AMATEUR,PRIMARY,2m amateur band,5.216,2m ham (FT8; FM repeaters; APRS 144.800 MHz; EME; meteor scatter; satellite links),BIPT/IBPT / ERC 70-03 / IARU Region 1 band plan,BEL 2m amateur 144–146 MHz. Licensed only. APRS 144.800 MHz.
430.0,440.0,BEL,CEPT-BEL,AMATEUR,SECONDARY,70cm amateur + ISM 433 MHz overlap,5.270 5.282,"70cm ham (repeaters, ATV, EME); overlaps ISM 433.05–434.79 MHz",BIPT/IBPT / ERC 70-03 / IARU Region 1 band plan,BEL 70cm ham 430–440 MHz (secondary). ISM 433 MHz sub-band coexists.
2400.0,2483.5,BEL,CEPT-BEL,SRD (ISM) / AMATEUR,PRIMARY,Wi-Fi / BT / Zigbee / ISM 2.4 GHz,5.150 5.282,Wi-Fi 2.4 GHz (802.11b/g/n/ax ch 1-13); Bluetooth Classic + BLE (2402–2480 MHz); Zigbee (ch 11-26); microwave ovens; baby monitors; RC drones,BIPT/IBPT / ERC 70-03 / ETSI EN 300 328,"BEL ISM 2.4 GHz: 100 mW EIRP (Wi-Fi), 13 Wi-Fi channels. Follows CEPT."
5150.0,5350.0,BEL,CEPT-BEL,SRD (Wi-Fi U-NII-1/2A),PRIMARY,Wi-Fi 5 GHz lower (indoor only),5.446A,Wi-Fi 5 GHz (802.11a/n/ac/ax); INDOOR ONLY in EU; 200 mW EIRP max,BIPT/IBPT / ERC 70-03 / ECC/DEC/(04)08 / ETSI EN 301 893,BEL Wi-Fi 5 GHz 5150–5350 MHz indoor only. DFS mandatory 5250–5350 MHz.
5470.0,5725.0,BEL,CEPT-BEL,SRD (Wi-Fi U-NII-2C),PRIMARY,"Wi-Fi 5 GHz upper (DFS required, outdoor ok)",5.446A,Wi-Fi 5 GHz (802.11a/n/ac/ax); DFS mandatory; 1 W EIRP,BIPT/IBPT / ERC 70-03 / ECC/DEC/(04)08 / ETSI EN 301 893,"BEL Wi-Fi 5 GHz 5470–5725 MHz: outdoor permitted, DFS mandatory."
5925.0,6425.0,BEL,CEPT-BEL,SRD (Wi-Fi 6E),PRIMARY,Wi-Fi 6E lower 500 MHz (EU),5.446A,Wi-Fi 6E (802.11ax/be); 5925–6425 MHz (EU); 6 GHz channels 1–93,BIPT/IBPT / ERC 70-03 / ECC/DEC/(20)01 / ETSI EN 302 567,BEL Wi-Fi 6E 5925–6425 MHz: EU harmonised per ECC/DEC/(20)01. Only 500 MHz (vs 1200 MHz USA).
880.0,915.0,BEL,CEPT-BEL,MOBILE (GSM 900 / LTE Band 8 UL),PRIMARY,Mobile uplink 900 MHz,5.317A,GSM 900 uplink; LTE Band 8 uplink (smartphone to tower); 4G/5G NSA,BIPT/IBPT / ERC 70-03 / 3GPP TS 45.005 / ETSI TS 136 104,BEL GSM/LTE 900 UL 880–915 MHz.
925.0,960.0,BEL,CEPT-BEL,MOBILE (GSM 900 / LTE Band 8 DL),PRIMARY,Mobile downlink 900 MHz,5.317A,GSM 900 downlink; LTE Band 8 downlink (tower to smartphone); coverage band,BIPT/IBPT / ERC 70-03 / 3GPP TS 45.005 / ETSI TS 136 104,BEL GSM/LTE 900 DL 925–960 MHz.
1710.0,1785.0,BEL,CEPT-BEL,MOBILE (DCS 1800 / LTE Band 3 UL),PRIMARY,Mobile uplink 1800 MHz,5.341A,GSM 1800 uplink; LTE Band 3 UL (most common EU 4G band); 5G NR n3,BIPT/IBPT / ERC 70-03 / 3GPP TS 45.005,BEL DCS 1800 / LTE Band 3 UL 1710–1785 MHz.
1805.0,1880.0,BEL,CEPT-BEL,MOBILE (DCS 1800 / LTE Band 3 DL),PRIMARY,Mobile downlink 1800 MHz,5.341A,GSM 1800 downlink; LTE Band 3 DL; used by virtually all EU operators,BIPT/IBPT / ERC 70-03 / 3GPP TS 45.005,BEL DCS 1800 / LTE Band 3 DL 1805–1880 MHz.
1880.0,1900.0,BEL,CEPT-BEL,DECT,PRIMARY,DECT cordless phones,5.380A,DECT cordless phones; DECT baby monitors; DECT-2020 NR; DECT-ULE IoT,BIPT/IBPT / ERC 70-03 / ETSI EN 300 175,BEL DECT 1880–1900 MHz. 10 carriers 1881.792–1897.344 MHz.
26.957,27.283,AUT,CEPT-AUT,SRD (ISM) CB,PRIMARY,CB radio (40ch) + ISM 27 MHz,5.150,CB radios 40 channels (4W FM); RC toys; ISM industrial heaters,RTR-GmbH / ERC 70-03 / ERC/REC 70-03,AUT follows CEPT harmonised CB allocation
433.05,434.79,AUT,CEPT-AUT,SRD (ISM) non-specific,PRIMARY,ISM 433 MHz (10 mW / <10% DC),5.138 5.150,Car key fobs (RKE); garage openers; weather stations; LoRa fallback; wireless doorbells; smart home,RTR-GmbH / ERC 70-03 / ERC/REC 70-03 Annex 1 / EN 300 220,"AUT ISM 433 MHz: 10 mW e.r.p., <10% DC. Non-specific SRDs. Follows ERC/REC 70-03."
446.0,446.2,AUT,CEPT-AUT,PMR446 (Land Mobile),PRIMARY,License-free PMR walkie-talkies,5.286AA,PMR446 walkie-talkies (16 analog ch + 32 digital ch); hiking; events; construction,RTR-GmbH / ERC 70-03 / ERC/DEC/(98)25 / EN 300 296,AUT PMR446 0.5W ERP 446.0–446.2 MHz harmonised. No licence required.
868.0,868.6,AUT,CEPT-AUT,SRD (ISM) non-specific,PRIMARY,ISM 868 MHz Band B (25 mW / ≤1% DC),5.138 5.150,LoRa EU868 (868.1/868.3/868.5 MHz channels 1-3); Sigfox EU; Z-Wave EU 868.42 MHz; MIOTY; smart meters; weather sensors,RTR-GmbH / ERC 70-03 / ERC/REC 70-03 Annex 1 / EN 300 220,"AUT ISM 868.0–868.6 MHz: 25 mW e.r.p., ≤1% DC. Main IoT/LoRa band."
868.7,869.2,AUT,CEPT-AUT,SRD (ISM) non-specific,PRIMARY,ISM 868 MHz Band C (25 mW / ≤0.1% DC),5.138 5.150,Low-duty-cycle alarms; periodic meters,RTR-GmbH / ERC 70-03 / ERC/REC 70-03 Annex 1 / EN 300 220,"AUT ISM 868.7–869.2 MHz: 25 mW e.r.p., ≤0.1% DC."
869.4,869.65,AUT,CEPT-AUT,SRD (ISM) high power,PRIMARY,ISM 868 MHz Band D (500 mW / ≤10% DC),5.138 5.150,Alarms; security systems; LoRa EU868 downlink (869.525 MHz); building access,RTR-GmbH / ERC 70-03 / ERC/REC 70-03 Annex 1 / EN 300 220,"AUT ISM 869.4–869.65 MHz: 500 mW e.r.p., ≤10% DC, BW max 25 kHz."
380.0,400.0,AUT,CEPT-AUT,TETRA (Emergency),PRIMARY,Public Safety TETRA,5.286A,"TETRA emergency services radios (police, fire, ambulance); national digital PMR network",RTR-GmbH / ERC 70-03 / ECC/DEC/(08)05 / ECC/DEC/(06)05 / ERC/DEC/(01)19,"AUT TETRA emergency: 380–385 MHz UL, 390–395 MHz DL. π/4-DQPSK 25 kHz TDMA. LICENSED."
144.0,146.0,AUT,CEPT-AUT,AMATEUR,PRIMARY,2m amateur band,5.216,2m ham (FT8; FM repeaters; APRS 144.800 MHz; EME; meteor scatter; satellite links),RTR-GmbH / ERC 70-03 / IARU Region 1 band plan,AUT 2m amateur 144–146 MHz. Licensed only. APRS 144.800 MHz.
430.0,440.0,AUT,CEPT-AUT,AMATEUR,SECONDARY,70cm amateur + ISM 433 MHz overlap,5.270 5.282,"70cm ham (repeaters, ATV, EME); overlaps ISM 433.05–434.79 MHz",RTR-GmbH / ERC 70-03 / IARU Region 1 band plan,AUT 70cm ham 430–440 MHz (secondary). ISM 433 MHz sub-band coexists.
2400.0,2483.5,AUT,CEPT-AUT,SRD (ISM) / AMATEUR,PRIMARY,Wi-Fi / BT / Zigbee / ISM 2.4 GHz,5.150 5.282,Wi-Fi 2.4 GHz (802.11b/g/n/ax ch 1-13); Bluetooth Classic + BLE (2402–2480 MHz); Zigbee (ch 11-26); microwave ovens; baby monitors; RC drones,RTR-GmbH / ERC 70-03 / ETSI EN 300 328,"AUT ISM 2.4 GHz: 100 mW EIRP (Wi-Fi), 13 Wi-Fi channels. Follows CEPT."
5150.0,5350.0,AUT,CEPT-AUT,SRD (Wi-Fi U-NII-1/2A),PRIMARY,Wi-Fi 5 GHz lower (indoor only),5.446A,Wi-Fi 5 GHz (802.11a/n/ac/ax); INDOOR ONLY in EU; 200 mW EIRP max,RTR-GmbH / ERC 70-03 / ECC/DEC/(04)08 / ETSI EN 301 893,AUT Wi-Fi 5 GHz 5150–5350 MHz indoor only. DFS mandatory 5250–5350 MHz.
5470.0,5725.0,AUT,CEPT-AUT,SRD (Wi-Fi U-NII-2C),PRIMARY,"Wi-Fi 5 GHz upper (DFS required, outdoor ok)",5.446A,Wi-Fi 5 GHz (802.11a/n/ac/ax); DFS mandatory; 1 W EIRP,RTR-GmbH / ERC 70-03 / ECC/DEC/(04)08 / ETSI EN 301 893,"AUT Wi-Fi 5 GHz 5470–5725 MHz: outdoor permitted, DFS mandatory."
5925.0,6425.0,AUT,CEPT-AUT,SRD (Wi-Fi 6E),PRIMARY,Wi-Fi 6E lower 500 MHz (EU),5.446A,Wi-Fi 6E (802.11ax/be); 5925–6425 MHz (EU); 6 GHz channels 1–93,RTR-GmbH / ERC 70-03 / ECC/DEC/(20)01 / ETSI EN 302 567,AUT Wi-Fi 6E 5925–6425 MHz: EU harmonised per ECC/DEC/(20)01. Only 500 MHz (vs 1200 MHz USA).
880.0,915.0,AUT,CEPT-AUT,MOBILE (GSM 900 / LTE Band 8 UL),PRIMARY,Mobile uplink 900 MHz,5.317A,GSM 900 uplink; LTE Band 8 uplink (smartphone to tower); 4G/5G NSA,RTR-GmbH / ERC 70-03 / 3GPP TS 45.005 / ETSI TS 136 104,AUT GSM/LTE 900 UL 880–915 MHz.
925.0,960.0,AUT,CEPT-AUT,MOBILE (GSM 900 / LTE Band 8 DL),PRIMARY,Mobile downlink 900 MHz,5.317A,GSM 900 downlink; LTE Band 8 downlink (tower to smartphone); coverage band,RTR-GmbH / ERC 70-03 / 3GPP TS 45.005 / ETSI TS 136 104,AUT GSM/LTE 900 DL 925–960 MHz.
1710.0,1785.0,AUT,CEPT-AUT,MOBILE (DCS 1800 / LTE Band 3 UL),PRIMARY,Mobile uplink 1800 MHz,5.341A,GSM 1800 uplink; LTE Band 3 UL (most common EU 4G band); 5G NR n3,RTR-GmbH / ERC 70-03 / 3GPP TS 45.005,AUT DCS 1800 / LTE Band 3 UL 1710–1785 MHz.
1805.0,1880.0,AUT,CEPT-AUT,MOBILE (DCS 1800 / LTE Band 3 DL),PRIMARY,Mobile downlink 1800 MHz,5.341A,GSM 1800 downlink; LTE Band 3 DL; used by virtually all EU operators,RTR-GmbH / ERC 70-03 / 3GPP TS 45.005,AUT DCS 1800 / LTE Band 3 DL 1805–1880 MHz.
1880.0,1900.0,AUT,CEPT-AUT,DECT,PRIMARY,DECT cordless phones,5.380A,DECT cordless phones; DECT baby monitors; DECT-2020 NR; DECT-ULE IoT,RTR-GmbH / ERC 70-03 / ETSI EN 300 175,AUT DECT 1880–1900 MHz. 10 carriers 1881.792–1897.344 MHz.
26.957,27.283,NOR,CEPT-NOR,SRD (ISM) CB,PRIMARY,CB radio (40ch) + ISM 27 MHz,5.150,CB radios 40 channels (4W FM); RC toys; ISM industrial heaters,Nkom / ERC 70-03 / ERC/REC 70-03,NOR follows CEPT harmonised CB allocation
433.05,434.79,NOR,CEPT-NOR,SRD (ISM) non-specific,PRIMARY,ISM 433 MHz (10 mW / <10% DC),5.138 5.150,Car key fobs (RKE); garage openers; weather stations; LoRa fallback; wireless doorbells; smart home,Nkom / ERC 70-03 / ERC/REC 70-03 Annex 1 / EN 300 220,"NOR ISM 433 MHz: 10 mW e.r.p., <10% DC. Non-specific SRDs. Follows ERC/REC 70-03."
446.0,446.2,NOR,CEPT-NOR,PMR446 (Land Mobile),PRIMARY,License-free PMR walkie-talkies,5.286AA,PMR446 walkie-talkies (16 analog ch + 32 digital ch); hiking; events; construction,Nkom / ERC 70-03 / ERC/DEC/(98)25 / EN 300 296,NOR PMR446 0.5W ERP 446.0–446.2 MHz harmonised. No licence required.
868.0,868.6,NOR,CEPT-NOR,SRD (ISM) non-specific,PRIMARY,ISM 868 MHz Band B (25 mW / ≤1% DC),5.138 5.150,LoRa EU868 (868.1/868.3/868.5 MHz channels 1-3); Sigfox EU; Z-Wave EU 868.42 MHz; MIOTY; smart meters; weather sensors,Nkom / ERC 70-03 / ERC/REC 70-03 Annex 1 / EN 300 220,"NOR ISM 868.0–868.6 MHz: 25 mW e.r.p., ≤1% DC. Main IoT/LoRa band."
868.7,869.2,NOR,CEPT-NOR,SRD (ISM) non-specific,PRIMARY,ISM 868 MHz Band C (25 mW / ≤0.1% DC),5.138 5.150,Low-duty-cycle alarms; periodic meters,Nkom / ERC 70-03 / ERC/REC 70-03 Annex 1 / EN 300 220,"NOR ISM 868.7–869.2 MHz: 25 mW e.r.p., ≤0.1% DC."
869.4,869.65,NOR,CEPT-NOR,SRD (ISM) high power,PRIMARY,ISM 868 MHz Band D (500 mW / ≤10% DC),5.138 5.150,Alarms; security systems; LoRa EU868 downlink (869.525 MHz); building access,Nkom / ERC 70-03 / ERC/REC 70-03 Annex 1 / EN 300 220,"NOR ISM 869.4–869.65 MHz: 500 mW e.r.p., ≤10% DC, BW max 25 kHz."
380.0,400.0,NOR,CEPT-NOR,TETRA (Emergency),PRIMARY,Public Safety TETRA,5.286A,"TETRA emergency services radios (police, fire, ambulance); national digital PMR network",Nkom / ERC 70-03 / ECC/DEC/(08)05 / ECC/DEC/(06)05 / ERC/DEC/(01)19,"NOR TETRA emergency: 380–385 MHz UL, 390–395 MHz DL. π/4-DQPSK 25 kHz TDMA. LICENSED."
144.0,146.0,NOR,CEPT-NOR,AMATEUR,PRIMARY,2m amateur band,5.216,2m ham (FT8; FM repeaters; APRS 144.800 MHz; EME; meteor scatter; satellite links),Nkom / ERC 70-03 / IARU Region 1 band plan,NOR 2m amateur 144–146 MHz. Licensed only. APRS 144.800 MHz.
430.0,440.0,NOR,CEPT-NOR,AMATEUR,SECONDARY,70cm amateur + ISM 433 MHz overlap,5.270 5.282,"70cm ham (repeaters, ATV, EME); overlaps ISM 433.05–434.79 MHz",Nkom / ERC 70-03 / IARU Region 1 band plan,NOR 70cm ham 430–440 MHz (secondary). ISM 433 MHz sub-band coexists.
2400.0,2483.5,NOR,CEPT-NOR,SRD (ISM) / AMATEUR,PRIMARY,Wi-Fi / BT / Zigbee / ISM 2.4 GHz,5.150 5.282,Wi-Fi 2.4 GHz (802.11b/g/n/ax ch 1-13); Bluetooth Classic + BLE (2402–2480 MHz); Zigbee (ch 11-26); microwave ovens; baby monitors; RC drones,Nkom / ERC 70-03 / ETSI EN 300 328,"NOR ISM 2.4 GHz: 100 mW EIRP (Wi-Fi), 13 Wi-Fi channels. Follows CEPT."
5150.0,5350.0,NOR,CEPT-NOR,SRD (Wi-Fi U-NII-1/2A),PRIMARY,Wi-Fi 5 GHz lower (indoor only),5.446A,Wi-Fi 5 GHz (802.11a/n/ac/ax); INDOOR ONLY in EU; 200 mW EIRP max,Nkom / ERC 70-03 / ECC/DEC/(04)08 / ETSI EN 301 893,NOR Wi-Fi 5 GHz 5150–5350 MHz indoor only. DFS mandatory 5250–5350 MHz.
5470.0,5725.0,NOR,CEPT-NOR,SRD (Wi-Fi U-NII-2C),PRIMARY,"Wi-Fi 5 GHz upper (DFS required, outdoor ok)",5.446A,Wi-Fi 5 GHz (802.11a/n/ac/ax); DFS mandatory; 1 W EIRP,Nkom / ERC 70-03 / ECC/DEC/(04)08 / ETSI EN 301 893,"NOR Wi-Fi 5 GHz 5470–5725 MHz: outdoor permitted, DFS mandatory."
5925.0,6425.0,NOR,CEPT-NOR,SRD (Wi-Fi 6E),PRIMARY,Wi-Fi 6E lower 500 MHz (EU),5.446A,Wi-Fi 6E (802.11ax/be); 5925–6425 MHz (EU); 6 GHz channels 1–93,Nkom / ERC 70-03 / ECC/DEC/(20)01 / ETSI EN 302 567,NOR Wi-Fi 6E 5925–6425 MHz: EU harmonised per ECC/DEC/(20)01. Only 500 MHz (vs 1200 MHz USA).
880.0,915.0,NOR,CEPT-NOR,MOBILE (GSM 900 / LTE Band 8 UL),PRIMARY,Mobile uplink 900 MHz,5.317A,GSM 900 uplink; LTE Band 8 uplink (smartphone to tower); 4G/5G NSA,Nkom / ERC 70-03 / 3GPP TS 45.005 / ETSI TS 136 104,NOR GSM/LTE 900 UL 880–915 MHz.
925.0,960.0,NOR,CEPT-NOR,MOBILE (GSM 900 / LTE Band 8 DL),PRIMARY,Mobile downlink 900 MHz,5.317A,GSM 900 downlink; LTE Band 8 downlink (tower to smartphone); coverage band,Nkom / ERC 70-03 / 3GPP TS 45.005 / ETSI TS 136 104,NOR GSM/LTE 900 DL 925–960 MHz.
1710.0,1785.0,NOR,CEPT-NOR,MOBILE (DCS 1800 / LTE Band 3 UL),PRIMARY,Mobile uplink 1800 MHz,5.341A,GSM 1800 uplink; LTE Band 3 UL (most common EU 4G band); 5G NR n3,Nkom / ERC 70-03 / 3GPP TS 45.005,NOR DCS 1800 / LTE Band 3 UL 1710–1785 MHz.
1805.0,1880.0,NOR,CEPT-NOR,MOBILE (DCS 1800 / LTE Band 3 DL),PRIMARY,Mobile downlink 1800 MHz,5.341A,GSM 1800 downlink; LTE Band 3 DL; used by virtually all EU operators,Nkom / ERC 70-03 / 3GPP TS 45.005,NOR DCS 1800 / LTE Band 3 DL 1805–1880 MHz.
1880.0,1900.0,NOR,CEPT-NOR,DECT,PRIMARY,DECT cordless phones,5.380A,DECT cordless phones; DECT baby monitors; DECT-2020 NR; DECT-ULE IoT,Nkom / ERC 70-03 / ETSI EN 300 175,NOR DECT 1880–1900 MHz. 10 carriers 1881.792–1897.344 MHz.
26.957,27.283,SWE,CEPT-SWE,SRD (ISM) CB,PRIMARY,CB radio (40ch) + ISM 27 MHz,5.150,CB radios 40 channels (4W FM); RC toys; ISM industrial heaters,PTS / ERC 70-03 / ERC/REC 70-03,SWE follows CEPT harmonised CB allocation
433.05,434.79,SWE,CEPT-SWE,SRD (ISM) non-specific,PRIMARY,ISM 433 MHz (10 mW / <10% DC),5.138 5.150,Car key fobs (RKE); garage openers; weather stations; LoRa fallback; wireless doorbells; smart home,PTS / ERC 70-03 / ERC/REC 70-03 Annex 1 / EN 300 220,"SWE ISM 433 MHz: 10 mW e.r.p., <10% DC. Non-specific SRDs. Follows ERC/REC 70-03."
446.0,446.2,SWE,CEPT-SWE,PMR446 (Land Mobile),PRIMARY,License-free PMR walkie-talkies,5.286AA,PMR446 walkie-talkies (16 analog ch + 32 digital ch); hiking; events; construction,PTS / ERC 70-03 / ERC/DEC/(98)25 / EN 300 296,SWE PMR446 0.5W ERP 446.0–446.2 MHz harmonised. No licence required.
868.0,868.6,SWE,CEPT-SWE,SRD (ISM) non-specific,PRIMARY,ISM 868 MHz Band B (25 mW / ≤1% DC),5.138 5.150,LoRa EU868 (868.1/868.3/868.5 MHz channels 1-3); Sigfox EU; Z-Wave EU 868.42 MHz; MIOTY; smart meters; weather sensors,PTS / ERC 70-03 / ERC/REC 70-03 Annex 1 / EN 300 220,"SWE ISM 868.0–868.6 MHz: 25 mW e.r.p., ≤1% DC. Main IoT/LoRa band."
868.7,869.2,SWE,CEPT-SWE,SRD (ISM) non-specific,PRIMARY,ISM 868 MHz Band C (25 mW / ≤0.1% DC),5.138 5.150,Low-duty-cycle alarms; periodic meters,PTS / ERC 70-03 / ERC/REC 70-03 Annex 1 / EN 300 220,"SWE ISM 868.7–869.2 MHz: 25 mW e.r.p., ≤0.1% DC."
869.4,869.65,SWE,CEPT-SWE,SRD (ISM) high power,PRIMARY,ISM 868 MHz Band D (500 mW / ≤10% DC),5.138 5.150,Alarms; security systems; LoRa EU868 downlink (869.525 MHz); building access,PTS / ERC 70-03 / ERC/REC 70-03 Annex 1 / EN 300 220,"SWE ISM 869.4–869.65 MHz: 500 mW e.r.p., ≤10% DC, BW max 25 kHz."
380.0,400.0,SWE,CEPT-SWE,TETRA (Emergency),PRIMARY,Public Safety TETRA,5.286A,"TETRA emergency services radios (police, fire, ambulance); national digital PMR network",PTS / ERC 70-03 / ECC/DEC/(08)05 / ECC/DEC/(06)05 / ERC/DEC/(01)19,"SWE TETRA emergency: 380–385 MHz UL, 390–395 MHz DL. π/4-DQPSK 25 kHz TDMA. LICENSED."
144.0,146.0,SWE,CEPT-SWE,AMATEUR,PRIMARY,2m amateur band,5.216,2m ham (FT8; FM repeaters; APRS 144.800 MHz; EME; meteor scatter; satellite links),PTS / ERC 70-03 / IARU Region 1 band plan,SWE 2m amateur 144–146 MHz. Licensed only. APRS 144.800 MHz.
430.0,440.0,SWE,CEPT-SWE,AMATEUR,SECONDARY,70cm amateur + ISM 433 MHz overlap,5.270 5.282,"70cm ham (repeaters, ATV, EME); overlaps ISM 433.05–434.79 MHz",PTS / ERC 70-03 / IARU Region 1 band plan,SWE 70cm ham 430–440 MHz (secondary). ISM 433 MHz sub-band coexists.
2400.0,2483.5,SWE,CEPT-SWE,SRD (ISM) / AMATEUR,PRIMARY,Wi-Fi / BT / Zigbee / ISM 2.4 GHz,5.150 5.282,Wi-Fi 2.4 GHz (802.11b/g/n/ax ch 1-13); Bluetooth Classic + BLE (2402–2480 MHz); Zigbee (ch 11-26); microwave ovens; baby monitors; RC drones,PTS / ERC 70-03 / ETSI EN 300 328,"SWE ISM 2.4 GHz: 100 mW EIRP (Wi-Fi), 13 Wi-Fi channels. Follows CEPT."
5150.0,5350.0,SWE,CEPT-SWE,SRD (Wi-Fi U-NII-1/2A),PRIMARY,Wi-Fi 5 GHz lower (indoor only),5.446A,Wi-Fi 5 GHz (802.11a/n/ac/ax); INDOOR ONLY in EU; 200 mW EIRP max,PTS / ERC 70-03 / ECC/DEC/(04)08 / ETSI EN 301 893,SWE Wi-Fi 5 GHz 5150–5350 MHz indoor only. DFS mandatory 5250–5350 MHz.
5470.0,5725.0,SWE,CEPT-SWE,SRD (Wi-Fi U-NII-2C),PRIMARY,"Wi-Fi 5 GHz upper (DFS required, outdoor ok)",5.446A,Wi-Fi 5 GHz (802.11a/n/ac/ax); DFS mandatory; 1 W EIRP,PTS / ERC 70-03 / ECC/DEC/(04)08 / ETSI EN 301 893,"SWE Wi-Fi 5 GHz 5470–5725 MHz: outdoor permitted, DFS mandatory."
5925.0,6425.0,SWE,CEPT-SWE,SRD (Wi-Fi 6E),PRIMARY,Wi-Fi 6E lower 500 MHz (EU),5.446A,Wi-Fi 6E (802.11ax/be); 5925–6425 MHz (EU); 6 GHz channels 1–93,PTS / ERC 70-03 / ECC/DEC/(20)01 / ETSI EN 302 567,SWE Wi-Fi 6E 5925–6425 MHz: EU harmonised per ECC/DEC/(20)01. Only 500 MHz (vs 1200 MHz USA).
880.0,915.0,SWE,CEPT-SWE,MOBILE (GSM 900 / LTE Band 8 UL),PRIMARY,Mobile uplink 900 MHz,5.317A,GSM 900 uplink; LTE Band 8 uplink (smartphone to tower); 4G/5G NSA,PTS / ERC 70-03 / 3GPP TS 45.005 / ETSI TS 136 104,SWE GSM/LTE 900 UL 880–915 MHz.
925.0,960.0,SWE,CEPT-SWE,MOBILE (GSM 900 / LTE Band 8 DL),PRIMARY,Mobile downlink 900 MHz,5.317A,GSM 900 downlink; LTE Band 8 downlink (tower to smartphone); coverage band,PTS / ERC 70-03 / 3GPP TS 45.005 / ETSI TS 136 104,SWE GSM/LTE 900 DL 925–960 MHz.
1710.0,1785.0,SWE,CEPT-SWE,MOBILE (DCS 1800 / LTE Band 3 UL),PRIMARY,Mobile uplink 1800 MHz,5.341A,GSM 1800 uplink; LTE Band 3 UL (most common EU 4G band); 5G NR n3,PTS / ERC 70-03 / 3GPP TS 45.005,SWE DCS 1800 / LTE Band 3 UL 1710–1785 MHz.
1805.0,1880.0,SWE,CEPT-SWE,MOBILE (DCS 1800 / LTE Band 3 DL),PRIMARY,Mobile downlink 1800 MHz,5.341A,GSM 1800 downlink; LTE Band 3 DL; used by virtually all EU operators,PTS / ERC 70-03 / 3GPP TS 45.005,SWE DCS 1800 / LTE Band 3 DL 1805–1880 MHz.
1880.0,1900.0,SWE,CEPT-SWE,DECT,PRIMARY,DECT cordless phones,5.380A,DECT cordless phones; DECT baby monitors; DECT-2020 NR; DECT-ULE IoT,PTS / ERC 70-03 / ETSI EN 300 175,SWE DECT 1880–1900 MHz. 10 carriers 1881.792–1897.344 MHz.
26.957,27.283,FIN,CEPT-FIN,SRD (ISM) CB,PRIMARY,CB radio (40ch) + ISM 27 MHz,5.150,CB radios 40 channels (4W FM); RC toys; ISM industrial heaters,Traficom / ERC 70-03 / ERC/REC 70-03,FIN follows CEPT harmonised CB allocation
433.05,434.79,FIN,CEPT-FIN,SRD (ISM) non-specific,PRIMARY,ISM 433 MHz (10 mW / <10% DC),5.138 5.150,Car key fobs (RKE); garage openers; weather stations; LoRa fallback; wireless doorbells; smart home,Traficom / ERC 70-03 / ERC/REC 70-03 Annex 1 / EN 300 220,"FIN ISM 433 MHz: 10 mW e.r.p., <10% DC. Non-specific SRDs. Follows ERC/REC 70-03."
446.0,446.2,FIN,CEPT-FIN,PMR446 (Land Mobile),PRIMARY,License-free PMR walkie-talkies,5.286AA,PMR446 walkie-talkies (16 analog ch + 32 digital ch); hiking; events; construction,Traficom / ERC 70-03 / ERC/DEC/(98)25 / EN 300 296,FIN PMR446 0.5W ERP 446.0–446.2 MHz harmonised. No licence required.
868.0,868.6,FIN,CEPT-FIN,SRD (ISM) non-specific,PRIMARY,ISM 868 MHz Band B (25 mW / ≤1% DC),5.138 5.150,LoRa EU868 (868.1/868.3/868.5 MHz channels 1-3); Sigfox EU; Z-Wave EU 868.42 MHz; MIOTY; smart meters; weather sensors,Traficom / ERC 70-03 / ERC/REC 70-03 Annex 1 / EN 300 220,"FIN ISM 868.0–868.6 MHz: 25 mW e.r.p., ≤1% DC. Main IoT/LoRa band."
868.7,869.2,FIN,CEPT-FIN,SRD (ISM) non-specific,PRIMARY,ISM 868 MHz Band C (25 mW / ≤0.1% DC),5.138 5.150,Low-duty-cycle alarms; periodic meters,Traficom / ERC 70-03 / ERC/REC 70-03 Annex 1 / EN 300 220,"FIN ISM 868.7–869.2 MHz: 25 mW e.r.p., ≤0.1% DC."
869.4,869.65,FIN,CEPT-FIN,SRD (ISM) high power,PRIMARY,ISM 868 MHz Band D (500 mW / ≤10% DC),5.138 5.150,Alarms; security systems; LoRa EU868 downlink (869.525 MHz); building access,Traficom / ERC 70-03 / ERC/REC 70-03 Annex 1 / EN 300 220,"FIN ISM 869.4–869.65 MHz: 500 mW e.r.p., ≤10% DC, BW max 25 kHz."
380.0,400.0,FIN,CEPT-FIN,TETRA (Emergency),PRIMARY,Public Safety TETRA,5.286A,"TETRA emergency services radios (police, fire, ambulance); national digital PMR network",Traficom / ERC 70-03 / ECC/DEC/(08)05 / ECC/DEC/(06)05 / ERC/DEC/(01)19,"FIN TETRA emergency: 380–385 MHz UL, 390–395 MHz DL. π/4-DQPSK 25 kHz TDMA. LICENSED."
144.0,146.0,FIN,CEPT-FIN,AMATEUR,PRIMARY,2m amateur band,5.216,2m ham (FT8; FM repeaters; APRS 144.800 MHz; EME; meteor scatter; satellite links),Traficom / ERC 70-03 / IARU Region 1 band plan,FIN 2m amateur 144–146 MHz. Licensed only. APRS 144.800 MHz.
430.0,440.0,FIN,CEPT-FIN,AMATEUR,SECONDARY,70cm amateur + ISM 433 MHz overlap,5.270 5.282,"70cm ham (repeaters, ATV, EME); overlaps ISM 433.05–434.79 MHz",Traficom / ERC 70-03 / IARU Region 1 band plan,FIN 70cm ham 430–440 MHz (secondary). ISM 433 MHz sub-band coexists.
2400.0,2483.5,FIN,CEPT-FIN,SRD (ISM) / AMATEUR,PRIMARY,Wi-Fi / BT / Zigbee / ISM 2.4 GHz,5.150 5.282,Wi-Fi 2.4 GHz (802.11b/g/n/ax ch 1-13); Bluetooth Classic + BLE (2402–2480 MHz); Zigbee (ch 11-26); microwave ovens; baby monitors; RC drones,Traficom / ERC 70-03 / ETSI EN 300 328,"FIN ISM 2.4 GHz: 100 mW EIRP (Wi-Fi), 13 Wi-Fi channels. Follows CEPT."
5150.0,5350.0,FIN,CEPT-FIN,SRD (Wi-Fi U-NII-1/2A),PRIMARY,Wi-Fi 5 GHz lower (indoor only),5.446A,Wi-Fi 5 GHz (802.11a/n/ac/ax); INDOOR ONLY in EU; 200 mW EIRP max,Traficom / ERC 70-03 / ECC/DEC/(04)08 / ETSI EN 301 893,FIN Wi-Fi 5 GHz 5150–5350 MHz indoor only. DFS mandatory 5250–5350 MHz.
5470.0,5725.0,FIN,CEPT-FIN,SRD (Wi-Fi U-NII-2C),PRIMARY,"Wi-Fi 5 GHz upper (DFS required, outdoor ok)",5.446A,Wi-Fi 5 GHz (802.11a/n/ac/ax); DFS mandatory; 1 W EIRP,Traficom / ERC 70-03 / ECC/DEC/(04)08 / ETSI EN 301 893,"FIN Wi-Fi 5 GHz 5470–5725 MHz: outdoor permitted, DFS mandatory."
5925.0,6425.0,FIN,CEPT-FIN,SRD (Wi-Fi 6E),PRIMARY,Wi-Fi 6E lower 500 MHz (EU),5.446A,Wi-Fi 6E (802.11ax/be); 5925–6425 MHz (EU); 6 GHz channels 1–93,Traficom / ERC 70-03 / ECC/DEC/(20)01 / ETSI EN 302 567,FIN Wi-Fi 6E 5925–6425 MHz: EU harmonised per ECC/DEC/(20)01. Only 500 MHz (vs 1200 MHz USA).
880.0,915.0,FIN,CEPT-FIN,MOBILE (GSM 900 / LTE Band 8 UL),PRIMARY,Mobile uplink 900 MHz,5.317A,GSM 900 uplink; LTE Band 8 uplink (smartphone to tower); 4G/5G NSA,Traficom / ERC 70-03 / 3GPP TS 45.005 / ETSI TS 136 104,FIN GSM/LTE 900 UL 880–915 MHz.
925.0,960.0,FIN,CEPT-FIN,MOBILE (GSM 900 / LTE Band 8 DL),PRIMARY,Mobile downlink 900 MHz,5.317A,GSM 900 downlink; LTE Band 8 downlink (tower to smartphone); coverage band,Traficom / ERC 70-03 / 3GPP TS 45.005 / ETSI TS 136 104,FIN GSM/LTE 900 DL 925–960 MHz.
1710.0,1785.0,FIN,CEPT-FIN,MOBILE (DCS 1800 / LTE Band 3 UL),PRIMARY,Mobile uplink 1800 MHz,5.341A,GSM 1800 uplink; LTE Band 3 UL (most common EU 4G band); 5G NR n3,Traficom / ERC 70-03 / 3GPP TS 45.005,FIN DCS 1800 / LTE Band 3 UL 1710–1785 MHz.
1805.0,1880.0,FIN,CEPT-FIN,MOBILE (DCS 1800 / LTE Band 3 DL),PRIMARY,Mobile downlink 1800 MHz,5.341A,GSM 1800 downlink; LTE Band 3 DL; used by virtually all EU operators,Traficom / ERC 70-03 / 3GPP TS 45.005,FIN DCS 1800 / LTE Band 3 DL 1805–1880 MHz.
1880.0,1900.0,FIN,CEPT-FIN,DECT,PRIMARY,DECT cordless phones,5.380A,DECT cordless phones; DECT baby monitors; DECT-2020 NR; DECT-ULE IoT,Traficom / ERC 70-03 / ETSI EN 300 175,FIN DECT 1880–1900 MHz. 10 carriers 1881.792–1897.344 MHz.
26.957,27.283,DNK,CEPT-DNK,SRD (ISM) CB,PRIMARY,CB radio (40ch) + ISM 27 MHz,5.150,CB radios 40 channels (4W FM); RC toys; ISM industrial heaters,Energistyrelsen / ERC 70-03 / ERC/REC 70-03,DNK follows CEPT harmonised CB allocation
433.05,434.79,DNK,CEPT-DNK,SRD (ISM) non-specific,PRIMARY,ISM 433 MHz (10 mW / <10% DC),5.138 5.150,Car key fobs (RKE); garage openers; weather stations; LoRa fallback; wireless doorbells; smart home,Energistyrelsen / ERC 70-03 / ERC/REC 70-03 Annex 1 / EN 300 220,"DNK ISM 433 MHz: 10 mW e.r.p., <10% DC. Non-specific SRDs. Follows ERC/REC 70-03."
446.0,446.2,DNK,CEPT-DNK,PMR446 (Land Mobile),PRIMARY,License-free PMR walkie-talkies,5.286AA,PMR446 walkie-talkies (16 analog ch + 32 digital ch); hiking; events; construction,Energistyrelsen / ERC 70-03 / ERC/DEC/(98)25 / EN 300 296,DNK PMR446 0.5W ERP 446.0–446.2 MHz harmonised. No licence required.
868.0,868.6,DNK,CEPT-DNK,SRD (ISM) non-specific,PRIMARY,ISM 868 MHz Band B (25 mW / ≤1% DC),5.138 5.150,LoRa EU868 (868.1/868.3/868.5 MHz channels 1-3); Sigfox EU; Z-Wave EU 868.42 MHz; MIOTY; smart meters; weather sensors,Energistyrelsen / ERC 70-03 / ERC/REC 70-03 Annex 1 / EN 300 220,"DNK ISM 868.0–868.6 MHz: 25 mW e.r.p., ≤1% DC. Main IoT/LoRa band."
868.7,869.2,DNK,CEPT-DNK,SRD (ISM) non-specific,PRIMARY,ISM 868 MHz Band C (25 mW / ≤0.1% DC),5.138 5.150,Low-duty-cycle alarms; periodic meters,Energistyrelsen / ERC 70-03 / ERC/REC 70-03 Annex 1 / EN 300 220,"DNK ISM 868.7–869.2 MHz: 25 mW e.r.p., ≤0.1% DC."
869.4,869.65,DNK,CEPT-DNK,SRD (ISM) high power,PRIMARY,ISM 868 MHz Band D (500 mW / ≤10% DC),5.138 5.150,Alarms; security systems; LoRa EU868 downlink (869.525 MHz); building access,Energistyrelsen / ERC 70-03 / ERC/REC 70-03 Annex 1 / EN 300 220,"DNK ISM 869.4–869.65 MHz: 500 mW e.r.p., ≤10% DC, BW max 25 kHz."
380.0,400.0,DNK,CEPT-DNK,TETRA (Emergency),PRIMARY,Public Safety TETRA,5.286A,"TETRA emergency services radios (police, fire, ambulance); national digital PMR network",Energistyrelsen / ERC 70-03 / ECC/DEC/(08)05 / ECC/DEC/(06)05 / ERC/DEC/(01)19,"DNK TETRA emergency: 380–385 MHz UL, 390–395 MHz DL. π/4-DQPSK 25 kHz TDMA. LICENSED."
144.0,146.0,DNK,CEPT-DNK,AMATEUR,PRIMARY,2m amateur band,5.216,2m ham (FT8; FM repeaters; APRS 144.800 MHz; EME; meteor scatter; satellite links),Energistyrelsen / ERC 70-03 / IARU Region 1 band plan,DNK 2m amateur 144–146 MHz. Licensed only. APRS 144.800 MHz.
430.0,440.0,DNK,CEPT-DNK,AMATEUR,SECONDARY,70cm amateur + ISM 433 MHz overlap,5.270 5.282,"70cm ham (repeaters, ATV, EME); overlaps ISM 433.05–434.79 MHz",Energistyrelsen / ERC 70-03 / IARU Region 1 band plan,DNK 70cm ham 430–440 MHz (secondary). ISM 433 MHz sub-band coexists.
2400.0,2483.5,DNK,CEPT-DNK,SRD (ISM) / AMATEUR,PRIMARY,Wi-Fi / BT / Zigbee / ISM 2.4 GHz,5.150 5.282,Wi-Fi 2.4 GHz (802.11b/g/n/ax ch 1-13); Bluetooth Classic + BLE (2402–2480 MHz); Zigbee (ch 11-26); microwave ovens; baby monitors; RC drones,Energistyrelsen / ERC 70-03 / ETSI EN 300 328,"DNK ISM 2.4 GHz: 100 mW EIRP (Wi-Fi), 13 Wi-Fi channels. Follows CEPT."
5150.0,5350.0,DNK,CEPT-DNK,SRD (Wi-Fi U-NII-1/2A),PRIMARY,Wi-Fi 5 GHz lower (indoor only),5.446A,Wi-Fi 5 GHz (802.11a/n/ac/ax); INDOOR ONLY in EU; 200 mW EIRP max,Energistyrelsen / ERC 70-03 / ECC/DEC/(04)08 / ETSI EN 301 893,DNK Wi-Fi 5 GHz 5150–5350 MHz indoor only. DFS mandatory 5250–5350 MHz.
5470.0,5725.0,DNK,CEPT-DNK,SRD (Wi-Fi U-NII-2C),PRIMARY,"Wi-Fi 5 GHz upper (DFS required, outdoor ok)",5.446A,Wi-Fi 5 GHz (802.11a/n/ac/ax); DFS mandatory; 1 W EIRP,Energistyrelsen / ERC 70-03 / ECC/DEC/(04)08 / ETSI EN 301 893,"DNK Wi-Fi 5 GHz 5470–5725 MHz: outdoor permitted, DFS mandatory."
5925.0,6425.0,DNK,CEPT-DNK,SRD (Wi-Fi 6E),PRIMARY,Wi-Fi 6E lower 500 MHz (EU),5.446A,Wi-Fi 6E (802.11ax/be); 5925–6425 MHz (EU); 6 GHz channels 1–93,Energistyrelsen / ERC 70-03 / ECC/DEC/(20)01 / ETSI EN 302 567,DNK Wi-Fi 6E 5925–6425 MHz: EU harmonised per ECC/DEC/(20)01. Only 500 MHz (vs 1200 MHz USA).
880.0,915.0,DNK,CEPT-DNK,MOBILE (GSM 900 / LTE Band 8 UL),PRIMARY,Mobile uplink 900 MHz,5.317A,GSM 900 uplink; LTE Band 8 uplink (smartphone to tower); 4G/5G NSA,Energistyrelsen / ERC 70-03 / 3GPP TS 45.005 / ETSI TS 136 104,DNK GSM/LTE 900 UL 880–915 MHz.
925.0,960.0,DNK,CEPT-DNK,MOBILE (GSM 900 / LTE Band 8 DL),PRIMARY,Mobile downlink 900 MHz,5.317A,GSM 900 downlink; LTE Band 8 downlink (tower to smartphone); coverage band,Energistyrelsen / ERC 70-03 / 3GPP TS 45.005 / ETSI TS 136 104,DNK GSM/LTE 900 DL 925–960 MHz.
1710.0,1785.0,DNK,CEPT-DNK,MOBILE (DCS 1800 / LTE Band 3 UL),PRIMARY,Mobile uplink 1800 MHz,5.341A,GSM 1800 uplink; LTE Band 3 UL (most common EU 4G band); 5G NR n3,Energistyrelsen / ERC 70-03 / 3GPP TS 45.005,DNK DCS 1800 / LTE Band 3 UL 1710–1785 MHz.
1805.0,1880.0,DNK,CEPT-DNK,MOBILE (DCS 1800 / LTE Band 3 DL),PRIMARY,Mobile downlink 1800 MHz,5.341A,GSM 1800 downlink; LTE Band 3 DL; used by virtually all EU operators,Energistyrelsen / ERC 70-03 / 3GPP TS 45.005,DNK DCS 1800 / LTE Band 3 DL 1805–1880 MHz.
1880.0,1900.0,DNK,CEPT-DNK,DECT,PRIMARY,DECT cordless phones,5.380A,DECT cordless phones; DECT baby monitors; DECT-2020 NR; DECT-ULE IoT,Energistyrelsen / ERC 70-03 / ETSI EN 300 175,DNK DECT 1880–1900 MHz. 10 carriers 1881.792–1897.344 MHz.
26.957,27.283,POL,CEPT-POL,SRD (ISM) CB,PRIMARY,CB radio (40ch) + ISM 27 MHz,5.150,CB radios 40 channels (4W FM); RC toys; ISM industrial heaters,UKE / ERC 70-03 / ERC/REC 70-03,POL follows CEPT harmonised CB allocation
433.05,434.79,POL,CEPT-POL,SRD (ISM) non-specific,PRIMARY,ISM 433 MHz (10 mW / <10% DC),5.138 5.150,Car key fobs (RKE); garage openers; weather stations; LoRa fallback; wireless doorbells; smart home,UKE / ERC 70-03 / ERC/REC 70-03 Annex 1 / EN 300 220,"POL ISM 433 MHz: 10 mW e.r.p., <10% DC. Non-specific SRDs. Follows ERC/REC 70-03."
446.0,446.2,POL,CEPT-POL,PMR446 (Land Mobile),PRIMARY,License-free PMR walkie-talkies,5.286AA,PMR446 walkie-talkies (16 analog ch + 32 digital ch); hiking; events; construction,UKE / ERC 70-03 / ERC/DEC/(98)25 / EN 300 296,POL PMR446 0.5W ERP 446.0–446.2 MHz harmonised. No licence required.
868.0,868.6,POL,CEPT-POL,SRD (ISM) non-specific,PRIMARY,ISM 868 MHz Band B (25 mW / ≤1% DC),5.138 5.150,LoRa EU868 (868.1/868.3/868.5 MHz channels 1-3); Sigfox EU; Z-Wave EU 868.42 MHz; MIOTY; smart meters; weather sensors,UKE / ERC 70-03 / ERC/REC 70-03 Annex 1 / EN 300 220,"POL ISM 868.0–868.6 MHz: 25 mW e.r.p., ≤1% DC. Main IoT/LoRa band."
868.7,869.2,POL,CEPT-POL,SRD (ISM) non-specific,PRIMARY,ISM 868 MHz Band C (25 mW / ≤0.1% DC),5.138 5.150,Low-duty-cycle alarms; periodic meters,UKE / ERC 70-03 / ERC/REC 70-03 Annex 1 / EN 300 220,"POL ISM 868.7–869.2 MHz: 25 mW e.r.p., ≤0.1% DC."
869.4,869.65,POL,CEPT-POL,SRD (ISM) high power,PRIMARY,ISM 868 MHz Band D (500 mW / ≤10% DC),5.138 5.150,Alarms; security systems; LoRa EU868 downlink (869.525 MHz); building access,UKE / ERC 70-03 / ERC/REC 70-03 Annex 1 / EN 300 220,"POL ISM 869.4–869.65 MHz: 500 mW e.r.p., ≤10% DC, BW max 25 kHz."
380.0,400.0,POL,CEPT-POL,TETRA (Emergency),PRIMARY,Public Safety TETRA,5.286A,"TETRA emergency services radios (police, fire, ambulance); national digital PMR network",UKE / ERC 70-03 / ECC/DEC/(08)05 / ECC/DEC/(06)05 / ERC/DEC/(01)19,"POL TETRA emergency: 380–385 MHz UL, 390–395 MHz DL. π/4-DQPSK 25 kHz TDMA. LICENSED."
144.0,146.0,POL,CEPT-POL,AMATEUR,PRIMARY,2m amateur band,5.216,2m ham (FT8; FM repeaters; APRS 144.800 MHz; EME; meteor scatter; satellite links),UKE / ERC 70-03 / IARU Region 1 band plan,POL 2m amateur 144–146 MHz. Licensed only. APRS 144.800 MHz.
430.0,440.0,POL,CEPT-POL,AMATEUR,SECONDARY,70cm amateur + ISM 433 MHz overlap,5.270 5.282,"70cm ham (repeaters, ATV, EME); overlaps ISM 433.05–434.79 MHz",UKE / ERC 70-03 / IARU Region 1 band plan,POL 70cm ham 430–440 MHz (secondary). ISM 433 MHz sub-band coexists.
2400.0,2483.5,POL,CEPT-POL,SRD (ISM) / AMATEUR,PRIMARY,Wi-Fi / BT / Zigbee / ISM 2.4 GHz,5.150 5.282,Wi-Fi 2.4 GHz (802.11b/g/n/ax ch 1-13); Bluetooth Classic + BLE (2402–2480 MHz); Zigbee (ch 11-26); microwave ovens; baby monitors; RC drones,UKE / ERC 70-03 / ETSI EN 300 328,"POL ISM 2.4 GHz: 100 mW EIRP (Wi-Fi), 13 Wi-Fi channels. Follows CEPT."
5150.0,5350.0,POL,CEPT-POL,SRD (Wi-Fi U-NII-1/2A),PRIMARY,Wi-Fi 5 GHz lower (indoor only),5.446A,Wi-Fi 5 GHz (802.11a/n/ac/ax); INDOOR ONLY in EU; 200 mW EIRP max,UKE / ERC 70-03 / ECC/DEC/(04)08 / ETSI EN 301 893,POL Wi-Fi 5 GHz 5150–5350 MHz indoor only. DFS mandatory 5250–5350 MHz.
5470.0,5725.0,POL,CEPT-POL,SRD (Wi-Fi U-NII-2C),PRIMARY,"Wi-Fi 5 GHz upper (DFS required, outdoor ok)",5.446A,Wi-Fi 5 GHz (802.11a/n/ac/ax); DFS mandatory; 1 W EIRP,UKE / ERC 70-03 / ECC/DEC/(04)08 / ETSI EN 301 893,"POL Wi-Fi 5 GHz 5470–5725 MHz: outdoor permitted, DFS mandatory."
5925.0,6425.0,POL,CEPT-POL,SRD (Wi-Fi 6E),PRIMARY,Wi-Fi 6E lower 500 MHz (EU),5.446A,Wi-Fi 6E (802.11ax/be); 5925–6425 MHz (EU); 6 GHz channels 1–93,UKE / ERC 70-03 / ECC/DEC/(20)01 / ETSI EN 302 567,POL Wi-Fi 6E 5925–6425 MHz: EU harmonised per ECC/DEC/(20)01. Only 500 MHz (vs 1200 MHz USA).
880.0,915.0,POL,CEPT-POL,MOBILE (GSM 900 / LTE Band 8 UL),PRIMARY,Mobile uplink 900 MHz,5.317A,GSM 900 uplink; LTE Band 8 uplink (smartphone to tower); 4G/5G NSA,UKE / ERC 70-03 / 3GPP TS 45.005 / ETSI TS 136 104,POL GSM/LTE 900 UL 880–915 MHz.
925.0,960.0,POL,CEPT-POL,MOBILE (GSM 900 / LTE Band 8 DL),PRIMARY,Mobile downlink 900 MHz,5.317A,GSM 900 downlink; LTE Band 8 downlink (tower to smartphone); coverage band,UKE / ERC 70-03 / 3GPP TS 45.005 / ETSI TS 136 104,POL GSM/LTE 900 DL 925–960 MHz.
1710.0,1785.0,POL,CEPT-POL,MOBILE (DCS 1800 / LTE Band 3 UL),PRIMARY,Mobile uplink 1800 MHz,5.341A,GSM 1800 uplink; LTE Band 3 UL (most common EU 4G band); 5G NR n3,UKE / ERC 70-03 / 3GPP TS 45.005,POL DCS 1800 / LTE Band 3 UL 1710–1785 MHz.
1805.0,1880.0,POL,CEPT-POL,MOBILE (DCS 1800 / LTE Band 3 DL),PRIMARY,Mobile downlink 1800 MHz,5.341A,GSM 1800 downlink; LTE Band 3 DL; used by virtually all EU operators,UKE / ERC 70-03 / 3GPP TS 45.005,POL DCS 1800 / LTE Band 3 DL 1805–1880 MHz.
1880.0,1900.0,POL,CEPT-POL,DECT,PRIMARY,DECT cordless phones,5.380A,DECT cordless phones; DECT baby monitors; DECT-2020 NR; DECT-ULE IoT,UKE / ERC 70-03 / ETSI EN 300 175,POL DECT 1880–1900 MHz. 10 carriers 1881.792–1897.344 MHz.
26.957,27.283,CZE,CEPT-CZE,SRD (ISM) CB,PRIMARY,CB radio (40ch) + ISM 27 MHz,5.150,CB radios 40 channels (4W FM); RC toys; ISM industrial heaters,CTU / ERC 70-03 / ERC/REC 70-03,CZE follows CEPT harmonised CB allocation
433.05,434.79,CZE,CEPT-CZE,SRD (ISM) non-specific,PRIMARY,ISM 433 MHz (10 mW / <10% DC),5.138 5.150,Car key fobs (RKE); garage openers; weather stations; LoRa fallback; wireless doorbells; smart home,CTU / ERC 70-03 / ERC/REC 70-03 Annex 1 / EN 300 220,"CZE ISM 433 MHz: 10 mW e.r.p., <10% DC. Non-specific SRDs. Follows ERC/REC 70-03."
446.0,446.2,CZE,CEPT-CZE,PMR446 (Land Mobile),PRIMARY,License-free PMR walkie-talkies,5.286AA,PMR446 walkie-talkies (16 analog ch + 32 digital ch); hiking; events; construction,CTU / ERC 70-03 / ERC/DEC/(98)25 / EN 300 296,CZE PMR446 0.5W ERP 446.0–446.2 MHz harmonised. No licence required.
868.0,868.6,CZE,CEPT-CZE,SRD (ISM) non-specific,PRIMARY,ISM 868 MHz Band B (25 mW / ≤1% DC),5.138 5.150,LoRa EU868 (868.1/868.3/868.5 MHz channels 1-3); Sigfox EU; Z-Wave EU 868.42 MHz; MIOTY; smart meters; weather sensors,CTU / ERC 70-03 / ERC/REC 70-03 Annex 1 / EN 300 220,"CZE ISM 868.0–868.6 MHz: 25 mW e.r.p., ≤1% DC. Main IoT/LoRa band."
868.7,869.2,CZE,CEPT-CZE,SRD (ISM) non-specific,PRIMARY,ISM 868 MHz Band C (25 mW / ≤0.1% DC),5.138 5.150,Low-duty-cycle alarms; periodic meters,CTU / ERC 70-03 / ERC/REC 70-03 Annex 1 / EN 300 220,"CZE ISM 868.7–869.2 MHz: 25 mW e.r.p., ≤0.1% DC."
869.4,869.65,CZE,CEPT-CZE,SRD (ISM) high power,PRIMARY,ISM 868 MHz Band D (500 mW / ≤10% DC),5.138 5.150,Alarms; security systems; LoRa EU868 downlink (869.525 MHz); building access,CTU / ERC 70-03 / ERC/REC 70-03 Annex 1 / EN 300 220,"CZE ISM 869.4–869.65 MHz: 500 mW e.r.p., ≤10% DC, BW max 25 kHz."
380.0,400.0,CZE,CEPT-CZE,TETRA (Emergency),PRIMARY,Public Safety TETRA,5.286A,"TETRA emergency services radios (police, fire, ambulance); national digital PMR network",CTU / ERC 70-03 / ECC/DEC/(08)05 / ECC/DEC/(06)05 / ERC/DEC/(01)19,"CZE TETRA emergency: 380–385 MHz UL, 390–395 MHz DL. π/4-DQPSK 25 kHz TDMA. LICENSED."
144.0,146.0,CZE,CEPT-CZE,AMATEUR,PRIMARY,2m amateur band,5.216,2m ham (FT8; FM repeaters; APRS 144.800 MHz; EME; meteor scatter; satellite links),CTU / ERC 70-03 / IARU Region 1 band plan,CZE 2m amateur 144–146 MHz. Licensed only. APRS 144.800 MHz.
430.0,440.0,CZE,CEPT-CZE,AMATEUR,SECONDARY,70cm amateur + ISM 433 MHz overlap,5.270 5.282,"70cm ham (repeaters, ATV, EME); overlaps ISM 433.05–434.79 MHz",CTU / ERC 70-03 / IARU Region 1 band plan,CZE 70cm ham 430–440 MHz (secondary). ISM 433 MHz sub-band coexists.
2400.0,2483.5,CZE,CEPT-CZE,SRD (ISM) / AMATEUR,PRIMARY,Wi-Fi / BT / Zigbee / ISM 2.4 GHz,5.150 5.282,Wi-Fi 2.4 GHz (802.11b/g/n/ax ch 1-13); Bluetooth Classic + BLE (2402–2480 MHz); Zigbee (ch 11-26); microwave ovens; baby monitors; RC drones,CTU / ERC 70-03 / ETSI EN 300 328,"CZE ISM 2.4 GHz: 100 mW EIRP (Wi-Fi), 13 Wi-Fi channels. Follows CEPT."
5150.0,5350.0,CZE,CEPT-CZE,SRD (Wi-Fi U-NII-1/2A),PRIMARY,Wi-Fi 5 GHz lower (indoor only),5.446A,Wi-Fi 5 GHz (802.11a/n/ac/ax); INDOOR ONLY in EU; 200 mW EIRP max,CTU / ERC 70-03 / ECC/DEC/(04)08 / ETSI EN 301 893,CZE Wi-Fi 5 GHz 5150–5350 MHz indoor only. DFS mandatory 5250–5350 MHz.
5470.0,5725.0,CZE,CEPT-CZE,SRD (Wi-Fi U-NII-2C),PRIMARY,"Wi-Fi 5 GHz upper (DFS required, outdoor ok)",5.446A,Wi-Fi 5 GHz (802.11a/n/ac/ax); DFS mandatory; 1 W EIRP,CTU / ERC 70-03 / ECC/DEC/(04)08 / ETSI EN 301 893,"CZE Wi-Fi 5 GHz 5470–5725 MHz: outdoor permitted, DFS mandatory."
5925.0,6425.0,CZE,CEPT-CZE,SRD (Wi-Fi 6E),PRIMARY,Wi-Fi 6E lower 500 MHz (EU),5.446A,Wi-Fi 6E (802.11ax/be); 5925–6425 MHz (EU); 6 GHz channels 1–93,CTU / ERC 70-03 / ECC/DEC/(20)01 / ETSI EN 302 567,CZE Wi-Fi 6E 5925–6425 MHz: EU harmonised per ECC/DEC/(20)01. Only 500 MHz (vs 1200 MHz USA).
880.0,915.0,CZE,CEPT-CZE,MOBILE (GSM 900 / LTE Band 8 UL),PRIMARY,Mobile uplink 900 MHz,5.317A,GSM 900 uplink; LTE Band 8 uplink (smartphone to tower); 4G/5G NSA,CTU / ERC 70-03 / 3GPP TS 45.005 / ETSI TS 136 104,CZE GSM/LTE 900 UL 880–915 MHz.
925.0,960.0,CZE,CEPT-CZE,MOBILE (GSM 900 / LTE Band 8 DL),PRIMARY,Mobile downlink 900 MHz,5.317A,GSM 900 downlink; LTE Band 8 downlink (tower to smartphone); coverage band,CTU / ERC 70-03 / 3GPP TS 45.005 / ETSI TS 136 104,CZE GSM/LTE 900 DL 925–960 MHz.
1710.0,1785.0,CZE,CEPT-CZE,MOBILE (DCS 1800 / LTE Band 3 UL),PRIMARY,Mobile uplink 1800 MHz,5.341A,GSM 1800 uplink; LTE Band 3 UL (most common EU 4G band); 5G NR n3,CTU / ERC 70-03 / 3GPP TS 45.005,CZE DCS 1800 / LTE Band 3 UL 1710–1785 MHz.
1805.0,1880.0,CZE,CEPT-CZE,MOBILE (DCS 1800 / LTE Band 3 DL),PRIMARY,Mobile downlink 1800 MHz,5.341A,GSM 1800 downlink; LTE Band 3 DL; used by virtually all EU operators,CTU / ERC 70-03 / 3GPP TS 45.005,CZE DCS 1800 / LTE Band 3 DL 1805–1880 MHz.
1880.0,1900.0,CZE,CEPT-CZE,DECT,PRIMARY,DECT cordless phones,5.380A,DECT cordless phones; DECT baby monitors; DECT-2020 NR; DECT-ULE IoT,CTU / ERC 70-03 / ETSI EN 300 175,CZE DECT 1880–1900 MHz. 10 carriers 1881.792–1897.344 MHz.
26.957,27.283,HUN,CEPT-HUN,SRD (ISM) CB,PRIMARY,CB radio (40ch) + ISM 27 MHz,5.150,CB radios 40 channels (4W FM); RC toys; ISM industrial heaters,NMHH / ERC 70-03 / ERC/REC 70-03,HUN follows CEPT harmonised CB allocation
433.05,434.79,HUN,CEPT-HUN,SRD (ISM) non-specific,PRIMARY,ISM 433 MHz (10 mW / <10% DC),5.138 5.150,Car key fobs (RKE); garage openers; weather stations; LoRa fallback; wireless doorbells; smart home,NMHH / ERC 70-03 / ERC/REC 70-03 Annex 1 / EN 300 220,"HUN ISM 433 MHz: 10 mW e.r.p., <10% DC. Non-specific SRDs. Follows ERC/REC 70-03."
446.0,446.2,HUN,CEPT-HUN,PMR446 (Land Mobile),PRIMARY,License-free PMR walkie-talkies,5.286AA,PMR446 walkie-talkies (16 analog ch + 32 digital ch); hiking; events; construction,NMHH / ERC 70-03 / ERC/DEC/(98)25 / EN 300 296,HUN PMR446 0.5W ERP 446.0–446.2 MHz harmonised. No licence required.
868.0,868.6,HUN,CEPT-HUN,SRD (ISM) non-specific,PRIMARY,ISM 868 MHz Band B (25 mW / ≤1% DC),5.138 5.150,LoRa EU868 (868.1/868.3/868.5 MHz channels 1-3); Sigfox EU; Z-Wave EU 868.42 MHz; MIOTY; smart meters; weather sensors,NMHH / ERC 70-03 / ERC/REC 70-03 Annex 1 / EN 300 220,"HUN ISM 868.0–868.6 MHz: 25 mW e.r.p., ≤1% DC. Main IoT/LoRa band."
868.7,869.2,HUN,CEPT-HUN,SRD (ISM) non-specific,PRIMARY,ISM 868 MHz Band C (25 mW / ≤0.1% DC),5.138 5.150,Low-duty-cycle alarms; periodic meters,NMHH / ERC 70-03 / ERC/REC 70-03 Annex 1 / EN 300 220,"HUN ISM 868.7–869.2 MHz: 25 mW e.r.p., ≤0.1% DC."
869.4,869.65,HUN,CEPT-HUN,SRD (ISM) high power,PRIMARY,ISM 868 MHz Band D (500 mW / ≤10% DC),5.138 5.150,Alarms; security systems; LoRa EU868 downlink (869.525 MHz); building access,NMHH / ERC 70-03 / ERC/REC 70-03 Annex 1 / EN 300 220,"HUN ISM 869.4–869.65 MHz: 500 mW e.r.p., ≤10% DC, BW max 25 kHz."
380.0,400.0,HUN,CEPT-HUN,TETRA (Emergency),PRIMARY,Public Safety TETRA,5.286A,"TETRA emergency services radios (police, fire, ambulance); national digital PMR network",NMHH / ERC 70-03 / ECC/DEC/(08)05 / ECC/DEC/(06)05 / ERC/DEC/(01)19,"HUN TETRA emergency: 380–385 MHz UL, 390–395 MHz DL. π/4-DQPSK 25 kHz TDMA. LICENSED."
144.0,146.0,HUN,CEPT-HUN,AMATEUR,PRIMARY,2m amateur band,5.216,2m ham (FT8; FM repeaters; APRS 144.800 MHz; EME; meteor scatter; satellite links),NMHH / ERC 70-03 / IARU Region 1 band plan,HUN 2m amateur 144–146 MHz. Licensed only. APRS 144.800 MHz.
430.0,440.0,HUN,CEPT-HUN,AMATEUR,SECONDARY,70cm amateur + ISM 433 MHz overlap,5.270 5.282,"70cm ham (repeaters, ATV, EME); overlaps ISM 433.05–434.79 MHz",NMHH / ERC 70-03 / IARU Region 1 band plan,HUN 70cm ham 430–440 MHz (secondary). ISM 433 MHz sub-band coexists.
2400.0,2483.5,HUN,CEPT-HUN,SRD (ISM) / AMATEUR,PRIMARY,Wi-Fi / BT / Zigbee / ISM 2.4 GHz,5.150 5.282,Wi-Fi 2.4 GHz (802.11b/g/n/ax ch 1-13); Bluetooth Classic + BLE (2402–2480 MHz); Zigbee (ch 11-26); microwave ovens; baby monitors; RC drones,NMHH / ERC 70-03 / ETSI EN 300 328,"HUN ISM 2.4 GHz: 100 mW EIRP (Wi-Fi), 13 Wi-Fi channels. Follows CEPT."
5150.0,5350.0,HUN,CEPT-HUN,SRD (Wi-Fi U-NII-1/2A),PRIMARY,Wi-Fi 5 GHz lower (indoor only),5.446A,Wi-Fi 5 GHz (802.11a/n/ac/ax); INDOOR ONLY in EU; 200 mW EIRP max,NMHH / ERC 70-03 / ECC/DEC/(04)08 / ETSI EN 301 893,HUN Wi-Fi 5 GHz 5150–5350 MHz indoor only. DFS mandatory 5250–5350 MHz.
5470.0,5725.0,HUN,CEPT-HUN,SRD (Wi-Fi U-NII-2C),PRIMARY,"Wi-Fi 5 GHz upper (DFS required, outdoor ok)",5.446A,Wi-Fi 5 GHz (802.11a/n/ac/ax); DFS mandatory; 1 W EIRP,NMHH / ERC 70-03 / ECC/DEC/(04)08 / ETSI EN 301 893,"HUN Wi-Fi 5 GHz 5470–5725 MHz: outdoor permitted, DFS mandatory."
5925.0,6425.0,HUN,CEPT-HUN,SRD (Wi-Fi 6E),PRIMARY,Wi-Fi 6E lower 500 MHz (EU),5.446A,Wi-Fi 6E (802.11ax/be); 5925–6425 MHz (EU); 6 GHz channels 1–93,NMHH / ERC 70-03 / ECC/DEC/(20)01 / ETSI EN 302 567,HUN Wi-Fi 6E 5925–6425 MHz: EU harmonised per ECC/DEC/(20)01. Only 500 MHz (vs 1200 MHz USA).
880.0,915.0,HUN,CEPT-HUN,MOBILE (GSM 900 / LTE Band 8 UL),PRIMARY,Mobile uplink 900 MHz,5.317A,GSM 900 uplink; LTE Band 8 uplink (smartphone to tower); 4G/5G NSA,NMHH / ERC 70-03 / 3GPP TS 45.005 / ETSI TS 136 104,HUN GSM/LTE 900 UL 880–915 MHz.
925.0,960.0,HUN,CEPT-HUN,MOBILE (GSM 900 / LTE Band 8 DL),PRIMARY,Mobile downlink 900 MHz,5.317A,GSM 900 downlink; LTE Band 8 downlink (tower to smartphone); coverage band,NMHH / ERC 70-03 / 3GPP TS 45.005 / ETSI TS 136 104,HUN GSM/LTE 900 DL 925–960 MHz.
1710.0,1785.0,HUN,CEPT-HUN,MOBILE (DCS 1800 / LTE Band 3 UL),PRIMARY,Mobile uplink 1800 MHz,5.341A,GSM 1800 uplink; LTE Band 3 UL (most common EU 4G band); 5G NR n3,NMHH / ERC 70-03 / 3GPP TS 45.005,HUN DCS 1800 / LTE Band 3 UL 1710–1785 MHz.
1805.0,1880.0,HUN,CEPT-HUN,MOBILE (DCS 1800 / LTE Band 3 DL),PRIMARY,Mobile downlink 1800 MHz,5.341A,GSM 1800 downlink; LTE Band 3 DL; used by virtually all EU operators,NMHH / ERC 70-03 / 3GPP TS 45.005,HUN DCS 1800 / LTE Band 3 DL 1805–1880 MHz.
1880.0,1900.0,HUN,CEPT-HUN,DECT,PRIMARY,DECT cordless phones,5.380A,DECT cordless phones; DECT baby monitors; DECT-2020 NR; DECT-ULE IoT,NMHH / ERC 70-03 / ETSI EN 300 175,HUN DECT 1880–1900 MHz. 10 carriers 1881.792–1897.344 MHz.
26.957,27.283,ROU,CEPT-ROU,SRD (ISM) CB,PRIMARY,CB radio (40ch) + ISM 27 MHz,5.150,CB radios 40 channels (4W FM); RC toys; ISM industrial heaters,ANCOM / ERC 70-03 / ERC/REC 70-03,ROU follows CEPT harmonised CB allocation
433.05,434.79,ROU,CEPT-ROU,SRD (ISM) non-specific,PRIMARY,ISM 433 MHz (10 mW / <10% DC),5.138 5.150,Car key fobs (RKE); garage openers; weather stations; LoRa fallback; wireless doorbells; smart home,ANCOM / ERC 70-03 / ERC/REC 70-03 Annex 1 / EN 300 220,"ROU ISM 433 MHz: 10 mW e.r.p., <10% DC. Non-specific SRDs. Follows ERC/REC 70-03."
446.0,446.2,ROU,CEPT-ROU,PMR446 (Land Mobile),PRIMARY,License-free PMR walkie-talkies,5.286AA,PMR446 walkie-talkies (16 analog ch + 32 digital ch); hiking; events; construction,ANCOM / ERC 70-03 / ERC/DEC/(98)25 / EN 300 296,ROU PMR446 0.5W ERP 446.0–446.2 MHz harmonised. No licence required.
868.0,868.6,ROU,CEPT-ROU,SRD (ISM) non-specific,PRIMARY,ISM 868 MHz Band B (25 mW / ≤1% DC),5.138 5.150,LoRa EU868 (868.1/868.3/868.5 MHz channels 1-3); Sigfox EU; Z-Wave EU 868.42 MHz; MIOTY; smart meters; weather sensors,ANCOM / ERC 70-03 / ERC/REC 70-03 Annex 1 / EN 300 220,"ROU ISM 868.0–868.6 MHz: 25 mW e.r.p., ≤1% DC. Main IoT/LoRa band."
868.7,869.2,ROU,CEPT-ROU,SRD (ISM) non-specific,PRIMARY,ISM 868 MHz Band C (25 mW / ≤0.1% DC),5.138 5.150,Low-duty-cycle alarms; periodic meters,ANCOM / ERC 70-03 / ERC/REC 70-03 Annex 1 / EN 300 220,"ROU ISM 868.7–869.2 MHz: 25 mW e.r.p., ≤0.1% DC."
869.4,869.65,ROU,CEPT-ROU,SRD (ISM) high power,PRIMARY,ISM 868 MHz Band D (500 mW / ≤10% DC),5.138 5.150,Alarms; security systems; LoRa EU868 downlink (869.525 MHz); building access,ANCOM / ERC 70-03 / ERC/REC 70-03 Annex 1 / EN 300 220,"ROU ISM 869.4–869.65 MHz: 500 mW e.r.p., ≤10% DC, BW max 25 kHz."
380.0,400.0,ROU,CEPT-ROU,TETRA (Emergency),PRIMARY,Public Safety TETRA,5.286A,"TETRA emergency services radios (police, fire, ambulance); national digital PMR network",ANCOM / ERC 70-03 / ECC/DEC/(08)05 / ECC/DEC/(06)05 / ERC/DEC/(01)19,"ROU TETRA emergency: 380–385 MHz UL, 390–395 MHz DL. π/4-DQPSK 25 kHz TDMA. LICENSED."
144.0,146.0,ROU,CEPT-ROU,AMATEUR,PRIMARY,2m amateur band,5.216,2m ham (FT8; FM repeaters; APRS 144.800 MHz; EME; meteor scatter; satellite links),ANCOM / ERC 70-03 / IARU Region 1 band plan,ROU 2m amateur 144–146 MHz. Licensed only. APRS 144.800 MHz.
430.0,440.0,ROU,CEPT-ROU,AMATEUR,SECONDARY,70cm amateur + ISM 433 MHz overlap,5.270 5.282,"70cm ham (repeaters, ATV, EME); overlaps ISM 433.05–434.79 MHz",ANCOM / ERC 70-03 / IARU Region 1 band plan,ROU 70cm ham 430–440 MHz (secondary). ISM 433 MHz sub-band coexists.
2400.0,2483.5,ROU,CEPT-ROU,SRD (ISM) / AMATEUR,PRIMARY,Wi-Fi / BT / Zigbee / ISM 2.4 GHz,5.150 5.282,Wi-Fi 2.4 GHz (802.11b/g/n/ax ch 1-13); Bluetooth Classic + BLE (2402–2480 MHz); Zigbee (ch 11-26); microwave ovens; baby monitors; RC drones,ANCOM / ERC 70-03 / ETSI EN 300 328,"ROU ISM 2.4 GHz: 100 mW EIRP (Wi-Fi), 13 Wi-Fi channels. Follows CEPT."
5150.0,5350.0,ROU,CEPT-ROU,SRD (Wi-Fi U-NII-1/2A),PRIMARY,Wi-Fi 5 GHz lower (indoor only),5.446A,Wi-Fi 5 GHz (802.11a/n/ac/ax); INDOOR ONLY in EU; 200 mW EIRP max,ANCOM / ERC 70-03 / ECC/DEC/(04)08 / ETSI EN 301 893,ROU Wi-Fi 5 GHz 5150–5350 MHz indoor only. DFS mandatory 5250–5350 MHz.
5470.0,5725.0,ROU,CEPT-ROU,SRD (Wi-Fi U-NII-2C),PRIMARY,"Wi-Fi 5 GHz upper (DFS required, outdoor ok)",5.446A,Wi-Fi 5 GHz (802.11a/n/ac/ax); DFS mandatory; 1 W EIRP,ANCOM / ERC 70-03 / ECC/DEC/(04)08 / ETSI EN 301 893,"ROU Wi-Fi 5 GHz 5470–5725 MHz: outdoor permitted, DFS mandatory."
5925.0,6425.0,ROU,CEPT-ROU,SRD (Wi-Fi 6E),PRIMARY,Wi-Fi 6E lower 500 MHz (EU),5.446A,Wi-Fi 6E (802.11ax/be); 5925–6425 MHz (EU); 6 GHz channels 1–93,ANCOM / ERC 70-03 / ECC/DEC/(20)01 / ETSI EN 302 567,ROU Wi-Fi 6E 5925–6425 MHz: EU harmonised per ECC/DEC/(20)01. Only 500 MHz (vs 1200 MHz USA).
880.0,915.0,ROU,CEPT-ROU,MOBILE (GSM 900 / LTE Band 8 UL),PRIMARY,Mobile uplink 900 MHz,5.317A,GSM 900 uplink; LTE Band 8 uplink (smartphone to tower); 4G/5G NSA,ANCOM / ERC 70-03 / 3GPP TS 45.005 / ETSI TS 136 104,ROU GSM/LTE 900 UL 880–915 MHz.
925.0,960.0,ROU,CEPT-ROU,MOBILE (GSM 900 / LTE Band 8 DL),PRIMARY,Mobile downlink 900 MHz,5.317A,GSM 900 downlink; LTE Band 8 downlink (tower to smartphone); coverage band,ANCOM / ERC 70-03 / 3GPP TS 45.005 / ETSI TS 136 104,ROU GSM/LTE 900 DL 925–960 MHz.
1710.0,1785.0,ROU,CEPT-ROU,MOBILE (DCS 1800 / LTE Band 3 UL),PRIMARY,Mobile uplink 1800 MHz,5.341A,GSM 1800 uplink; LTE Band 3 UL (most common EU 4G band); 5G NR n3,ANCOM / ERC 70-03 / 3GPP TS 45.005,ROU DCS 1800 / LTE Band 3 UL 1710–1785 MHz.
1805.0,1880.0,ROU,CEPT-ROU,MOBILE (DCS 1800 / LTE Band 3 DL),PRIMARY,Mobile downlink 1800 MHz,5.341A,GSM 1800 downlink; LTE Band 3 DL; used by virtually all EU operators,ANCOM / ERC 70-03 / 3GPP TS 45.005,ROU DCS 1800 / LTE Band 3 DL 1805–1880 MHz.
1880.0,1900.0,ROU,CEPT-ROU,DECT,PRIMARY,DECT cordless phones,5.380A,DECT cordless phones; DECT baby monitors; DECT-2020 NR; DECT-ULE IoT,ANCOM / ERC 70-03 / ETSI EN 300 175,ROU DECT 1880–1900 MHz. 10 carriers 1881.792–1897.344 MHz.
26.957,27.283,PRT,CEPT-PRT,SRD (ISM) CB,PRIMARY,CB radio (40ch) + ISM 27 MHz,5.150,CB radios 40 channels (4W FM); RC toys; ISM industrial heaters,ANACOM / ERC 70-03 / ERC/REC 70-03,PRT follows CEPT harmonised CB allocation
433.05,434.79,PRT,CEPT-PRT,SRD (ISM) non-specific,PRIMARY,ISM 433 MHz (10 mW / <10% DC),5.138 5.150,Car key fobs (RKE); garage openers; weather stations; LoRa fallback; wireless doorbells; smart home,ANACOM / ERC 70-03 / ERC/REC 70-03 Annex 1 / EN 300 220,"PRT ISM 433 MHz: 10 mW e.r.p., <10% DC. Non-specific SRDs. Follows ERC/REC 70-03."
446.0,446.2,PRT,CEPT-PRT,PMR446 (Land Mobile),PRIMARY,License-free PMR walkie-talkies,5.286AA,PMR446 walkie-talkies (16 analog ch + 32 digital ch); hiking; events; construction,ANACOM / ERC 70-03 / ERC/DEC/(98)25 / EN 300 296,PRT PMR446 0.5W ERP 446.0–446.2 MHz harmonised. No licence required.
868.0,868.6,PRT,CEPT-PRT,SRD (ISM) non-specific,PRIMARY,ISM 868 MHz Band B (25 mW / ≤1% DC),5.138 5.150,LoRa EU868 (868.1/868.3/868.5 MHz channels 1-3); Sigfox EU; Z-Wave EU 868.42 MHz; MIOTY; smart meters; weather sensors,ANACOM / ERC 70-03 / ERC/REC 70-03 Annex 1 / EN 300 220,"PRT ISM 868.0–868.6 MHz: 25 mW e.r.p., ≤1% DC. Main IoT/LoRa band."
868.7,869.2,PRT,CEPT-PRT,SRD (ISM) non-specific,PRIMARY,ISM 868 MHz Band C (25 mW / ≤0.1% DC),5.138 5.150,Low-duty-cycle alarms; periodic meters,ANACOM / ERC 70-03 / ERC/REC 70-03 Annex 1 / EN 300 220,"PRT ISM 868.7–869.2 MHz: 25 mW e.r.p., ≤0.1% DC."
869.4,869.65,PRT,CEPT-PRT,SRD (ISM) high power,PRIMARY,ISM 868 MHz Band D (500 mW / ≤10% DC),5.138 5.150,Alarms; security systems; LoRa EU868 downlink (869.525 MHz); building access,ANACOM / ERC 70-03 / ERC/REC 70-03 Annex 1 / EN 300 220,"PRT ISM 869.4–869.65 MHz: 500 mW e.r.p., ≤10% DC, BW max 25 kHz."
380.0,400.0,PRT,CEPT-PRT,TETRA (Emergency),PRIMARY,Public Safety TETRA,5.286A,"TETRA emergency services radios (police, fire, ambulance); national digital PMR network",ANACOM / ERC 70-03 / ECC/DEC/(08)05 / ECC/DEC/(06)05 / ERC/DEC/(01)19,"PRT TETRA emergency: 380–385 MHz UL, 390–395 MHz DL. π/4-DQPSK 25 kHz TDMA. LICENSED."
144.0,146.0,PRT,CEPT-PRT,AMATEUR,PRIMARY,2m amateur band,5.216,2m ham (FT8; FM repeaters; APRS 144.800 MHz; EME; meteor scatter; satellite links),ANACOM / ERC 70-03 / IARU Region 1 band plan,PRT 2m amateur 144–146 MHz. Licensed only. APRS 144.800 MHz.
430.0,440.0,PRT,CEPT-PRT,AMATEUR,SECONDARY,70cm amateur + ISM 433 MHz overlap,5.270 5.282,"70cm ham (repeaters, ATV, EME); overlaps ISM 433.05–434.79 MHz",ANACOM / ERC 70-03 / IARU Region 1 band plan,PRT 70cm ham 430–440 MHz (secondary). ISM 433 MHz sub-band coexists.
2400.0,2483.5,PRT,CEPT-PRT,SRD (ISM) / AMATEUR,PRIMARY,Wi-Fi / BT / Zigbee / ISM 2.4 GHz,5.150 5.282,Wi-Fi 2.4 GHz (802.11b/g/n/ax ch 1-13); Bluetooth Classic + BLE (2402–2480 MHz); Zigbee (ch 11-26); microwave ovens; baby monitors; RC drones,ANACOM / ERC 70-03 / ETSI EN 300 328,"PRT ISM 2.4 GHz: 100 mW EIRP (Wi-Fi), 13 Wi-Fi channels. Follows CEPT."
5150.0,5350.0,PRT,CEPT-PRT,SRD (Wi-Fi U-NII-1/2A),PRIMARY,Wi-Fi 5 GHz lower (indoor only),5.446A,Wi-Fi 5 GHz (802.11a/n/ac/ax); INDOOR ONLY in EU; 200 mW EIRP max,ANACOM / ERC 70-03 / ECC/DEC/(04)08 / ETSI EN 301 893,PRT Wi-Fi 5 GHz 5150–5350 MHz indoor only. DFS mandatory 5250–5350 MHz.
5470.0,5725.0,PRT,CEPT-PRT,SRD (Wi-Fi U-NII-2C),PRIMARY,"Wi-Fi 5 GHz upper (DFS required, outdoor ok)",5.446A,Wi-Fi 5 GHz (802.11a/n/ac/ax); DFS mandatory; 1 W EIRP,ANACOM / ERC 70-03 / ECC/DEC/(04)08 / ETSI EN 301 893,"PRT Wi-Fi 5 GHz 5470–5725 MHz: outdoor permitted, DFS mandatory."
5925.0,6425.0,PRT,CEPT-PRT,SRD (Wi-Fi 6E),PRIMARY,Wi-Fi 6E lower 500 MHz (EU),5.446A,Wi-Fi 6E (802.11ax/be); 5925–6425 MHz (EU); 6 GHz channels 1–93,ANACOM / ERC 70-03 / ECC/DEC/(20)01 / ETSI EN 302 567,PRT Wi-Fi 6E 5925–6425 MHz: EU harmonised per ECC/DEC/(20)01. Only 500 MHz (vs 1200 MHz USA).
880.0,915.0,PRT,CEPT-PRT,MOBILE (GSM 900 / LTE Band 8 UL),PRIMARY,Mobile uplink 900 MHz,5.317A,GSM 900 uplink; LTE Band 8 uplink (smartphone to tower); 4G/5G NSA,ANACOM / ERC 70-03 / 3GPP TS 45.005 / ETSI TS 136 104,PRT GSM/LTE 900 UL 880–915 MHz.
925.0,960.0,PRT,CEPT-PRT,MOBILE (GSM 900 / LTE Band 8 DL),PRIMARY,Mobile downlink 900 MHz,5.317A,GSM 900 downlink; LTE Band 8 downlink (tower to smartphone); coverage band,ANACOM / ERC 70-03 / 3GPP TS 45.005 / ETSI TS 136 104,PRT GSM/LTE 900 DL 925–960 MHz.
1710.0,1785.0,PRT,CEPT-PRT,MOBILE (DCS 1800 / LTE Band 3 UL),PRIMARY,Mobile uplink 1800 MHz,5.341A,GSM 1800 uplink; LTE Band 3 UL (most common EU 4G band); 5G NR n3,ANACOM / ERC 70-03 / 3GPP TS 45.005,PRT DCS 1800 / LTE Band 3 UL 1710–1785 MHz.
1805.0,1880.0,PRT,CEPT-PRT,MOBILE (DCS 1800 / LTE Band 3 DL),PRIMARY,Mobile downlink 1800 MHz,5.341A,GSM 1800 downlink; LTE Band 3 DL; used by virtually all EU operators,ANACOM / ERC 70-03 / 3GPP TS 45.005,PRT DCS 1800 / LTE Band 3 DL 1805–1880 MHz.
1880.0,1900.0,PRT,CEPT-PRT,DECT,PRIMARY,DECT cordless phones,5.380A,DECT cordless phones; DECT baby monitors; DECT-2020 NR; DECT-ULE IoT,ANACOM / ERC 70-03 / ETSI EN 300 175,PRT DECT 1880–1900 MHz. 10 carriers 1881.792–1897.344 MHz.
26.957,27.283,GRC,CEPT-GRC,SRD (ISM) CB,PRIMARY,CB radio (40ch) + ISM 27 MHz,5.150,CB radios 40 channels (4W FM); RC toys; ISM industrial heaters,EETT / ERC 70-03 / ERC/REC 70-03,GRC follows CEPT harmonised CB allocation
433.05,434.79,GRC,CEPT-GRC,SRD (ISM) non-specific,PRIMARY,ISM 433 MHz (10 mW / <10% DC),5.138 5.150,Car key fobs (RKE); garage openers; weather stations; LoRa fallback; wireless doorbells; smart home,EETT / ERC 70-03 / ERC/REC 70-03 Annex 1 / EN 300 220,"GRC ISM 433 MHz: 10 mW e.r.p., <10% DC. Non-specific SRDs. Follows ERC/REC 70-03."
446.0,446.2,GRC,CEPT-GRC,PMR446 (Land Mobile),PRIMARY,License-free PMR walkie-talkies,5.286AA,PMR446 walkie-talkies (16 analog ch + 32 digital ch); hiking; events; construction,EETT / ERC 70-03 / ERC/DEC/(98)25 / EN 300 296,GRC PMR446 0.5W ERP 446.0–446.2 MHz harmonised. No licence required.
868.0,868.6,GRC,CEPT-GRC,SRD (ISM) non-specific,PRIMARY,ISM 868 MHz Band B (25 mW / ≤1% DC),5.138 5.150,LoRa EU868 (868.1/868.3/868.5 MHz channels 1-3); Sigfox EU; Z-Wave EU 868.42 MHz; MIOTY; smart meters; weather sensors,EETT / ERC 70-03 / ERC/REC 70-03 Annex 1 / EN 300 220,"GRC ISM 868.0–868.6 MHz: 25 mW e.r.p., ≤1% DC. Main IoT/LoRa band."
868.7,869.2,GRC,CEPT-GRC,SRD (ISM) non-specific,PRIMARY,ISM 868 MHz Band C (25 mW / ≤0.1% DC),5.138 5.150,Low-duty-cycle alarms; periodic meters,EETT / ERC 70-03 / ERC/REC 70-03 Annex 1 / EN 300 220,"GRC ISM 868.7–869.2 MHz: 25 mW e.r.p., ≤0.1% DC."
869.4,869.65,GRC,CEPT-GRC,SRD (ISM) high power,PRIMARY,ISM 868 MHz Band D (500 mW / ≤10% DC),5.138 5.150,Alarms; security systems; LoRa EU868 downlink (869.525 MHz); building access,EETT / ERC 70-03 / ERC/REC 70-03 Annex 1 / EN 300 220,"GRC ISM 869.4–869.65 MHz: 500 mW e.r.p., ≤10% DC, BW max 25 kHz."
380.0,400.0,GRC,CEPT-GRC,TETRA (Emergency),PRIMARY,Public Safety TETRA,5.286A,"TETRA emergency services radios (police, fire, ambulance); national digital PMR network",EETT / ERC 70-03 / ECC/DEC/(08)05 / ECC/DEC/(06)05 / ERC/DEC/(01)19,"GRC TETRA emergency: 380–385 MHz UL, 390–395 MHz DL. π/4-DQPSK 25 kHz TDMA. LICENSED."
144.0,146.0,GRC,CEPT-GRC,AMATEUR,PRIMARY,2m amateur band,5.216,2m ham (FT8; FM repeaters; APRS 144.800 MHz; EME; meteor scatter; satellite links),EETT / ERC 70-03 / IARU Region 1 band plan,GRC 2m amateur 144–146 MHz. Licensed only. APRS 144.800 MHz.
430.0,440.0,GRC,CEPT-GRC,AMATEUR,SECONDARY,70cm amateur + ISM 433 MHz overlap,5.270 5.282,"70cm ham (repeaters, ATV, EME); overlaps ISM 433.05–434.79 MHz",EETT / ERC 70-03 / IARU Region 1 band plan,GRC 70cm ham 430–440 MHz (secondary). ISM 433 MHz sub-band coexists.
2400.0,2483.5,GRC,CEPT-GRC,SRD (ISM) / AMATEUR,PRIMARY,Wi-Fi / BT / Zigbee / ISM 2.4 GHz,5.150 5.282,Wi-Fi 2.4 GHz (802.11b/g/n/ax ch 1-13); Bluetooth Classic + BLE (2402–2480 MHz); Zigbee (ch 11-26); microwave ovens; baby monitors; RC drones,EETT / ERC 70-03 / ETSI EN 300 328,"GRC ISM 2.4 GHz: 100 mW EIRP (Wi-Fi), 13 Wi-Fi channels. Follows CEPT."
5150.0,5350.0,GRC,CEPT-GRC,SRD (Wi-Fi U-NII-1/2A),PRIMARY,Wi-Fi 5 GHz lower (indoor only),5.446A,Wi-Fi 5 GHz (802.11a/n/ac/ax); INDOOR ONLY in EU; 200 mW EIRP max,EETT / ERC 70-03 / ECC/DEC/(04)08 / ETSI EN 301 893,GRC Wi-Fi 5 GHz 5150–5350 MHz indoor only. DFS mandatory 5250–5350 MHz.
5470.0,5725.0,GRC,CEPT-GRC,SRD (Wi-Fi U-NII-2C),PRIMARY,"Wi-Fi 5 GHz upper (DFS required, outdoor ok)",5.446A,Wi-Fi 5 GHz (802.11a/n/ac/ax); DFS mandatory; 1 W EIRP,EETT / ERC 70-03 / ECC/DEC/(04)08 / ETSI EN 301 893,"GRC Wi-Fi 5 GHz 5470–5725 MHz: outdoor permitted, DFS mandatory."
5925.0,6425.0,GRC,CEPT-GRC,SRD (Wi-Fi 6E),PRIMARY,Wi-Fi 6E lower 500 MHz (EU),5.446A,Wi-Fi 6E (802.11ax/be); 5925–6425 MHz (EU); 6 GHz channels 1–93,EETT / ERC 70-03 / ECC/DEC/(20)01 / ETSI EN 302 567,GRC Wi-Fi 6E 5925–6425 MHz: EU harmonised per ECC/DEC/(20)01. Only 500 MHz (vs 1200 MHz USA).
880.0,915.0,GRC,CEPT-GRC,MOBILE (GSM 900 / LTE Band 8 UL),PRIMARY,Mobile uplink 900 MHz,5.317A,GSM 900 uplink; LTE Band 8 uplink (smartphone to tower); 4G/5G NSA,EETT / ERC 70-03 / 3GPP TS 45.005 / ETSI TS 136 104,GRC GSM/LTE 900 UL 880–915 MHz.
925.0,960.0,GRC,CEPT-GRC,MOBILE (GSM 900 / LTE Band 8 DL),PRIMARY,Mobile downlink 900 MHz,5.317A,GSM 900 downlink; LTE Band 8 downlink (tower to smartphone); coverage band,EETT / ERC 70-03 / 3GPP TS 45.005 / ETSI TS 136 104,GRC GSM/LTE 900 DL 925–960 MHz.
1710.0,1785.0,GRC,CEPT-GRC,MOBILE (DCS 1800 / LTE Band 3 UL),PRIMARY,Mobile uplink 1800 MHz,5.341A,GSM 1800 uplink; LTE Band 3 UL (most common EU 4G band); 5G NR n3,EETT / ERC 70-03 / 3GPP TS 45.005,GRC DCS 1800 / LTE Band 3 UL 1710–1785 MHz.
1805.0,1880.0,GRC,CEPT-GRC,MOBILE (DCS 1800 / LTE Band 3 DL),PRIMARY,Mobile downlink 1800 MHz,5.341A,GSM 1800 downlink; LTE Band 3 DL; used by virtually all EU operators,EETT / ERC 70-03 / 3GPP TS 45.005,GRC DCS 1800 / LTE Band 3 DL 1805–1880 MHz.
1880.0,1900.0,GRC,CEPT-GRC,DECT,PRIMARY,DECT cordless phones,5.380A,DECT cordless phones; DECT baby monitors; DECT-2020 NR; DECT-ULE IoT,EETT / ERC 70-03 / ETSI EN 300 175,GRC DECT 1880–1900 MHz. 10 carriers 1881.792–1897.344 MHz.
26.957,27.283,SVK,CEPT-SVK,SRD (ISM) CB,PRIMARY,CB radio (40ch) + ISM 27 MHz,5.150,CB radios 40 channels (4W FM); RC toys; ISM industrial heaters,TÚ SR / ERC 70-03 / ERC/REC 70-03,SVK follows CEPT harmonised CB allocation
433.05,434.79,SVK,CEPT-SVK,SRD (ISM) non-specific,PRIMARY,ISM 433 MHz (10 mW / <10% DC),5.138 5.150,Car key fobs (RKE); garage openers; weather stations; LoRa fallback; wireless doorbells; smart home,TÚ SR / ERC 70-03 / ERC/REC 70-03 Annex 1 / EN 300 220,"SVK ISM 433 MHz: 10 mW e.r.p., <10% DC. Non-specific SRDs. Follows ERC/REC 70-03."
446.0,446.2,SVK,CEPT-SVK,PMR446 (Land Mobile),PRIMARY,License-free PMR walkie-talkies,5.286AA,PMR446 walkie-talkies (16 analog ch + 32 digital ch); hiking; events; construction,TÚ SR / ERC 70-03 / ERC/DEC/(98)25 / EN 300 296,SVK PMR446 0.5W ERP 446.0–446.2 MHz harmonised. No licence required.
868.0,868.6,SVK,CEPT-SVK,SRD (ISM) non-specific,PRIMARY,ISM 868 MHz Band B (25 mW / ≤1% DC),5.138 5.150,LoRa EU868 (868.1/868.3/868.5 MHz channels 1-3); Sigfox EU; Z-Wave EU 868.42 MHz; MIOTY; smart meters; weather sensors,TÚ SR / ERC 70-03 / ERC/REC 70-03 Annex 1 / EN 300 220,"SVK ISM 868.0–868.6 MHz: 25 mW e.r.p., ≤1% DC. Main IoT/LoRa band."
868.7,869.2,SVK,CEPT-SVK,SRD (ISM) non-specific,PRIMARY,ISM 868 MHz Band C (25 mW / ≤0.1% DC),5.138 5.150,Low-duty-cycle alarms; periodic meters,TÚ SR / ERC 70-03 / ERC/REC 70-03 Annex 1 / EN 300 220,"SVK ISM 868.7–869.2 MHz: 25 mW e.r.p., ≤0.1% DC."
869.4,869.65,SVK,CEPT-SVK,SRD (ISM) high power,PRIMARY,ISM 868 MHz Band D (500 mW / ≤10% DC),5.138 5.150,Alarms; security systems; LoRa EU868 downlink (869.525 MHz); building access,TÚ SR / ERC 70-03 / ERC/REC 70-03 Annex 1 / EN 300 220,"SVK ISM 869.4–869.65 MHz: 500 mW e.r.p., ≤10% DC, BW max 25 kHz."
380.0,400.0,SVK,CEPT-SVK,TETRA (Emergency),PRIMARY,Public Safety TETRA,5.286A,"TETRA emergency services radios (police, fire, ambulance); national digital PMR network",TÚ SR / ERC 70-03 / ECC/DEC/(08)05 / ECC/DEC/(06)05 / ERC/DEC/(01)19,"SVK TETRA emergency: 380–385 MHz UL, 390–395 MHz DL. π/4-DQPSK 25 kHz TDMA. LICENSED."
144.0,146.0,SVK,CEPT-SVK,AMATEUR,PRIMARY,2m amateur band,5.216,2m ham (FT8; FM repeaters; APRS 144.800 MHz; EME; meteor scatter; satellite links),TÚ SR / ERC 70-03 / IARU Region 1 band plan,SVK 2m amateur 144–146 MHz. Licensed only. APRS 144.800 MHz.
430.0,440.0,SVK,CEPT-SVK,AMATEUR,SECONDARY,70cm amateur + ISM 433 MHz overlap,5.270 5.282,"70cm ham (repeaters, ATV, EME); overlaps ISM 433.05–434.79 MHz",TÚ SR / ERC 70-03 / IARU Region 1 band plan,SVK 70cm ham 430–440 MHz (secondary). ISM 433 MHz sub-band coexists.
2400.0,2483.5,SVK,CEPT-SVK,SRD (ISM) / AMATEUR,PRIMARY,Wi-Fi / BT / Zigbee / ISM 2.4 GHz,5.150 5.282,Wi-Fi 2.4 GHz (802.11b/g/n/ax ch 1-13); Bluetooth Classic + BLE (2402–2480 MHz); Zigbee (ch 11-26); microwave ovens; baby monitors; RC drones,TÚ SR / ERC 70-03 / ETSI EN 300 328,"SVK ISM 2.4 GHz: 100 mW EIRP (Wi-Fi), 13 Wi-Fi channels. Follows CEPT."
5150.0,5350.0,SVK,CEPT-SVK,SRD (Wi-Fi U-NII-1/2A),PRIMARY,Wi-Fi 5 GHz lower (indoor only),5.446A,Wi-Fi 5 GHz (802.11a/n/ac/ax); INDOOR ONLY in EU; 200 mW EIRP max,TÚ SR / ERC 70-03 / ECC/DEC/(04)08 / ETSI EN 301 893,SVK Wi-Fi 5 GHz 5150–5350 MHz indoor only. DFS mandatory 5250–5350 MHz.
5470.0,5725.0,SVK,CEPT-SVK,SRD (Wi-Fi U-NII-2C),PRIMARY,"Wi-Fi 5 GHz upper (DFS required, outdoor ok)",5.446A,Wi-Fi 5 GHz (802.11a/n/ac/ax); DFS mandatory; 1 W EIRP,TÚ SR / ERC 70-03 / ECC/DEC/(04)08 / ETSI EN 301 893,"SVK Wi-Fi 5 GHz 5470–5725 MHz: outdoor permitted, DFS mandatory."
5925.0,6425.0,SVK,CEPT-SVK,SRD (Wi-Fi 6E),PRIMARY,Wi-Fi 6E lower 500 MHz (EU),5.446A,Wi-Fi 6E (802.11ax/be); 5925–6425 MHz (EU); 6 GHz channels 1–93,TÚ SR / ERC 70-03 / ECC/DEC/(20)01 / ETSI EN 302 567,SVK Wi-Fi 6E 5925–6425 MHz: EU harmonised per ECC/DEC/(20)01. Only 500 MHz (vs 1200 MHz USA).
880.0,915.0,SVK,CEPT-SVK,MOBILE (GSM 900 / LTE Band 8 UL),PRIMARY,Mobile uplink 900 MHz,5.317A,GSM 900 uplink; LTE Band 8 uplink (smartphone to tower); 4G/5G NSA,TÚ SR / ERC 70-03 / 3GPP TS 45.005 / ETSI TS 136 104,SVK GSM/LTE 900 UL 880–915 MHz.
925.0,960.0,SVK,CEPT-SVK,MOBILE (GSM 900 / LTE Band 8 DL),PRIMARY,Mobile downlink 900 MHz,5.317A,GSM 900 downlink; LTE Band 8 downlink (tower to smartphone); coverage band,TÚ SR / ERC 70-03 / 3GPP TS 45.005 / ETSI TS 136 104,SVK GSM/LTE 900 DL 925–960 MHz.
1710.0,1785.0,SVK,CEPT-SVK,MOBILE (DCS 1800 / LTE Band 3 UL),PRIMARY,Mobile uplink 1800 MHz,5.341A,GSM 1800 uplink; LTE Band 3 UL (most common EU 4G band); 5G NR n3,TÚ SR / ERC 70-03 / 3GPP TS 45.005,SVK DCS 1800 / LTE Band 3 UL 1710–1785 MHz.
1805.0,1880.0,SVK,CEPT-SVK,MOBILE (DCS 1800 / LTE Band 3 DL),PRIMARY,Mobile downlink 1800 MHz,5.341A,GSM 1800 downlink; LTE Band 3 DL; used by virtually all EU operators,TÚ SR / ERC 70-03 / 3GPP TS 45.005,SVK DCS 1800 / LTE Band 3 DL 1805–1880 MHz.
1880.0,1900.0,SVK,CEPT-SVK,DECT,PRIMARY,DECT cordless phones,5.380A,DECT cordless phones; DECT baby monitors; DECT-2020 NR; DECT-ULE IoT,TÚ SR / ERC 70-03 / ETSI EN 300 175,SVK DECT 1880–1900 MHz. 10 carriers 1881.792–1897.344 MHz.
26.957,27.283,HRV,CEPT-HRV,SRD (ISM) CB,PRIMARY,CB radio (40ch) + ISM 27 MHz,5.150,CB radios 40 channels (4W FM); RC toys; ISM industrial heaters,HAKOM / ERC 70-03 / ERC/REC 70-03,HRV follows CEPT harmonised CB allocation
433.05,434.79,HRV,CEPT-HRV,SRD (ISM) non-specific,PRIMARY,ISM 433 MHz (10 mW / <10% DC),5.138 5.150,Car key fobs (RKE); garage openers; weather stations; LoRa fallback; wireless doorbells; smart home,HAKOM / ERC 70-03 / ERC/REC 70-03 Annex 1 / EN 300 220,"HRV ISM 433 MHz: 10 mW e.r.p., <10% DC. Non-specific SRDs. Follows ERC/REC 70-03."
446.0,446.2,HRV,CEPT-HRV,PMR446 (Land Mobile),PRIMARY,License-free PMR walkie-talkies,5.286AA,PMR446 walkie-talkies (16 analog ch + 32 digital ch); hiking; events; construction,HAKOM / ERC 70-03 / ERC/DEC/(98)25 / EN 300 296,HRV PMR446 0.5W ERP 446.0–446.2 MHz harmonised. No licence required.
868.0,868.6,HRV,CEPT-HRV,SRD (ISM) non-specific,PRIMARY,ISM 868 MHz Band B (25 mW / ≤1% DC),5.138 5.150,LoRa EU868 (868.1/868.3/868.5 MHz channels 1-3); Sigfox EU; Z-Wave EU 868.42 MHz; MIOTY; smart meters; weather sensors,HAKOM / ERC 70-03 / ERC/REC 70-03 Annex 1 / EN 300 220,"HRV ISM 868.0–868.6 MHz: 25 mW e.r.p., ≤1% DC. Main IoT/LoRa band."
868.7,869.2,HRV,CEPT-HRV,SRD (ISM) non-specific,PRIMARY,ISM 868 MHz Band C (25 mW / ≤0.1% DC),5.138 5.150,Low-duty-cycle alarms; periodic meters,HAKOM / ERC 70-03 / ERC/REC 70-03 Annex 1 / EN 300 220,"HRV ISM 868.7–869.2 MHz: 25 mW e.r.p., ≤0.1% DC."
869.4,869.65,HRV,CEPT-HRV,SRD (ISM) high power,PRIMARY,ISM 868 MHz Band D (500 mW / ≤10% DC),5.138 5.150,Alarms; security systems; LoRa EU868 downlink (869.525 MHz); building access,HAKOM / ERC 70-03 / ERC/REC 70-03 Annex 1 / EN 300 220,"HRV ISM 869.4–869.65 MHz: 500 mW e.r.p., ≤10% DC, BW max 25 kHz."
380.0,400.0,HRV,CEPT-HRV,TETRA (Emergency),PRIMARY,Public Safety TETRA,5.286A,"TETRA emergency services radios (police, fire, ambulance); national digital PMR network",HAKOM / ERC 70-03 / ECC/DEC/(08)05 / ECC/DEC/(06)05 / ERC/DEC/(01)19,"HRV TETRA emergency: 380–385 MHz UL, 390–395 MHz DL. π/4-DQPSK 25 kHz TDMA. LICENSED."
144.0,146.0,HRV,CEPT-HRV,AMATEUR,PRIMARY,2m amateur band,5.216,2m ham (FT8; FM repeaters; APRS 144.800 MHz; EME; meteor scatter; satellite links),HAKOM / ERC 70-03 / IARU Region 1 band plan,HRV 2m amateur 144–146 MHz. Licensed only. APRS 144.800 MHz.
430.0,440.0,HRV,CEPT-HRV,AMATEUR,SECONDARY,70cm amateur + ISM 433 MHz overlap,5.270 5.282,"70cm ham (repeaters, ATV, EME); overlaps ISM 433.05–434.79 MHz",HAKOM / ERC 70-03 / IARU Region 1 band plan,HRV 70cm ham 430–440 MHz (secondary). ISM 433 MHz sub-band coexists.
2400.0,2483.5,HRV,CEPT-HRV,SRD (ISM) / AMATEUR,PRIMARY,Wi-Fi / BT / Zigbee / ISM 2.4 GHz,5.150 5.282,Wi-Fi 2.4 GHz (802.11b/g/n/ax ch 1-13); Bluetooth Classic + BLE (2402–2480 MHz); Zigbee (ch 11-26); microwave ovens; baby monitors; RC drones,HAKOM / ERC 70-03 / ETSI EN 300 328,"HRV ISM 2.4 GHz: 100 mW EIRP (Wi-Fi), 13 Wi-Fi channels. Follows CEPT."
5150.0,5350.0,HRV,CEPT-HRV,SRD (Wi-Fi U-NII-1/2A),PRIMARY,Wi-Fi 5 GHz lower (indoor only),5.446A,Wi-Fi 5 GHz (802.11a/n/ac/ax); INDOOR ONLY in EU; 200 mW EIRP max,HAKOM / ERC 70-03 / ECC/DEC/(04)08 / ETSI EN 301 893,HRV Wi-Fi 5 GHz 5150–5350 MHz indoor only. DFS mandatory 5250–5350 MHz.
5470.0,5725.0,HRV,CEPT-HRV,SRD (Wi-Fi U-NII-2C),PRIMARY,"Wi-Fi 5 GHz upper (DFS required, outdoor ok)",5.446A,Wi-Fi 5 GHz (802.11a/n/ac/ax); DFS mandatory; 1 W EIRP,HAKOM / ERC 70-03 / ECC/DEC/(04)08 / ETSI EN 301 893,"HRV Wi-Fi 5 GHz 5470–5725 MHz: outdoor permitted, DFS mandatory."
5925.0,6425.0,HRV,CEPT-HRV,SRD (Wi-Fi 6E),PRIMARY,Wi-Fi 6E lower 500 MHz (EU),5.446A,Wi-Fi 6E (802.11ax/be); 5925–6425 MHz (EU); 6 GHz channels 1–93,HAKOM / ERC 70-03 / ECC/DEC/(20)01 / ETSI EN 302 567,HRV Wi-Fi 6E 5925–6425 MHz: EU harmonised per ECC/DEC/(20)01. Only 500 MHz (vs 1200 MHz USA).
880.0,915.0,HRV,CEPT-HRV,MOBILE (GSM 900 / LTE Band 8 UL),PRIMARY,Mobile uplink 900 MHz,5.317A,GSM 900 uplink; LTE Band 8 uplink (smartphone to tower); 4G/5G NSA,HAKOM / ERC 70-03 / 3GPP TS 45.005 / ETSI TS 136 104,HRV GSM/LTE 900 UL 880–915 MHz.
925.0,960.0,HRV,CEPT-HRV,MOBILE (GSM 900 / LTE Band 8 DL),PRIMARY,Mobile downlink 900 MHz,5.317A,GSM 900 downlink; LTE Band 8 downlink (tower to smartphone); coverage band,HAKOM / ERC 70-03 / 3GPP TS 45.005 / ETSI TS 136 104,HRV GSM/LTE 900 DL 925–960 MHz.
1710.0,1785.0,HRV,CEPT-HRV,MOBILE (DCS 1800 / LTE Band 3 UL),PRIMARY,Mobile uplink 1800 MHz,5.341A,GSM 1800 uplink; LTE Band 3 UL (most common EU 4G band); 5G NR n3,HAKOM / ERC 70-03 / 3GPP TS 45.005,HRV DCS 1800 / LTE Band 3 UL 1710–1785 MHz.
1805.0,1880.0,HRV,CEPT-HRV,MOBILE (DCS 1800 / LTE Band 3 DL),PRIMARY,Mobile downlink 1800 MHz,5.341A,GSM 1800 downlink; LTE Band 3 DL; used by virtually all EU operators,HAKOM / ERC 70-03 / 3GPP TS 45.005,HRV DCS 1800 / LTE Band 3 DL 1805–1880 MHz.
1880.0,1900.0,HRV,CEPT-HRV,DECT,PRIMARY,DECT cordless phones,5.380A,DECT cordless phones; DECT baby monitors; DECT-2020 NR; DECT-ULE IoT,HAKOM / ERC 70-03 / ETSI EN 300 175,HRV DECT 1880–1900 MHz. 10 carriers 1881.792–1897.344 MHz.
26.957,27.283,BGR,CEPT-BGR,SRD (ISM) CB,PRIMARY,CB radio (40ch) + ISM 27 MHz,5.150,CB radios 40 channels (4W FM); RC toys; ISM industrial heaters,CRC / ERC 70-03 / ERC/REC 70-03,BGR follows CEPT harmonised CB allocation
433.05,434.79,BGR,CEPT-BGR,SRD (ISM) non-specific,PRIMARY,ISM 433 MHz (10 mW / <10% DC),5.138 5.150,Car key fobs (RKE); garage openers; weather stations; LoRa fallback; wireless doorbells; smart home,CRC / ERC 70-03 / ERC/REC 70-03 Annex 1 / EN 300 220,"BGR ISM 433 MHz: 10 mW e.r.p., <10% DC. Non-specific SRDs. Follows ERC/REC 70-03."
446.0,446.2,BGR,CEPT-BGR,PMR446 (Land Mobile),PRIMARY,License-free PMR walkie-talkies,5.286AA,PMR446 walkie-talkies (16 analog ch + 32 digital ch); hiking; events; construction,CRC / ERC 70-03 / ERC/DEC/(98)25 / EN 300 296,BGR PMR446 0.5W ERP 446.0–446.2 MHz harmonised. No licence required.
868.0,868.6,BGR,CEPT-BGR,SRD (ISM) non-specific,PRIMARY,ISM 868 MHz Band B (25 mW / ≤1% DC),5.138 5.150,LoRa EU868 (868.1/868.3/868.5 MHz channels 1-3); Sigfox EU; Z-Wave EU 868.42 MHz; MIOTY; smart meters; weather sensors,CRC / ERC 70-03 / ERC/REC 70-03 Annex 1 / EN 300 220,"BGR ISM 868.0–868.6 MHz: 25 mW e.r.p., ≤1% DC. Main IoT/LoRa band."
868.7,869.2,BGR,CEPT-BGR,SRD (ISM) non-specific,PRIMARY,ISM 868 MHz Band C (25 mW / ≤0.1% DC),5.138 5.150,Low-duty-cycle alarms; periodic meters,CRC / ERC 70-03 / ERC/REC 70-03 Annex 1 / EN 300 220,"BGR ISM 868.7–869.2 MHz: 25 mW e.r.p., ≤0.1% DC."
869.4,869.65,BGR,CEPT-BGR,SRD (ISM) high power,PRIMARY,ISM 868 MHz Band D (500 mW / ≤10% DC),5.138 5.150,Alarms; security systems; LoRa EU868 downlink (869.525 MHz); building access,CRC / ERC 70-03 / ERC/REC 70-03 Annex 1 / EN 300 220,"BGR ISM 869.4–869.65 MHz: 500 mW e.r.p., ≤10% DC, BW max 25 kHz."
380.0,400.0,BGR,CEPT-BGR,TETRA (Emergency),PRIMARY,Public Safety TETRA,5.286A,"TETRA emergency services radios (police, fire, ambulance); national digital PMR network",CRC / ERC 70-03 / ECC/DEC/(08)05 / ECC/DEC/(06)05 / ERC/DEC/(01)19,"BGR TETRA emergency: 380–385 MHz UL, 390–395 MHz DL. π/4-DQPSK 25 kHz TDMA. LICENSED."
144.0,146.0,BGR,CEPT-BGR,AMATEUR,PRIMARY,2m amateur band,5.216,2m ham (FT8; FM repeaters; APRS 144.800 MHz; EME; meteor scatter; satellite links),CRC / ERC 70-03 / IARU Region 1 band plan,BGR 2m amateur 144–146 MHz. Licensed only. APRS 144.800 MHz.
430.0,440.0,BGR,CEPT-BGR,AMATEUR,SECONDARY,70cm amateur + ISM 433 MHz overlap,5.270 5.282,"70cm ham (repeaters, ATV, EME); overlaps ISM 433.05–434.79 MHz",CRC / ERC 70-03 / IARU Region 1 band plan,BGR 70cm ham 430–440 MHz (secondary). ISM 433 MHz sub-band coexists.
2400.0,2483.5,BGR,CEPT-BGR,SRD (ISM) / AMATEUR,PRIMARY,Wi-Fi / BT / Zigbee / ISM 2.4 GHz,5.150 5.282,Wi-Fi 2.4 GHz (802.11b/g/n/ax ch 1-13); Bluetooth Classic + BLE (2402–2480 MHz); Zigbee (ch 11-26); microwave ovens; baby monitors; RC drones,CRC / ERC 70-03 / ETSI EN 300 328,"BGR ISM 2.4 GHz: 100 mW EIRP (Wi-Fi), 13 Wi-Fi channels. Follows CEPT."
5150.0,5350.0,BGR,CEPT-BGR,SRD (Wi-Fi U-NII-1/2A),PRIMARY,Wi-Fi 5 GHz lower (indoor only),5.446A,Wi-Fi 5 GHz (802.11a/n/ac/ax); INDOOR ONLY in EU; 200 mW EIRP max,CRC / ERC 70-03 / ECC/DEC/(04)08 / ETSI EN 301 893,BGR Wi-Fi 5 GHz 5150–5350 MHz indoor only. DFS mandatory 5250–5350 MHz.
5470.0,5725.0,BGR,CEPT-BGR,SRD (Wi-Fi U-NII-2C),PRIMARY,"Wi-Fi 5 GHz upper (DFS required, outdoor ok)",5.446A,Wi-Fi 5 GHz (802.11a/n/ac/ax); DFS mandatory; 1 W EIRP,CRC / ERC 70-03 / ECC/DEC/(04)08 / ETSI EN 301 893,"BGR Wi-Fi 5 GHz 5470–5725 MHz: outdoor permitted, DFS mandatory."
5925.0,6425.0,BGR,CEPT-BGR,SRD (Wi-Fi 6E),PRIMARY,Wi-Fi 6E lower 500 MHz (EU),5.446A,Wi-Fi 6E (802.11ax/be); 5925–6425 MHz (EU); 6 GHz channels 1–93,CRC / ERC 70-03 / ECC/DEC/(20)01 / ETSI EN 302 567,BGR Wi-Fi 6E 5925–6425 MHz: EU harmonised per ECC/DEC/(20)01. Only 500 MHz (vs 1200 MHz USA).
880.0,915.0,BGR,CEPT-BGR,MOBILE (GSM 900 / LTE Band 8 UL),PRIMARY,Mobile uplink 900 MHz,5.317A,GSM 900 uplink; LTE Band 8 uplink (smartphone to tower); 4G/5G NSA,CRC / ERC 70-03 / 3GPP TS 45.005 / ETSI TS 136 104,BGR GSM/LTE 900 UL 880–915 MHz.
925.0,960.0,BGR,CEPT-BGR,MOBILE (GSM 900 / LTE Band 8 DL),PRIMARY,Mobile downlink 900 MHz,5.317A,GSM 900 downlink; LTE Band 8 downlink (tower to smartphone); coverage band,CRC / ERC 70-03 / 3GPP TS 45.005 / ETSI TS 136 104,BGR GSM/LTE 900 DL 925–960 MHz.
1710.0,1785.0,BGR,CEPT-BGR,MOBILE (DCS 1800 / LTE Band 3 UL),PRIMARY,Mobile uplink 1800 MHz,5.341A,GSM 1800 uplink; LTE Band 3 UL (most common EU 4G band); 5G NR n3,CRC / ERC 70-03 / 3GPP TS 45.005,BGR DCS 1800 / LTE Band 3 UL 1710–1785 MHz.
1805.0,1880.0,BGR,CEPT-BGR,MOBILE (DCS 1800 / LTE Band 3 DL),PRIMARY,Mobile downlink 1800 MHz,5.341A,GSM 1800 downlink; LTE Band 3 DL; used by virtually all EU operators,CRC / ERC 70-03 / 3GPP TS 45.005,BGR DCS 1800 / LTE Band 3 DL 1805–1880 MHz.
1880.0,1900.0,BGR,CEPT-BGR,DECT,PRIMARY,DECT cordless phones,5.380A,DECT cordless phones; DECT baby monitors; DECT-2020 NR; DECT-ULE IoT,CRC / ERC 70-03 / ETSI EN 300 175,BGR DECT 1880–1900 MHz. 10 carriers 1881.792–1897.344 MHz.
26.957,27.283,SVN,CEPT-SVN,SRD (ISM) CB,PRIMARY,CB radio (40ch) + ISM 27 MHz,5.150,CB radios 40 channels (4W FM); RC toys; ISM industrial heaters,AKOS / ERC 70-03 / ERC/REC 70-03,SVN follows CEPT harmonised CB allocation
433.05,434.79,SVN,CEPT-SVN,SRD (ISM) non-specific,PRIMARY,ISM 433 MHz (10 mW / <10% DC),5.138 5.150,Car key fobs (RKE); garage openers; weather stations; LoRa fallback; wireless doorbells; smart home,AKOS / ERC 70-03 / ERC/REC 70-03 Annex 1 / EN 300 220,"SVN ISM 433 MHz: 10 mW e.r.p., <10% DC. Non-specific SRDs. Follows ERC/REC 70-03."
446.0,446.2,SVN,CEPT-SVN,PMR446 (Land Mobile),PRIMARY,License-free PMR walkie-talkies,5.286AA,PMR446 walkie-talkies (16 analog ch + 32 digital ch); hiking; events; construction,AKOS / ERC 70-03 / ERC/DEC/(98)25 / EN 300 296,SVN PMR446 0.5W ERP 446.0–446.2 MHz harmonised. No licence required.
868.0,868.6,SVN,CEPT-SVN,SRD (ISM) non-specific,PRIMARY,ISM 868 MHz Band B (25 mW / ≤1% DC),5.138 5.150,LoRa EU868 (868.1/868.3/868.5 MHz channels 1-3); Sigfox EU; Z-Wave EU 868.42 MHz; MIOTY; smart meters; weather sensors,AKOS / ERC 70-03 / ERC/REC 70-03 Annex 1 / EN 300 220,"SVN ISM 868.0–868.6 MHz: 25 mW e.r.p., ≤1% DC. Main IoT/LoRa band."
868.7,869.2,SVN,CEPT-SVN,SRD (ISM) non-specific,PRIMARY,ISM 868 MHz Band C (25 mW / ≤0.1% DC),5.138 5.150,Low-duty-cycle alarms; periodic meters,AKOS / ERC 70-03 / ERC/REC 70-03 Annex 1 / EN 300 220,"SVN ISM 868.7–869.2 MHz: 25 mW e.r.p., ≤0.1% DC."
869.4,869.65,SVN,CEPT-SVN,SRD (ISM) high power,PRIMARY,ISM 868 MHz Band D (500 mW / ≤10% DC),5.138 5.150,Alarms; security systems; LoRa EU868 downlink (869.525 MHz); building access,AKOS / ERC 70-03 / ERC/REC 70-03 Annex 1 / EN 300 220,"SVN ISM 869.4–869.65 MHz: 500 mW e.r.p., ≤10% DC, BW max 25 kHz."
380.0,400.0,SVN,CEPT-SVN,TETRA (Emergency),PRIMARY,Public Safety TETRA,5.286A,"TETRA emergency services radios (police, fire, ambulance); national digital PMR network",AKOS / ERC 70-03 / ECC/DEC/(08)05 / ECC/DEC/(06)05 / ERC/DEC/(01)19,"SVN TETRA emergency: 380–385 MHz UL, 390–395 MHz DL. π/4-DQPSK 25 kHz TDMA. LICENSED."
144.0,146.0,SVN,CEPT-SVN,AMATEUR,PRIMARY,2m amateur band,5.216,2m ham (FT8; FM repeaters; APRS 144.800 MHz; EME; meteor scatter; satellite links),AKOS / ERC 70-03 / IARU Region 1 band plan,SVN 2m amateur 144–146 MHz. Licensed only. APRS 144.800 MHz.
430.0,440.0,SVN,CEPT-SVN,AMATEUR,SECONDARY,70cm amateur + ISM 433 MHz overlap,5.270 5.282,"70cm ham (repeaters, ATV, EME); overlaps ISM 433.05–434.79 MHz",AKOS / ERC 70-03 / IARU Region 1 band plan,SVN 70cm ham 430–440 MHz (secondary). ISM 433 MHz sub-band coexists.
2400.0,2483.5,SVN,CEPT-SVN,SRD (ISM) / AMATEUR,PRIMARY,Wi-Fi / BT / Zigbee / ISM 2.4 GHz,5.150 5.282,Wi-Fi 2.4 GHz (802.11b/g/n/ax ch 1-13); Bluetooth Classic + BLE (2402–2480 MHz); Zigbee (ch 11-26); microwave ovens; baby monitors; RC drones,AKOS / ERC 70-03 / ETSI EN 300 328,"SVN ISM 2.4 GHz: 100 mW EIRP (Wi-Fi), 13 Wi-Fi channels. Follows CEPT."
5150.0,5350.0,SVN,CEPT-SVN,SRD (Wi-Fi U-NII-1/2A),PRIMARY,Wi-Fi 5 GHz lower (indoor only),5.446A,Wi-Fi 5 GHz (802.11a/n/ac/ax); INDOOR ONLY in EU; 200 mW EIRP max,AKOS / ERC 70-03 / ECC/DEC/(04)08 / ETSI EN 301 893,SVN Wi-Fi 5 GHz 5150–5350 MHz indoor only. DFS mandatory 5250–5350 MHz.
5470.0,5725.0,SVN,CEPT-SVN,SRD (Wi-Fi U-NII-2C),PRIMARY,"Wi-Fi 5 GHz upper (DFS required, outdoor ok)",5.446A,Wi-Fi 5 GHz (802.11a/n/ac/ax); DFS mandatory; 1 W EIRP,AKOS / ERC 70-03 / ECC/DEC/(04)08 / ETSI EN 301 893,"SVN Wi-Fi 5 GHz 5470–5725 MHz: outdoor permitted, DFS mandatory."
5925.0,6425.0,SVN,CEPT-SVN,SRD (Wi-Fi 6E),PRIMARY,Wi-Fi 6E lower 500 MHz (EU),5.446A,Wi-Fi 6E (802.11ax/be); 5925–6425 MHz (EU); 6 GHz channels 1–93,AKOS / ERC 70-03 / ECC/DEC/(20)01 / ETSI EN 302 567,SVN Wi-Fi 6E 5925–6425 MHz: EU harmonised per ECC/DEC/(20)01. Only 500 MHz (vs 1200 MHz USA).
880.0,915.0,SVN,CEPT-SVN,MOBILE (GSM 900 / LTE Band 8 UL),PRIMARY,Mobile uplink 900 MHz,5.317A,GSM 900 uplink; LTE Band 8 uplink (smartphone to tower); 4G/5G NSA,AKOS / ERC 70-03 / 3GPP TS 45.005 / ETSI TS 136 104,SVN GSM/LTE 900 UL 880–915 MHz.
925.0,960.0,SVN,CEPT-SVN,MOBILE (GSM 900 / LTE Band 8 DL),PRIMARY,Mobile downlink 900 MHz,5.317A,GSM 900 downlink; LTE Band 8 downlink (tower to smartphone); coverage band,AKOS / ERC 70-03 / 3GPP TS 45.005 / ETSI TS 136 104,SVN GSM/LTE 900 DL 925–960 MHz.
1710.0,1785.0,SVN,CEPT-SVN,MOBILE (DCS 1800 / LTE Band 3 UL),PRIMARY,Mobile uplink 1800 MHz,5.341A,GSM 1800 uplink; LTE Band 3 UL (most common EU 4G band); 5G NR n3,AKOS / ERC 70-03 / 3GPP TS 45.005,SVN DCS 1800 / LTE Band 3 UL 1710–1785 MHz.
1805.0,1880.0,SVN,CEPT-SVN,MOBILE (DCS 1800 / LTE Band 3 DL),PRIMARY,Mobile downlink 1800 MHz,5.341A,GSM 1800 downlink; LTE Band 3 DL; used by virtually all EU operators,AKOS / ERC 70-03 / 3GPP TS 45.005,SVN DCS 1800 / LTE Band 3 DL 1805–1880 MHz.
1880.0,1900.0,SVN,CEPT-SVN,DECT,PRIMARY,DECT cordless phones,5.380A,DECT cordless phones; DECT baby monitors; DECT-2020 NR; DECT-ULE IoT,AKOS / ERC 70-03 / ETSI EN 300 175,SVN DECT 1880–1900 MHz. 10 carriers 1881.792–1897.344 MHz.
26.957,27.283,LTU,CEPT-LTU,SRD (ISM) CB,PRIMARY,CB radio (40ch) + ISM 27 MHz,5.150,CB radios 40 channels (4W FM); RC toys; ISM industrial heaters,RRT / ERC 70-03 / ERC/REC 70-03,LTU follows CEPT harmonised CB allocation
433.05,434.79,LTU,CEPT-LTU,SRD (ISM) non-specific,PRIMARY,ISM 433 MHz (10 mW / <10% DC),5.138 5.150,Car key fobs (RKE); garage openers; weather stations; LoRa fallback; wireless doorbells; smart home,RRT / ERC 70-03 / ERC/REC 70-03 Annex 1 / EN 300 220,"LTU ISM 433 MHz: 10 mW e.r.p., <10% DC. Non-specific SRDs. Follows ERC/REC 70-03."
446.0,446.2,LTU,CEPT-LTU,PMR446 (Land Mobile),PRIMARY,License-free PMR walkie-talkies,5.286AA,PMR446 walkie-talkies (16 analog ch + 32 digital ch); hiking; events; construction,RRT / ERC 70-03 / ERC/DEC/(98)25 / EN 300 296,LTU PMR446 0.5W ERP 446.0–446.2 MHz harmonised. No licence required.
868.0,868.6,LTU,CEPT-LTU,SRD (ISM) non-specific,PRIMARY,ISM 868 MHz Band B (25 mW / ≤1% DC),5.138 5.150,LoRa EU868 (868.1/868.3/868.5 MHz channels 1-3); Sigfox EU; Z-Wave EU 868.42 MHz; MIOTY; smart meters; weather sensors,RRT / ERC 70-03 / ERC/REC 70-03 Annex 1 / EN 300 220,"LTU ISM 868.0–868.6 MHz: 25 mW e.r.p., ≤1% DC. Main IoT/LoRa band."
868.7,869.2,LTU,CEPT-LTU,SRD (ISM) non-specific,PRIMARY,ISM 868 MHz Band C (25 mW / ≤0.1% DC),5.138 5.150,Low-duty-cycle alarms; periodic meters,RRT / ERC 70-03 / ERC/REC 70-03 Annex 1 / EN 300 220,"LTU ISM 868.7–869.2 MHz: 25 mW e.r.p., ≤0.1% DC."
869.4,869.65,LTU,CEPT-LTU,SRD (ISM) high power,PRIMARY,ISM 868 MHz Band D (500 mW / ≤10% DC),5.138 5.150,Alarms; security systems; LoRa EU868 downlink (869.525 MHz); building access,RRT / ERC 70-03 / ERC/REC 70-03 Annex 1 / EN 300 220,"LTU ISM 869.4–869.65 MHz: 500 mW e.r.p., ≤10% DC, BW max 25 kHz."
380.0,400.0,LTU,CEPT-LTU,TETRA (Emergency),PRIMARY,Public Safety TETRA,5.286A,"TETRA emergency services radios (police, fire, ambulance); national digital PMR network",RRT / ERC 70-03 / ECC/DEC/(08)05 / ECC/DEC/(06)05 / ERC/DEC/(01)19,"LTU TETRA emergency: 380–385 MHz UL, 390–395 MHz DL. π/4-DQPSK 25 kHz TDMA. LICENSED."
144.0,146.0,LTU,CEPT-LTU,AMATEUR,PRIMARY,2m amateur band,5.216,2m ham (FT8; FM repeaters; APRS 144.800 MHz; EME; meteor scatter; satellite links),RRT / ERC 70-03 / IARU Region 1 band plan,LTU 2m amateur 144–146 MHz. Licensed only. APRS 144.800 MHz.
430.0,440.0,LTU,CEPT-LTU,AMATEUR,SECONDARY,70cm amateur + ISM 433 MHz overlap,5.270 5.282,"70cm ham (repeaters, ATV, EME); overlaps ISM 433.05–434.79 MHz",RRT / ERC 70-03 / IARU Region 1 band plan,LTU 70cm ham 430–440 MHz (secondary). ISM 433 MHz sub-band coexists.
2400.0,2483.5,LTU,CEPT-LTU,SRD (ISM) / AMATEUR,PRIMARY,Wi-Fi / BT / Zigbee / ISM 2.4 GHz,5.150 5.282,Wi-Fi 2.4 GHz (802.11b/g/n/ax ch 1-13); Bluetooth Classic + BLE (2402–2480 MHz); Zigbee (ch 11-26); microwave ovens; baby monitors; RC drones,RRT / ERC 70-03 / ETSI EN 300 328,"LTU ISM 2.4 GHz: 100 mW EIRP (Wi-Fi), 13 Wi-Fi channels. Follows CEPT."
5150.0,5350.0,LTU,CEPT-LTU,SRD (Wi-Fi U-NII-1/2A),PRIMARY,Wi-Fi 5 GHz lower (indoor only),5.446A,Wi-Fi 5 GHz (802.11a/n/ac/ax); INDOOR ONLY in EU; 200 mW EIRP max,RRT / ERC 70-03 / ECC/DEC/(04)08 / ETSI EN 301 893,LTU Wi-Fi 5 GHz 5150–5350 MHz indoor only. DFS mandatory 5250–5350 MHz.
5470.0,5725.0,LTU,CEPT-LTU,SRD (Wi-Fi U-NII-2C),PRIMARY,"Wi-Fi 5 GHz upper (DFS required, outdoor ok)",5.446A,Wi-Fi 5 GHz (802.11a/n/ac/ax); DFS mandatory; 1 W EIRP,RRT / ERC 70-03 / ECC/DEC/(04)08 / ETSI EN 301 893,"LTU Wi-Fi 5 GHz 5470–5725 MHz: outdoor permitted, DFS mandatory."
5925.0,6425.0,LTU,CEPT-LTU,SRD (Wi-Fi 6E),PRIMARY,Wi-Fi 6E lower 500 MHz (EU),5.446A,Wi-Fi 6E (802.11ax/be); 5925–6425 MHz (EU); 6 GHz channels 1–93,RRT / ERC 70-03 / ECC/DEC/(20)01 / ETSI EN 302 567,LTU Wi-Fi 6E 5925–6425 MHz: EU harmonised per ECC/DEC/(20)01. Only 500 MHz (vs 1200 MHz USA).
880.0,915.0,LTU,CEPT-LTU,MOBILE (GSM 900 / LTE Band 8 UL),PRIMARY,Mobile uplink 900 MHz,5.317A,GSM 900 uplink; LTE Band 8 uplink (smartphone to tower); 4G/5G NSA,RRT / ERC 70-03 / 3GPP TS 45.005 / ETSI TS 136 104,LTU GSM/LTE 900 UL 880–915 MHz.
925.0,960.0,LTU,CEPT-LTU,MOBILE (GSM 900 / LTE Band 8 DL),PRIMARY,Mobile downlink 900 MHz,5.317A,GSM 900 downlink; LTE Band 8 downlink (tower to smartphone); coverage band,RRT / ERC 70-03 / 3GPP TS 45.005 / ETSI TS 136 104,LTU GSM/LTE 900 DL 925–960 MHz.
1710.0,1785.0,LTU,CEPT-LTU,MOBILE (DCS 1800 / LTE Band 3 UL),PRIMARY,Mobile uplink 1800 MHz,5.341A,GSM 1800 uplink; LTE Band 3 UL (most common EU 4G band); 5G NR n3,RRT / ERC 70-03 / 3GPP TS 45.005,LTU DCS 1800 / LTE Band 3 UL 1710–1785 MHz.
1805.0,1880.0,LTU,CEPT-LTU,MOBILE (DCS 1800 / LTE Band 3 DL),PRIMARY,Mobile downlink 1800 MHz,5.341A,GSM 1800 downlink; LTE Band 3 DL; used by virtually all EU operators,RRT / ERC 70-03 / 3GPP TS 45.005,LTU DCS 1800 / LTE Band 3 DL 1805–1880 MHz.
1880.0,1900.0,LTU,CEPT-LTU,DECT,PRIMARY,DECT cordless phones,5.380A,DECT cordless phones; DECT baby monitors; DECT-2020 NR; DECT-ULE IoT,RRT / ERC 70-03 / ETSI EN 300 175,LTU DECT 1880–1900 MHz. 10 carriers 1881.792–1897.344 MHz.
26.957,27.283,LVA,CEPT-LVA,SRD (ISM) CB,PRIMARY,CB radio (40ch) + ISM 27 MHz,5.150,CB radios 40 channels (4W FM); RC toys; ISM industrial heaters,SPRK / ERC 70-03 / ERC/REC 70-03,LVA follows CEPT harmonised CB allocation
433.05,434.79,LVA,CEPT-LVA,SRD (ISM) non-specific,PRIMARY,ISM 433 MHz (10 mW / <10% DC),5.138 5.150,Car key fobs (RKE); garage openers; weather stations; LoRa fallback; wireless doorbells; smart home,SPRK / ERC 70-03 / ERC/REC 70-03 Annex 1 / EN 300 220,"LVA ISM 433 MHz: 10 mW e.r.p., <10% DC. Non-specific SRDs. Follows ERC/REC 70-03."
446.0,446.2,LVA,CEPT-LVA,PMR446 (Land Mobile),PRIMARY,License-free PMR walkie-talkies,5.286AA,PMR446 walkie-talkies (16 analog ch + 32 digital ch); hiking; events; construction,SPRK / ERC 70-03 / ERC/DEC/(98)25 / EN 300 296,LVA PMR446 0.5W ERP 446.0–446.2 MHz harmonised. No licence required.
868.0,868.6,LVA,CEPT-LVA,SRD (ISM) non-specific,PRIMARY,ISM 868 MHz Band B (25 mW / ≤1% DC),5.138 5.150,LoRa EU868 (868.1/868.3/868.5 MHz channels 1-3); Sigfox EU; Z-Wave EU 868.42 MHz; MIOTY; smart meters; weather sensors,SPRK / ERC 70-03 / ERC/REC 70-03 Annex 1 / EN 300 220,"LVA ISM 868.0–868.6 MHz: 25 mW e.r.p., ≤1% DC. Main IoT/LoRa band."
868.7,869.2,LVA,CEPT-LVA,SRD (ISM) non-specific,PRIMARY,ISM 868 MHz Band C (25 mW / ≤0.1% DC),5.138 5.150,Low-duty-cycle alarms; periodic meters,SPRK / ERC 70-03 / ERC/REC 70-03 Annex 1 / EN 300 220,"LVA ISM 868.7–869.2 MHz: 25 mW e.r.p., ≤0.1% DC."
869.4,869.65,LVA,CEPT-LVA,SRD (ISM) high power,PRIMARY,ISM 868 MHz Band D (500 mW / ≤10% DC),5.138 5.150,Alarms; security systems; LoRa EU868 downlink (869.525 MHz); building access,SPRK / ERC 70-03 / ERC/REC 70-03 Annex 1 / EN 300 220,"LVA ISM 869.4–869.65 MHz: 500 mW e.r.p., ≤10% DC, BW max 25 kHz."
380.0,400.0,LVA,CEPT-LVA,TETRA (Emergency),PRIMARY,Public Safety TETRA,5.286A,"TETRA emergency services radios (police, fire, ambulance); national digital PMR network",SPRK / ERC 70-03 / ECC/DEC/(08)05 / ECC/DEC/(06)05 / ERC/DEC/(01)19,"LVA TETRA emergency: 380–385 MHz UL, 390–395 MHz DL. π/4-DQPSK 25 kHz TDMA. LICENSED."
144.0,146.0,LVA,CEPT-LVA,AMATEUR,PRIMARY,2m amateur band,5.216,2m ham (FT8; FM repeaters; APRS 144.800 MHz; EME; meteor scatter; satellite links),SPRK / ERC 70-03 / IARU Region 1 band plan,LVA 2m amateur 144–146 MHz. Licensed only. APRS 144.800 MHz.
430.0,440.0,LVA,CEPT-LVA,AMATEUR,SECONDARY,70cm amateur + ISM 433 MHz overlap,5.270 5.282,"70cm ham (repeaters, ATV, EME); overlaps ISM 433.05–434.79 MHz",SPRK / ERC 70-03 / IARU Region 1 band plan,LVA 70cm ham 430–440 MHz (secondary). ISM 433 MHz sub-band coexists.
2400.0,2483.5,LVA,CEPT-LVA,SRD (ISM) / AMATEUR,PRIMARY,Wi-Fi / BT / Zigbee / ISM 2.4 GHz,5.150 5.282,Wi-Fi 2.4 GHz (802.11b/g/n/ax ch 1-13); Bluetooth Classic + BLE (2402–2480 MHz); Zigbee (ch 11-26); microwave ovens; baby monitors; RC drones,SPRK / ERC 70-03 / ETSI EN 300 328,"LVA ISM 2.4 GHz: 100 mW EIRP (Wi-Fi), 13 Wi-Fi channels. Follows CEPT."
5150.0,5350.0,LVA,CEPT-LVA,SRD (Wi-Fi U-NII-1/2A),PRIMARY,Wi-Fi 5 GHz lower (indoor only),5.446A,Wi-Fi 5 GHz (802.11a/n/ac/ax); INDOOR ONLY in EU; 200 mW EIRP max,SPRK / ERC 70-03 / ECC/DEC/(04)08 / ETSI EN 301 893,LVA Wi-Fi 5 GHz 5150–5350 MHz indoor only. DFS mandatory 5250–5350 MHz.
5470.0,5725.0,LVA,CEPT-LVA,SRD (Wi-Fi U-NII-2C),PRIMARY,"Wi-Fi 5 GHz upper (DFS required, outdoor ok)",5.446A,Wi-Fi 5 GHz (802.11a/n/ac/ax); DFS mandatory; 1 W EIRP,SPRK / ERC 70-03 / ECC/DEC/(04)08 / ETSI EN 301 893,"LVA Wi-Fi 5 GHz 5470–5725 MHz: outdoor permitted, DFS mandatory."
5925.0,6425.0,LVA,CEPT-LVA,SRD (Wi-Fi 6E),PRIMARY,Wi-Fi 6E lower 500 MHz (EU),5.446A,Wi-Fi 6E (802.11ax/be); 5925–6425 MHz (EU); 6 GHz channels 1–93,SPRK / ERC 70-03 / ECC/DEC/(20)01 / ETSI EN 302 567,LVA Wi-Fi 6E 5925–6425 MHz: EU harmonised per ECC/DEC/(20)01. Only 500 MHz (vs 1200 MHz USA).
880.0,915.0,LVA,CEPT-LVA,MOBILE (GSM 900 / LTE Band 8 UL),PRIMARY,Mobile uplink 900 MHz,5.317A,GSM 900 uplink; LTE Band 8 uplink (smartphone to tower); 4G/5G NSA,SPRK / ERC 70-03 / 3GPP TS 45.005 / ETSI TS 136 104,LVA GSM/LTE 900 UL 880–915 MHz.
925.0,960.0,LVA,CEPT-LVA,MOBILE (GSM 900 / LTE Band 8 DL),PRIMARY,Mobile downlink 900 MHz,5.317A,GSM 900 downlink; LTE Band 8 downlink (tower to smartphone); coverage band,SPRK / ERC 70-03 / 3GPP TS 45.005 / ETSI TS 136 104,LVA GSM/LTE 900 DL 925–960 MHz.
1710.0,1785.0,LVA,CEPT-LVA,MOBILE (DCS 1800 / LTE Band 3 UL),PRIMARY,Mobile uplink 1800 MHz,5.341A,GSM 1800 uplink; LTE Band 3 UL (most common EU 4G band); 5G NR n3,SPRK / ERC 70-03 / 3GPP TS 45.005,LVA DCS 1800 / LTE Band 3 UL 1710–1785 MHz.
1805.0,1880.0,LVA,CEPT-LVA,MOBILE (DCS 1800 / LTE Band 3 DL),PRIMARY,Mobile downlink 1800 MHz,5.341A,GSM 1800 downlink; LTE Band 3 DL; used by virtually all EU operators,SPRK / ERC 70-03 / 3GPP TS 45.005,LVA DCS 1800 / LTE Band 3 DL 1805–1880 MHz.
1880.0,1900.0,LVA,CEPT-LVA,DECT,PRIMARY,DECT cordless phones,5.380A,DECT cordless phones; DECT baby monitors; DECT-2020 NR; DECT-ULE IoT,SPRK / ERC 70-03 / ETSI EN 300 175,LVA DECT 1880–1900 MHz. 10 carriers 1881.792–1897.344 MHz.
26.957,27.283,EST,CEPT-EST,SRD (ISM) CB,PRIMARY,CB radio (40ch) + ISM 27 MHz,5.150,CB radios 40 channels (4W FM); RC toys; ISM industrial heaters,TTJA / ERC 70-03 / ERC/REC 70-03,EST follows CEPT harmonised CB allocation
433.05,434.79,EST,CEPT-EST,SRD (ISM) non-specific,PRIMARY,ISM 433 MHz (10 mW / <10% DC),5.138 5.150,Car key fobs (RKE); garage openers; weather stations; LoRa fallback; wireless doorbells; smart home,TTJA / ERC 70-03 / ERC/REC 70-03 Annex 1 / EN 300 220,"EST ISM 433 MHz: 10 mW e.r.p., <10% DC. Non-specific SRDs. Follows ERC/REC 70-03."
446.0,446.2,EST,CEPT-EST,PMR446 (Land Mobile),PRIMARY,License-free PMR walkie-talkies,5.286AA,PMR446 walkie-talkies (16 analog ch + 32 digital ch); hiking; events; construction,TTJA / ERC 70-03 / ERC/DEC/(98)25 / EN 300 296,EST PMR446 0.5W ERP 446.0–446.2 MHz harmonised. No licence required.
868.0,868.6,EST,CEPT-EST,SRD (ISM) non-specific,PRIMARY,ISM 868 MHz Band B (25 mW / ≤1% DC),5.138 5.150,LoRa EU868 (868.1/868.3/868.5 MHz channels 1-3); Sigfox EU; Z-Wave EU 868.42 MHz; MIOTY; smart meters; weather sensors,TTJA / ERC 70-03 / ERC/REC 70-03 Annex 1 / EN 300 220,"EST ISM 868.0–868.6 MHz: 25 mW e.r.p., ≤1% DC. Main IoT/LoRa band."
868.7,869.2,EST,CEPT-EST,SRD (ISM) non-specific,PRIMARY,ISM 868 MHz Band C (25 mW / ≤0.1% DC),5.138 5.150,Low-duty-cycle alarms; periodic meters,TTJA / ERC 70-03 / ERC/REC 70-03 Annex 1 / EN 300 220,"EST ISM 868.7–869.2 MHz: 25 mW e.r.p., ≤0.1% DC."
869.4,869.65,EST,CEPT-EST,SRD (ISM) high power,PRIMARY,ISM 868 MHz Band D (500 mW / ≤10% DC),5.138 5.150,Alarms; security systems; LoRa EU868 downlink (869.525 MHz); building access,TTJA / ERC 70-03 / ERC/REC 70-03 Annex 1 / EN 300 220,"EST ISM 869.4–869.65 MHz: 500 mW e.r.p., ≤10% DC, BW max 25 kHz."
380.0,400.0,EST,CEPT-EST,TETRA (Emergency),PRIMARY,Public Safety TETRA,5.286A,"TETRA emergency services radios (police, fire, ambulance); national digital PMR network",TTJA / ERC 70-03 / ECC/DEC/(08)05 / ECC/DEC/(06)05 / ERC/DEC/(01)19,"EST TETRA emergency: 380–385 MHz UL, 390–395 MHz DL. π/4-DQPSK 25 kHz TDMA. LICENSED."
144.0,146.0,EST,CEPT-EST,AMATEUR,PRIMARY,2m amateur band,5.216,2m ham (FT8; FM repeaters; APRS 144.800 MHz; EME; meteor scatter; satellite links),TTJA / ERC 70-03 / IARU Region 1 band plan,EST 2m amateur 144–146 MHz. Licensed only. APRS 144.800 MHz.
430.0,440.0,EST,CEPT-EST,AMATEUR,SECONDARY,70cm amateur + ISM 433 MHz overlap,5.270 5.282,"70cm ham (repeaters, ATV, EME); overlaps ISM 433.05–434.79 MHz",TTJA / ERC 70-03 / IARU Region 1 band plan,EST 70cm ham 430–440 MHz (secondary). ISM 433 MHz sub-band coexists.
2400.0,2483.5,EST,CEPT-EST,SRD (ISM) / AMATEUR,PRIMARY,Wi-Fi / BT / Zigbee / ISM 2.4 GHz,5.150 5.282,Wi-Fi 2.4 GHz (802.11b/g/n/ax ch 1-13); Bluetooth Classic + BLE (2402–2480 MHz); Zigbee (ch 11-26); microwave ovens; baby monitors; RC drones,TTJA / ERC 70-03 / ETSI EN 300 328,"EST ISM 2.4 GHz: 100 mW EIRP (Wi-Fi), 13 Wi-Fi channels. Follows CEPT."
5150.0,5350.0,EST,CEPT-EST,SRD (Wi-Fi U-NII-1/2A),PRIMARY,Wi-Fi 5 GHz lower (indoor only),5.446A,Wi-Fi 5 GHz (802.11a/n/ac/ax); INDOOR ONLY in EU; 200 mW EIRP max,TTJA / ERC 70-03 / ECC/DEC/(04)08 / ETSI EN 301 893,EST Wi-Fi 5 GHz 5150–5350 MHz indoor only. DFS mandatory 5250–5350 MHz.
5470.0,5725.0,EST,CEPT-EST,SRD (Wi-Fi U-NII-2C),PRIMARY,"Wi-Fi 5 GHz upper (DFS required, outdoor ok)",5.446A,Wi-Fi 5 GHz (802.11a/n/ac/ax); DFS mandatory; 1 W EIRP,TTJA / ERC 70-03 / ECC/DEC/(04)08 / ETSI EN 301 893,"EST Wi-Fi 5 GHz 5470–5725 MHz: outdoor permitted, DFS mandatory."
5925.0,6425.0,EST,CEPT-EST,SRD (Wi-Fi 6E),PRIMARY,Wi-Fi 6E lower 500 MHz (EU),5.446A,Wi-Fi 6E (802.11ax/be); 5925–6425 MHz (EU); 6 GHz channels 1–93,TTJA / ERC 70-03 / ECC/DEC/(20)01 / ETSI EN 302 567,EST Wi-Fi 6E 5925–6425 MHz: EU harmonised per ECC/DEC/(20)01. Only 500 MHz (vs 1200 MHz USA).
880.0,915.0,EST,CEPT-EST,MOBILE (GSM 900 / LTE Band 8 UL),PRIMARY,Mobile uplink 900 MHz,5.317A,GSM 900 uplink; LTE Band 8 uplink (smartphone to tower); 4G/5G NSA,TTJA / ERC 70-03 / 3GPP TS 45.005 / ETSI TS 136 104,EST GSM/LTE 900 UL 880–915 MHz.
925.0,960.0,EST,CEPT-EST,MOBILE (GSM 900 / LTE Band 8 DL),PRIMARY,Mobile downlink 900 MHz,5.317A,GSM 900 downlink; LTE Band 8 downlink (tower to smartphone); coverage band,TTJA / ERC 70-03 / 3GPP TS 45.005 / ETSI TS 136 104,EST GSM/LTE 900 DL 925–960 MHz.
1710.0,1785.0,EST,CEPT-EST,MOBILE (DCS 1800 / LTE Band 3 UL),PRIMARY,Mobile uplink 1800 MHz,5.341A,GSM 1800 uplink; LTE Band 3 UL (most common EU 4G band); 5G NR n3,TTJA / ERC 70-03 / 3GPP TS 45.005,EST DCS 1800 / LTE Band 3 UL 1710–1785 MHz.
1805.0,1880.0,EST,CEPT-EST,MOBILE (DCS 1800 / LTE Band 3 DL),PRIMARY,Mobile downlink 1800 MHz,5.341A,GSM 1800 downlink; LTE Band 3 DL; used by virtually all EU operators,TTJA / ERC 70-03 / 3GPP TS 45.005,EST DCS 1800 / LTE Band 3 DL 1805–1880 MHz.
1880.0,1900.0,EST,CEPT-EST,DECT,PRIMARY,DECT cordless phones,5.380A,DECT cordless phones; DECT baby monitors; DECT-2020 NR; DECT-ULE IoT,TTJA / ERC 70-03 / ETSI EN 300 175,EST DECT 1880–1900 MHz. 10 carriers 1881.792–1897.344 MHz.
26.957,27.283,LUX,CEPT-LUX,SRD (ISM) CB,PRIMARY,CB radio (40ch) + ISM 27 MHz,5.150,CB radios 40 channels (4W FM); RC toys; ISM industrial heaters,ILR / ERC 70-03 / ERC/REC 70-03,LUX follows CEPT harmonised CB allocation
433.05,434.79,LUX,CEPT-LUX,SRD (ISM) non-specific,PRIMARY,ISM 433 MHz (10 mW / <10% DC),5.138 5.150,Car key fobs (RKE); garage openers; weather stations; LoRa fallback; wireless doorbells; smart home,ILR / ERC 70-03 / ERC/REC 70-03 Annex 1 / EN 300 220,"LUX ISM 433 MHz: 10 mW e.r.p., <10% DC. Non-specific SRDs. Follows ERC/REC 70-03."
446.0,446.2,LUX,CEPT-LUX,PMR446 (Land Mobile),PRIMARY,License-free PMR walkie-talkies,5.286AA,PMR446 walkie-talkies (16 analog ch + 32 digital ch); hiking; events; construction,ILR / ERC 70-03 / ERC/DEC/(98)25 / EN 300 296,LUX PMR446 0.5W ERP 446.0–446.2 MHz harmonised. No licence required.
868.0,868.6,LUX,CEPT-LUX,SRD (ISM) non-specific,PRIMARY,ISM 868 MHz Band B (25 mW / ≤1% DC),5.138 5.150,LoRa EU868 (868.1/868.3/868.5 MHz channels 1-3); Sigfox EU; Z-Wave EU 868.42 MHz; MIOTY; smart meters; weather sensors,ILR / ERC 70-03 / ERC/REC 70-03 Annex 1 / EN 300 220,"LUX ISM 868.0–868.6 MHz: 25 mW e.r.p., ≤1% DC. Main IoT/LoRa band."
868.7,869.2,LUX,CEPT-LUX,SRD (ISM) non-specific,PRIMARY,ISM 868 MHz Band C (25 mW / ≤0.1% DC),5.138 5.150,Low-duty-cycle alarms; periodic meters,ILR / ERC 70-03 / ERC/REC 70-03 Annex 1 / EN 300 220,"LUX ISM 868.7–869.2 MHz: 25 mW e.r.p., ≤0.1% DC."
869.4,869.65,LUX,CEPT-LUX,SRD (ISM) high power,PRIMARY,ISM 868 MHz Band D (500 mW / ≤10% DC),5.138 5.150,Alarms; security systems; LoRa EU868 downlink (869.525 MHz); building access,ILR / ERC 70-03 / ERC/REC 70-03 Annex 1 / EN 300 220,"LUX ISM 869.4–869.65 MHz: 500 mW e.r.p., ≤10% DC, BW max 25 kHz."
380.0,400.0,LUX,CEPT-LUX,TETRA (Emergency),PRIMARY,Public Safety TETRA,5.286A,"TETRA emergency services radios (police, fire, ambulance); national digital PMR network",ILR / ERC 70-03 / ECC/DEC/(08)05 / ECC/DEC/(06)05 / ERC/DEC/(01)19,"LUX TETRA emergency: 380–385 MHz UL, 390–395 MHz DL. π/4-DQPSK 25 kHz TDMA. LICENSED."
144.0,146.0,LUX,CEPT-LUX,AMATEUR,PRIMARY,2m amateur band,5.216,2m ham (FT8; FM repeaters; APRS 144.800 MHz; EME; meteor scatter; satellite links),ILR / ERC 70-03 / IARU Region 1 band plan,LUX 2m amateur 144–146 MHz. Licensed only. APRS 144.800 MHz.
430.0,440.0,LUX,CEPT-LUX,AMATEUR,SECONDARY,70cm amateur + ISM 433 MHz overlap,5.270 5.282,"70cm ham (repeaters, ATV, EME); overlaps ISM 433.05–434.79 MHz",ILR / ERC 70-03 / IARU Region 1 band plan,LUX 70cm ham 430–440 MHz (secondary). ISM 433 MHz sub-band coexists.
2400.0,2483.5,LUX,CEPT-LUX,SRD (ISM) / AMATEUR,PRIMARY,Wi-Fi / BT / Zigbee / ISM 2.4 GHz,5.150 5.282,Wi-Fi 2.4 GHz (802.11b/g/n/ax ch 1-13); Bluetooth Classic + BLE (2402–2480 MHz); Zigbee (ch 11-26); microwave ovens; baby monitors; RC drones,ILR / ERC 70-03 / ETSI EN 300 328,"LUX ISM 2.4 GHz: 100 mW EIRP (Wi-Fi), 13 Wi-Fi channels. Follows CEPT."
5150.0,5350.0,LUX,CEPT-LUX,SRD (Wi-Fi U-NII-1/2A),PRIMARY,Wi-Fi 5 GHz lower (indoor only),5.446A,Wi-Fi 5 GHz (802.11a/n/ac/ax); INDOOR ONLY in EU; 200 mW EIRP max,ILR / ERC 70-03 / ECC/DEC/(04)08 / ETSI EN 301 893,LUX Wi-Fi 5 GHz 5150–5350 MHz indoor only. DFS mandatory 5250–5350 MHz.
5470.0,5725.0,LUX,CEPT-LUX,SRD (Wi-Fi U-NII-2C),PRIMARY,"Wi-Fi 5 GHz upper (DFS required, outdoor ok)",5.446A,Wi-Fi 5 GHz (802.11a/n/ac/ax); DFS mandatory; 1 W EIRP,ILR / ERC 70-03 / ECC/DEC/(04)08 / ETSI EN 301 893,"LUX Wi-Fi 5 GHz 5470–5725 MHz: outdoor permitted, DFS mandatory."
5925.0,6425.0,LUX,CEPT-LUX,SRD (Wi-Fi 6E),PRIMARY,Wi-Fi 6E lower 500 MHz (EU),5.446A,Wi-Fi 6E (802.11ax/be); 5925–6425 MHz (EU); 6 GHz channels 1–93,ILR / ERC 70-03 / ECC/DEC/(20)01 / ETSI EN 302 567,LUX Wi-Fi 6E 5925–6425 MHz: EU harmonised per ECC/DEC/(20)01. Only 500 MHz (vs 1200 MHz USA).
880.0,915.0,LUX,CEPT-LUX,MOBILE (GSM 900 / LTE Band 8 UL),PRIMARY,Mobile uplink 900 MHz,5.317A,GSM 900 uplink; LTE Band 8 uplink (smartphone to tower); 4G/5G NSA,ILR / ERC 70-03 / 3GPP TS 45.005 / ETSI TS 136 104,LUX GSM/LTE 900 UL 880–915 MHz.
925.0,960.0,LUX,CEPT-LUX,MOBILE (GSM 900 / LTE Band 8 DL),PRIMARY,Mobile downlink 900 MHz,5.317A,GSM 900 downlink; LTE Band 8 downlink (tower to smartphone); coverage band,ILR / ERC 70-03 / 3GPP TS 45.005 / ETSI TS 136 104,LUX GSM/LTE 900 DL 925–960 MHz.
1710.0,1785.0,LUX,CEPT-LUX,MOBILE (DCS 1800 / LTE Band 3 UL),PRIMARY,Mobile uplink 1800 MHz,5.341A,GSM 1800 uplink; LTE Band 3 UL (most common EU 4G band); 5G NR n3,ILR / ERC 70-03 / 3GPP TS 45.005,LUX DCS 1800 / LTE Band 3 UL 1710–1785 MHz.
1805.0,1880.0,LUX,CEPT-LUX,MOBILE (DCS 1800 / LTE Band 3 DL),PRIMARY,Mobile downlink 1800 MHz,5.341A,GSM 1800 downlink; LTE Band 3 DL; used by virtually all EU operators,ILR / ERC 70-03 / 3GPP TS 45.005,LUX DCS 1800 / LTE Band 3 DL 1805–1880 MHz.
1880.0,1900.0,LUX,CEPT-LUX,DECT,PRIMARY,DECT cordless phones,5.380A,DECT cordless phones; DECT baby monitors; DECT-2020 NR; DECT-ULE IoT,ILR / ERC 70-03 / ETSI EN 300 175,LUX DECT 1880–1900 MHz. 10 carriers 1881.792–1897.344 MHz.
26.957,27.283,IRL,CEPT-IRL,SRD (ISM) CB,PRIMARY,CB radio (40ch) + ISM 27 MHz,5.150,CB radios 40 channels (4W FM); RC toys; ISM industrial heaters,ComReg / ERC 70-03 / ERC/REC 70-03,IRL follows CEPT harmonised CB allocation
433.05,434.79,IRL,CEPT-IRL,SRD (ISM) non-specific,PRIMARY,ISM 433 MHz (10 mW / <10% DC),5.138 5.150,Car key fobs (RKE); garage openers; weather stations; LoRa fallback; wireless doorbells; smart home,ComReg / ERC 70-03 / ERC/REC 70-03 Annex 1 / EN 300 220,"IRL ISM 433 MHz: 10 mW e.r.p., <10% DC. Non-specific SRDs. Follows ERC/REC 70-03."
446.0,446.2,IRL,CEPT-IRL,PMR446 (Land Mobile),PRIMARY,License-free PMR walkie-talkies,5.286AA,PMR446 walkie-talkies (16 analog ch + 32 digital ch); hiking; events; construction,ComReg / ERC 70-03 / ERC/DEC/(98)25 / EN 300 296,IRL PMR446 0.5W ERP 446.0–446.2 MHz harmonised. No licence required.
868.0,868.6,IRL,CEPT-IRL,SRD (ISM) non-specific,PRIMARY,ISM 868 MHz Band B (25 mW / ≤1% DC),5.138 5.150,LoRa EU868 (868.1/868.3/868.5 MHz channels 1-3); Sigfox EU; Z-Wave EU 868.42 MHz; MIOTY; smart meters; weather sensors,ComReg / ERC 70-03 / ERC/REC 70-03 Annex 1 / EN 300 220,"IRL ISM 868.0–868.6 MHz: 25 mW e.r.p., ≤1% DC. Main IoT/LoRa band."
868.7,869.2,IRL,CEPT-IRL,SRD (ISM) non-specific,PRIMARY,ISM 868 MHz Band C (25 mW / ≤0.1% DC),5.138 5.150,Low-duty-cycle alarms; periodic meters,ComReg / ERC 70-03 / ERC/REC 70-03 Annex 1 / EN 300 220,"IRL ISM 868.7–869.2 MHz: 25 mW e.r.p., ≤0.1% DC."
869.4,869.65,IRL,CEPT-IRL,SRD (ISM) high power,PRIMARY,ISM 868 MHz Band D (500 mW / ≤10% DC),5.138 5.150,Alarms; security systems; LoRa EU868 downlink (869.525 MHz); building access,ComReg / ERC 70-03 / ERC/REC 70-03 Annex 1 / EN 300 220,"IRL ISM 869.4–869.65 MHz: 500 mW e.r.p., ≤10% DC, BW max 25 kHz."
380.0,400.0,IRL,CEPT-IRL,TETRA (Emergency),PRIMARY,Public Safety TETRA,5.286A,"TETRA emergency services radios (police, fire, ambulance); national digital PMR network",ComReg / ERC 70-03 / ECC/DEC/(08)05 / ECC/DEC/(06)05 / ERC/DEC/(01)19,"IRL TETRA emergency: 380–385 MHz UL, 390–395 MHz DL. π/4-DQPSK 25 kHz TDMA. LICENSED."
144.0,146.0,IRL,CEPT-IRL,AMATEUR,PRIMARY,2m amateur band,5.216,2m ham (FT8; FM repeaters; APRS 144.800 MHz; EME; meteor scatter; satellite links),ComReg / ERC 70-03 / IARU Region 1 band plan,IRL 2m amateur 144–146 MHz. Licensed only. APRS 144.800 MHz.
430.0,440.0,IRL,CEPT-IRL,AMATEUR,SECONDARY,70cm amateur + ISM 433 MHz overlap,5.270 5.282,"70cm ham (repeaters, ATV, EME); overlaps ISM 433.05–434.79 MHz",ComReg / ERC 70-03 / IARU Region 1 band plan,IRL 70cm ham 430–440 MHz (secondary). ISM 433 MHz sub-band coexists.
2400.0,2483.5,IRL,CEPT-IRL,SRD (ISM) / AMATEUR,PRIMARY,Wi-Fi / BT / Zigbee / ISM 2.4 GHz,5.150 5.282,Wi-Fi 2.4 GHz (802.11b/g/n/ax ch 1-13); Bluetooth Classic + BLE (2402–2480 MHz); Zigbee (ch 11-26); microwave ovens; baby monitors; RC drones,ComReg / ERC 70-03 / ETSI EN 300 328,"IRL ISM 2.4 GHz: 100 mW EIRP (Wi-Fi), 13 Wi-Fi channels. Follows CEPT."
5150.0,5350.0,IRL,CEPT-IRL,SRD (Wi-Fi U-NII-1/2A),PRIMARY,Wi-Fi 5 GHz lower (indoor only),5.446A,Wi-Fi 5 GHz (802.11a/n/ac/ax); INDOOR ONLY in EU; 200 mW EIRP max,ComReg / ERC 70-03 / ECC/DEC/(04)08 / ETSI EN 301 893,IRL Wi-Fi 5 GHz 5150–5350 MHz indoor only. DFS mandatory 5250–5350 MHz.
5470.0,5725.0,IRL,CEPT-IRL,SRD (Wi-Fi U-NII-2C),PRIMARY,"Wi-Fi 5 GHz upper (DFS required, outdoor ok)",5.446A,Wi-Fi 5 GHz (802.11a/n/ac/ax); DFS mandatory; 1 W EIRP,ComReg / ERC 70-03 / ECC/DEC/(04)08 / ETSI EN 301 893,"IRL Wi-Fi 5 GHz 5470–5725 MHz: outdoor permitted, DFS mandatory."
5925.0,6425.0,IRL,CEPT-IRL,SRD (Wi-Fi 6E),PRIMARY,Wi-Fi 6E lower 500 MHz (EU),5.446A,Wi-Fi 6E (802.11ax/be); 5925–6425 MHz (EU); 6 GHz channels 1–93,ComReg / ERC 70-03 / ECC/DEC/(20)01 / ETSI EN 302 567,IRL Wi-Fi 6E 5925–6425 MHz: EU harmonised per ECC/DEC/(20)01. Only 500 MHz (vs 1200 MHz USA).
880.0,915.0,IRL,CEPT-IRL,MOBILE (GSM 900 / LTE Band 8 UL),PRIMARY,Mobile uplink 900 MHz,5.317A,GSM 900 uplink; LTE Band 8 uplink (smartphone to tower); 4G/5G NSA,ComReg / ERC 70-03 / 3GPP TS 45.005 / ETSI TS 136 104,IRL GSM/LTE 900 UL 880–915 MHz.
925.0,960.0,IRL,CEPT-IRL,MOBILE (GSM 900 / LTE Band 8 DL),PRIMARY,Mobile downlink 900 MHz,5.317A,GSM 900 downlink; LTE Band 8 downlink (tower to smartphone); coverage band,ComReg / ERC 70-03 / 3GPP TS 45.005 / ETSI TS 136 104,IRL GSM/LTE 900 DL 925–960 MHz.
1710.0,1785.0,IRL,CEPT-IRL,MOBILE (DCS 1800 / LTE Band 3 UL),PRIMARY,Mobile uplink 1800 MHz,5.341A,GSM 1800 uplink; LTE Band 3 UL (most common EU 4G band); 5G NR n3,ComReg / ERC 70-03 / 3GPP TS 45.005,IRL DCS 1800 / LTE Band 3 UL 1710–1785 MHz.
1805.0,1880.0,IRL,CEPT-IRL,MOBILE (DCS 1800 / LTE Band 3 DL),PRIMARY,Mobile downlink 1800 MHz,5.341A,GSM 1800 downlink; LTE Band 3 DL; used by virtually all EU operators,ComReg / ERC 70-03 / 3GPP TS 45.005,IRL DCS 1800 / LTE Band 3 DL 1805–1880 MHz.
1880.0,1900.0,IRL,CEPT-IRL,DECT,PRIMARY,DECT cordless phones,5.380A,DECT cordless phones; DECT baby monitors; DECT-2020 NR; DECT-ULE IoT,ComReg / ERC 70-03 / ETSI EN 300 175,IRL DECT 1880–1900 MHz. 10 carriers 1881.792–1897.344 MHz.
26.957,27.283,TUR,CEPT-TUR,SRD (ISM) CB,PRIMARY,CB radio (40ch) + ISM 27 MHz,5.150,CB radios 40 channels (4W FM); RC toys; ISM industrial heaters,BTK / ERC 70-03 / ERC/REC 70-03,TUR follows CEPT harmonised CB allocation
433.05,434.79,TUR,CEPT-TUR,SRD (ISM) non-specific,PRIMARY,ISM 433 MHz (10 mW / <10% DC),5.138 5.150,Car key fobs (RKE); garage openers; weather stations; LoRa fallback; wireless doorbells; smart home,BTK / ERC 70-03 / ERC/REC 70-03 Annex 1 / EN 300 220,"TUR ISM 433 MHz: 10 mW e.r.p., <10% DC. Non-specific SRDs. Follows ERC/REC 70-03."
446.0,446.2,TUR,CEPT-TUR,PMR446 (Land Mobile),PRIMARY,License-free PMR walkie-talkies,5.286AA,PMR446 walkie-talkies (16 analog ch + 32 digital ch); hiking; events; construction,BTK / ERC 70-03 / ERC/DEC/(98)25 / EN 300 296,TUR PMR446 0.5W ERP 446.0–446.2 MHz harmonised. No licence required.
868.0,868.6,TUR,CEPT-TUR,SRD (ISM) non-specific,PRIMARY,ISM 868 MHz Band B (25 mW / ≤1% DC),5.138 5.150,LoRa EU868 (868.1/868.3/868.5 MHz channels 1-3); Sigfox EU; Z-Wave EU 868.42 MHz; MIOTY; smart meters; weather sensors,BTK / ERC 70-03 / ERC/REC 70-03 Annex 1 / EN 300 220,"TUR ISM 868.0–868.6 MHz: 25 mW e.r.p., ≤1% DC. Main IoT/LoRa band."
868.7,869.2,TUR,CEPT-TUR,SRD (ISM) non-specific,PRIMARY,ISM 868 MHz Band C (25 mW / ≤0.1% DC),5.138 5.150,Low-duty-cycle alarms; periodic meters,BTK / ERC 70-03 / ERC/REC 70-03 Annex 1 / EN 300 220,"TUR ISM 868.7–869.2 MHz: 25 mW e.r.p., ≤0.1% DC."
869.4,869.65,TUR,CEPT-TUR,SRD (ISM) high power,PRIMARY,ISM 868 MHz Band D (500 mW / ≤10% DC),5.138 5.150,Alarms; security systems; LoRa EU868 downlink (869.525 MHz); building access,BTK / ERC 70-03 / ERC/REC 70-03 Annex 1 / EN 300 220,"TUR ISM 869.4–869.65 MHz: 500 mW e.r.p., ≤10% DC, BW max 25 kHz."
380.0,400.0,TUR,CEPT-TUR,TETRA (Emergency),PRIMARY,Public Safety TETRA,5.286A,"TETRA emergency services radios (police, fire, ambulance); national digital PMR network",BTK / ERC 70-03 / ECC/DEC/(08)05 / ECC/DEC/(06)05 / ERC/DEC/(01)19,"TUR TETRA emergency: 380–385 MHz UL, 390–395 MHz DL. π/4-DQPSK 25 kHz TDMA. LICENSED."
144.0,146.0,TUR,CEPT-TUR,AMATEUR,PRIMARY,2m amateur band,5.216,2m ham (FT8; FM repeaters; APRS 144.800 MHz; EME; meteor scatter; satellite links),BTK / ERC 70-03 / IARU Region 1 band plan,TUR 2m amateur 144–146 MHz. Licensed only. APRS 144.800 MHz.
430.0,440.0,TUR,CEPT-TUR,AMATEUR,SECONDARY,70cm amateur + ISM 433 MHz overlap,5.270 5.282,"70cm ham (repeaters, ATV, EME); overlaps ISM 433.05–434.79 MHz",BTK / ERC 70-03 / IARU Region 1 band plan,TUR 70cm ham 430–440 MHz (secondary). ISM 433 MHz sub-band coexists.
2400.0,2483.5,TUR,CEPT-TUR,SRD (ISM) / AMATEUR,PRIMARY,Wi-Fi / BT / Zigbee / ISM 2.4 GHz,5.150 5.282,Wi-Fi 2.4 GHz (802.11b/g/n/ax ch 1-13); Bluetooth Classic + BLE (2402–2480 MHz); Zigbee (ch 11-26); microwave ovens; baby monitors; RC drones,BTK / ERC 70-03 / ETSI EN 300 328,"TUR ISM 2.4 GHz: 100 mW EIRP (Wi-Fi), 13 Wi-Fi channels. Follows CEPT."
5150.0,5350.0,TUR,CEPT-TUR,SRD (Wi-Fi U-NII-1/2A),PRIMARY,Wi-Fi 5 GHz lower (indoor only),5.446A,Wi-Fi 5 GHz (802.11a/n/ac/ax); INDOOR ONLY in EU; 200 mW EIRP max,BTK / ERC 70-03 / ECC/DEC/(04)08 / ETSI EN 301 893,TUR Wi-Fi 5 GHz 5150–5350 MHz indoor only. DFS mandatory 5250–5350 MHz.
5470.0,5725.0,TUR,CEPT-TUR,SRD (Wi-Fi U-NII-2C),PRIMARY,"Wi-Fi 5 GHz upper (DFS required, outdoor ok)",5.446A,Wi-Fi 5 GHz (802.11a/n/ac/ax); DFS mandatory; 1 W EIRP,BTK / ERC 70-03 / ECC/DEC/(04)08 / ETSI EN 301 893,"TUR Wi-Fi 5 GHz 5470–5725 MHz: outdoor permitted, DFS mandatory."
5925.0,6425.0,TUR,CEPT-TUR,SRD (Wi-Fi 6E),PRIMARY,Wi-Fi 6E lower 500 MHz (EU),5.446A,Wi-Fi 6E (802.11ax/be); 5925–6425 MHz (EU); 6 GHz channels 1–93,BTK / ERC 70-03 / ECC/DEC/(20)01 / ETSI EN 302 567,TUR Wi-Fi 6E 5925–6425 MHz: EU harmonised per ECC/DEC/(20)01. Only 500 MHz (vs 1200 MHz USA).
880.0,915.0,TUR,CEPT-TUR,MOBILE (GSM 900 / LTE Band 8 UL),PRIMARY,Mobile uplink 900 MHz,5.317A,GSM 900 uplink; LTE Band 8 uplink (smartphone to tower); 4G/5G NSA,BTK / ERC 70-03 / 3GPP TS 45.005 / ETSI TS 136 104,TUR GSM/LTE 900 UL 880–915 MHz.
925.0,960.0,TUR,CEPT-TUR,MOBILE (GSM 900 / LTE Band 8 DL),PRIMARY,Mobile downlink 900 MHz,5.317A,GSM 900 downlink; LTE Band 8 downlink (tower to smartphone); coverage band,BTK / ERC 70-03 / 3GPP TS 45.005 / ETSI TS 136 104,TUR GSM/LTE 900 DL 925–960 MHz.
1710.0,1785.0,TUR,CEPT-TUR,MOBILE (DCS 1800 / LTE Band 3 UL),PRIMARY,Mobile uplink 1800 MHz,5.341A,GSM 1800 uplink; LTE Band 3 UL (most common EU 4G band); 5G NR n3,BTK / ERC 70-03 / 3GPP TS 45.005,TUR DCS 1800 / LTE Band 3 UL 1710–1785 MHz.
1805.0,1880.0,TUR,CEPT-TUR,MOBILE (DCS 1800 / LTE Band 3 DL),PRIMARY,Mobile downlink 1800 MHz,5.341A,GSM 1800 downlink; LTE Band 3 DL; used by virtually all EU operators,BTK / ERC 70-03 / 3GPP TS 45.005,TUR DCS 1800 / LTE Band 3 DL 1805–1880 MHz.
1880.0,1900.0,TUR,CEPT-TUR,DECT,PRIMARY,DECT cordless phones,5.380A,DECT cordless phones; DECT baby monitors; DECT-2020 NR; DECT-ULE IoT,BTK / ERC 70-03 / ETSI EN 300 175,TUR DECT 1880–1900 MHz. 10 carriers 1881.792–1897.344 MHz.
26.957,27.283,UKR,CEPT-UKR,SRD (ISM) CB,PRIMARY,CB radio (40ch) + ISM 27 MHz,5.150,CB radios 40 channels (4W FM); RC toys; ISM industrial heaters,UCRF / ERC 70-03 / ERC/REC 70-03,UKR follows CEPT harmonised CB allocation
433.05,434.79,UKR,CEPT-UKR,SRD (ISM) non-specific,PRIMARY,ISM 433 MHz (10 mW / <10% DC),5.138 5.150,Car key fobs (RKE); garage openers; weather stations; LoRa fallback; wireless doorbells; smart home,UCRF / ERC 70-03 / ERC/REC 70-03 Annex 1 / EN 300 220,"UKR ISM 433 MHz: 10 mW e.r.p., <10% DC. Non-specific SRDs. Follows ERC/REC 70-03."
446.0,446.2,UKR,CEPT-UKR,PMR446 (Land Mobile),PRIMARY,License-free PMR walkie-talkies,5.286AA,PMR446 walkie-talkies (16 analog ch + 32 digital ch); hiking; events; construction,UCRF / ERC 70-03 / ERC/DEC/(98)25 / EN 300 296,UKR PMR446 0.5W ERP 446.0–446.2 MHz harmonised. No licence required.
868.0,868.6,UKR,CEPT-UKR,SRD (ISM) non-specific,PRIMARY,ISM 868 MHz Band B (25 mW / ≤1% DC),5.138 5.150,LoRa EU868 (868.1/868.3/868.5 MHz channels 1-3); Sigfox EU; Z-Wave EU 868.42 MHz; MIOTY; smart meters; weather sensors,UCRF / ERC 70-03 / ERC/REC 70-03 Annex 1 / EN 300 220,"UKR ISM 868.0–868.6 MHz: 25 mW e.r.p., ≤1% DC. Main IoT/LoRa band."
868.7,869.2,UKR,CEPT-UKR,SRD (ISM) non-specific,PRIMARY,ISM 868 MHz Band C (25 mW / ≤0.1% DC),5.138 5.150,Low-duty-cycle alarms; periodic meters,UCRF / ERC 70-03 / ERC/REC 70-03 Annex 1 / EN 300 220,"UKR ISM 868.7–869.2 MHz: 25 mW e.r.p., ≤0.1% DC."
869.4,869.65,UKR,CEPT-UKR,SRD (ISM) high power,PRIMARY,ISM 868 MHz Band D (500 mW / ≤10% DC),5.138 5.150,Alarms; security systems; LoRa EU868 downlink (869.525 MHz); building access,UCRF / ERC 70-03 / ERC/REC 70-03 Annex 1 / EN 300 220,"UKR ISM 869.4–869.65 MHz: 500 mW e.r.p., ≤10% DC, BW max 25 kHz."
380.0,400.0,UKR,CEPT-UKR,TETRA (Emergency),PRIMARY,Public Safety TETRA,5.286A,"TETRA emergency services radios (police, fire, ambulance); national digital PMR network",UCRF / ERC 70-03 / ECC/DEC/(08)05 / ECC/DEC/(06)05 / ERC/DEC/(01)19,"UKR TETRA emergency: 380–385 MHz UL, 390–395 MHz DL. π/4-DQPSK 25 kHz TDMA. LICENSED."
144.0,146.0,UKR,CEPT-UKR,AMATEUR,PRIMARY,2m amateur band,5.216,2m ham (FT8; FM repeaters; APRS 144.800 MHz; EME; meteor scatter; satellite links),UCRF / ERC 70-03 / IARU Region 1 band plan,UKR 2m amateur 144–146 MHz. Licensed only. APRS 144.800 MHz.
430.0,440.0,UKR,CEPT-UKR,AMATEUR,SECONDARY,70cm amateur + ISM 433 MHz overlap,5.270 5.282,"70cm ham (repeaters, ATV, EME); overlaps ISM 433.05–434.79 MHz",UCRF / ERC 70-03 / IARU Region 1 band plan,UKR 70cm ham 430–440 MHz (secondary). ISM 433 MHz sub-band coexists.
2400.0,2483.5,UKR,CEPT-UKR,SRD (ISM) / AMATEUR,PRIMARY,Wi-Fi / BT / Zigbee / ISM 2.4 GHz,5.150 5.282,Wi-Fi 2.4 GHz (802.11b/g/n/ax ch 1-13); Bluetooth Classic + BLE (2402–2480 MHz); Zigbee (ch 11-26); microwave ovens; baby monitors; RC drones,UCRF / ERC 70-03 / ETSI EN 300 328,"UKR ISM 2.4 GHz: 100 mW EIRP (Wi-Fi), 13 Wi-Fi channels. Follows CEPT."
5150.0,5350.0,UKR,CEPT-UKR,SRD (Wi-Fi U-NII-1/2A),PRIMARY,Wi-Fi 5 GHz lower (indoor only),5.446A,Wi-Fi 5 GHz (802.11a/n/ac/ax); INDOOR ONLY in EU; 200 mW EIRP max,UCRF / ERC 70-03 / ECC/DEC/(04)08 / ETSI EN 301 893,UKR Wi-Fi 5 GHz 5150–5350 MHz indoor only. DFS mandatory 5250–5350 MHz.
5470.0,5725.0,UKR,CEPT-UKR,SRD (Wi-Fi U-NII-2C),PRIMARY,"Wi-Fi 5 GHz upper (DFS required, outdoor ok)",5.446A,Wi-Fi 5 GHz (802.11a/n/ac/ax); DFS mandatory; 1 W EIRP,UCRF / ERC 70-03 / ECC/DEC/(04)08 / ETSI EN 301 893,"UKR Wi-Fi 5 GHz 5470–5725 MHz: outdoor permitted, DFS mandatory."
5925.0,6425.0,UKR,CEPT-UKR,SRD (Wi-Fi 6E),PRIMARY,Wi-Fi 6E lower 500 MHz (EU),5.446A,Wi-Fi 6E (802.11ax/be); 5925–6425 MHz (EU); 6 GHz channels 1–93,UCRF / ERC 70-03 / ECC/DEC/(20)01 / ETSI EN 302 567,UKR Wi-Fi 6E 5925–6425 MHz: EU harmonised per ECC/DEC/(20)01. Only 500 MHz (vs 1200 MHz USA).
880.0,915.0,UKR,CEPT-UKR,MOBILE (GSM 900 / LTE Band 8 UL),PRIMARY,Mobile uplink 900 MHz,5.317A,GSM 900 uplink; LTE Band 8 uplink (smartphone to tower); 4G/5G NSA,UCRF / ERC 70-03 / 3GPP TS 45.005 / ETSI TS 136 104,UKR GSM/LTE 900 UL 880–915 MHz.
925.0,960.0,UKR,CEPT-UKR,MOBILE (GSM 900 / LTE Band 8 DL),PRIMARY,Mobile downlink 900 MHz,5.317A,GSM 900 downlink; LTE Band 8 downlink (tower to smartphone); coverage band,UCRF / ERC 70-03 / 3GPP TS 45.005 / ETSI TS 136 104,UKR GSM/LTE 900 DL 925–960 MHz.
1710.0,1785.0,UKR,CEPT-UKR,MOBILE (DCS 1800 / LTE Band 3 UL),PRIMARY,Mobile uplink 1800 MHz,5.341A,GSM 1800 uplink; LTE Band 3 UL (most common EU 4G band); 5G NR n3,UCRF / ERC 70-03 / 3GPP TS 45.005,UKR DCS 1800 / LTE Band 3 UL 1710–1785 MHz.
1805.0,1880.0,UKR,CEPT-UKR,MOBILE (DCS 1800 / LTE Band 3 DL),PRIMARY,Mobile downlink 1800 MHz,5.341A,GSM 1800 downlink; LTE Band 3 DL; used by virtually all EU operators,UCRF / ERC 70-03 / 3GPP TS 45.005,UKR DCS 1800 / LTE Band 3 DL 1805–1880 MHz.
1880.0,1900.0,UKR,CEPT-UKR,DECT,PRIMARY,DECT cordless phones,5.380A,DECT cordless phones; DECT baby monitors; DECT-2020 NR; DECT-ULE IoT,UCRF / ERC 70-03 / ETSI EN 300 175,UKR DECT 1880–1900 MHz. 10 carriers 1881.792–1897.344 MHz.
26.957,27.283,ISR,CEPT-ISR,SRD (ISM) CB,PRIMARY,CB radio (40ch) + ISM 27 MHz,5.150,CB radios 40 channels (4W FM); RC toys; ISM industrial heaters,MOC Israel / ERC 70-03 / ERC/REC 70-03,ISR follows CEPT harmonised CB allocation
433.05,434.79,ISR,CEPT-ISR,SRD (ISM) non-specific,PRIMARY,ISM 433 MHz (10 mW / <10% DC),5.138 5.150,Car key fobs (RKE); garage openers; weather stations; LoRa fallback; wireless doorbells; smart home,MOC Israel / ERC 70-03 / ERC/REC 70-03 Annex 1 / EN 300 220,"ISR ISM 433 MHz: 10 mW e.r.p., <10% DC. Non-specific SRDs. Follows ERC/REC 70-03."
446.0,446.2,ISR,CEPT-ISR,PMR446 (Land Mobile),PRIMARY,License-free PMR walkie-talkies,5.286AA,PMR446 walkie-talkies (16 analog ch + 32 digital ch); hiking; events; construction,MOC Israel / ERC 70-03 / ERC/DEC/(98)25 / EN 300 296,ISR PMR446 0.5W ERP 446.0–446.2 MHz harmonised. No licence required.
868.0,868.6,ISR,CEPT-ISR,SRD (ISM) non-specific,PRIMARY,ISM 868 MHz Band B (25 mW / ≤1% DC),5.138 5.150,LoRa EU868 (868.1/868.3/868.5 MHz channels 1-3); Sigfox EU; Z-Wave EU 868.42 MHz; MIOTY; smart meters; weather sensors,MOC Israel / ERC 70-03 / ERC/REC 70-03 Annex 1 / EN 300 220,"ISR ISM 868.0–868.6 MHz: 25 mW e.r.p., ≤1% DC. Main IoT/LoRa band."
868.7,869.2,ISR,CEPT-ISR,SRD (ISM) non-specific,PRIMARY,ISM 868 MHz Band C (25 mW / ≤0.1% DC),5.138 5.150,Low-duty-cycle alarms; periodic meters,MOC Israel / ERC 70-03 / ERC/REC 70-03 Annex 1 / EN 300 220,"ISR ISM 868.7–869.2 MHz: 25 mW e.r.p., ≤0.1% DC."
869.4,869.65,ISR,CEPT-ISR,SRD (ISM) high power,PRIMARY,ISM 868 MHz Band D (500 mW / ≤10% DC),5.138 5.150,Alarms; security systems; LoRa EU868 downlink (869.525 MHz); building access,MOC Israel / ERC 70-03 / ERC/REC 70-03 Annex 1 / EN 300 220,"ISR ISM 869.4–869.65 MHz: 500 mW e.r.p., ≤10% DC, BW max 25 kHz."
380.0,400.0,ISR,CEPT-ISR,TETRA (Emergency),PRIMARY,Public Safety TETRA,5.286A,"TETRA emergency services radios (police, fire, ambulance); national digital PMR network",MOC Israel / ERC 70-03 / ECC/DEC/(08)05 / ECC/DEC/(06)05 / ERC/DEC/(01)19,"ISR TETRA emergency: 380–385 MHz UL, 390–395 MHz DL. π/4-DQPSK 25 kHz TDMA. LICENSED."
144.0,146.0,ISR,CEPT-ISR,AMATEUR,PRIMARY,2m amateur band,5.216,2m ham (FT8; FM repeaters; APRS 144.800 MHz; EME; meteor scatter; satellite links),MOC Israel / ERC 70-03 / IARU Region 1 band plan,ISR 2m amateur 144–146 MHz. Licensed only. APRS 144.800 MHz.
430.0,440.0,ISR,CEPT-ISR,AMATEUR,SECONDARY,70cm amateur + ISM 433 MHz overlap,5.270 5.282,"70cm ham (repeaters, ATV, EME); overlaps ISM 433.05–434.79 MHz",MOC Israel / ERC 70-03 / IARU Region 1 band plan,ISR 70cm ham 430–440 MHz (secondary). ISM 433 MHz sub-band coexists.
2400.0,2483.5,ISR,CEPT-ISR,SRD (ISM) / AMATEUR,PRIMARY,Wi-Fi / BT / Zigbee / ISM 2.4 GHz,5.150 5.282,Wi-Fi 2.4 GHz (802.11b/g/n/ax ch 1-13); Bluetooth Classic + BLE (2402–2480 MHz); Zigbee (ch 11-26); microwave ovens; baby monitors; RC drones,MOC Israel / ERC 70-03 / ETSI EN 300 328,"ISR ISM 2.4 GHz: 100 mW EIRP (Wi-Fi), 13 Wi-Fi channels. Follows CEPT."
5150.0,5350.0,ISR,CEPT-ISR,SRD (Wi-Fi U-NII-1/2A),PRIMARY,Wi-Fi 5 GHz lower (indoor only),5.446A,Wi-Fi 5 GHz (802.11a/n/ac/ax); INDOOR ONLY in EU; 200 mW EIRP max,MOC Israel / ERC 70-03 / ECC/DEC/(04)08 / ETSI EN 301 893,ISR Wi-Fi 5 GHz 5150–5350 MHz indoor only. DFS mandatory 5250–5350 MHz.
5470.0,5725.0,ISR,CEPT-ISR,SRD (Wi-Fi U-NII-2C),PRIMARY,"Wi-Fi 5 GHz upper (DFS required, outdoor ok)",5.446A,Wi-Fi 5 GHz (802.11a/n/ac/ax); DFS mandatory; 1 W EIRP,MOC Israel / ERC 70-03 / ECC/DEC/(04)08 / ETSI EN 301 893,"ISR Wi-Fi 5 GHz 5470–5725 MHz: outdoor permitted, DFS mandatory."
5925.0,6425.0,ISR,CEPT-ISR,SRD (Wi-Fi 6E),PRIMARY,Wi-Fi 6E lower 500 MHz (EU),5.446A,Wi-Fi 6E (802.11ax/be); 5925–6425 MHz (EU); 6 GHz channels 1–93,MOC Israel / ERC 70-03 / ECC/DEC/(20)01 / ETSI EN 302 567,ISR Wi-Fi 6E 5925–6425 MHz: EU harmonised per ECC/DEC/(20)01. Only 500 MHz (vs 1200 MHz USA).
880.0,915.0,ISR,CEPT-ISR,MOBILE (GSM 900 / LTE Band 8 UL),PRIMARY,Mobile uplink 900 MHz,5.317A,GSM 900 uplink; LTE Band 8 uplink (smartphone to tower); 4G/5G NSA,MOC Israel / ERC 70-03 / 3GPP TS 45.005 / ETSI TS 136 104,ISR GSM/LTE 900 UL 880–915 MHz.
925.0,960.0,ISR,CEPT-ISR,MOBILE (GSM 900 / LTE Band 8 DL),PRIMARY,Mobile downlink 900 MHz,5.317A,GSM 900 downlink; LTE Band 8 downlink (tower to smartphone); coverage band,MOC Israel / ERC 70-03 / 3GPP TS 45.005 / ETSI TS 136 104,ISR GSM/LTE 900 DL 925–960 MHz.
1710.0,1785.0,ISR,CEPT-ISR,MOBILE (DCS 1800 / LTE Band 3 UL),PRIMARY,Mobile uplink 1800 MHz,5.341A,GSM 1800 uplink; LTE Band 3 UL (most common EU 4G band); 5G NR n3,MOC Israel / ERC 70-03 / 3GPP TS 45.005,ISR DCS 1800 / LTE Band 3 UL 1710–1785 MHz.
1805.0,1880.0,ISR,CEPT-ISR,MOBILE (DCS 1800 / LTE Band 3 DL),PRIMARY,Mobile downlink 1800 MHz,5.341A,GSM 1800 downlink; LTE Band 3 DL; used by virtually all EU operators,MOC Israel / ERC 70-03 / 3GPP TS 45.005,ISR DCS 1800 / LTE Band 3 DL 1805–1880 MHz.
1880.0,1900.0,ISR,CEPT-ISR,DECT,PRIMARY,DECT cordless phones,5.380A,DECT cordless phones; DECT baby monitors; DECT-2020 NR; DECT-ULE IoT,MOC Israel / ERC 70-03 / ETSI EN 300 175,ISR DECT 1880–1900 MHz. 10 carriers 1881.792–1897.344 MHz.
26.957,27.283,ISL,CEPT-ISL,SRD (ISM) CB,PRIMARY,CB radio (40ch) + ISM 27 MHz,5.150,CB radios 40 channels (4W FM); RC toys; ISM industrial heaters,PFS Iceland / ERC 70-03 / ERC/REC 70-03,ISL follows CEPT harmonised CB allocation
433.05,434.79,ISL,CEPT-ISL,SRD (ISM) non-specific,PRIMARY,ISM 433 MHz (10 mW / <10% DC),5.138 5.150,Car key fobs (RKE); garage openers; weather stations; LoRa fallback; wireless doorbells; smart home,PFS Iceland / ERC 70-03 / ERC/REC 70-03 Annex 1 / EN 300 220,"ISL ISM 433 MHz: 10 mW e.r.p., <10% DC. Non-specific SRDs. Follows ERC/REC 70-03."
446.0,446.2,ISL,CEPT-ISL,PMR446 (Land Mobile),PRIMARY,License-free PMR walkie-talkies,5.286AA,PMR446 walkie-talkies (16 analog ch + 32 digital ch); hiking; events; construction,PFS Iceland / ERC 70-03 / ERC/DEC/(98)25 / EN 300 296,ISL PMR446 0.5W ERP 446.0–446.2 MHz harmonised. No licence required.
868.0,868.6,ISL,CEPT-ISL,SRD (ISM) non-specific,PRIMARY,ISM 868 MHz Band B (25 mW / ≤1% DC),5.138 5.150,LoRa EU868 (868.1/868.3/868.5 MHz channels 1-3); Sigfox EU; Z-Wave EU 868.42 MHz; MIOTY; smart meters; weather sensors,PFS Iceland / ERC 70-03 / ERC/REC 70-03 Annex 1 / EN 300 220,"ISL ISM 868.0–868.6 MHz: 25 mW e.r.p., ≤1% DC. Main IoT/LoRa band."
868.7,869.2,ISL,CEPT-ISL,SRD (ISM) non-specific,PRIMARY,ISM 868 MHz Band C (25 mW / ≤0.1% DC),5.138 5.150,Low-duty-cycle alarms; periodic meters,PFS Iceland / ERC 70-03 / ERC/REC 70-03 Annex 1 / EN 300 220,"ISL ISM 868.7–869.2 MHz: 25 mW e.r.p., ≤0.1% DC."
869.4,869.65,ISL,CEPT-ISL,SRD (ISM) high power,PRIMARY,ISM 868 MHz Band D (500 mW / ≤10% DC),5.138 5.150,Alarms; security systems; LoRa EU868 downlink (869.525 MHz); building access,PFS Iceland / ERC 70-03 / ERC/REC 70-03 Annex 1 / EN 300 220,"ISL ISM 869.4–869.65 MHz: 500 mW e.r.p., ≤10% DC, BW max 25 kHz."
380.0,400.0,ISL,CEPT-ISL,TETRA (Emergency),PRIMARY,Public Safety TETRA,5.286A,"TETRA emergency services radios (police, fire, ambulance); national digital PMR network",PFS Iceland / ERC 70-03 / ECC/DEC/(08)05 / ECC/DEC/(06)05 / ERC/DEC/(01)19,"ISL TETRA emergency: 380–385 MHz UL, 390–395 MHz DL. π/4-DQPSK 25 kHz TDMA. LICENSED."
144.0,146.0,ISL,CEPT-ISL,AMATEUR,PRIMARY,2m amateur band,5.216,2m ham (FT8; FM repeaters; APRS 144.800 MHz; EME; meteor scatter; satellite links),PFS Iceland / ERC 70-03 / IARU Region 1 band plan,ISL 2m amateur 144–146 MHz. Licensed only. APRS 144.800 MHz.
430.0,440.0,ISL,CEPT-ISL,AMATEUR,SECONDARY,70cm amateur + ISM 433 MHz overlap,5.270 5.282,"70cm ham (repeaters, ATV, EME); overlaps ISM 433.05–434.79 MHz",PFS Iceland / ERC 70-03 / IARU Region 1 band plan,ISL 70cm ham 430–440 MHz (secondary). ISM 433 MHz sub-band coexists.
2400.0,2483.5,ISL,CEPT-ISL,SRD (ISM) / AMATEUR,PRIMARY,Wi-Fi / BT / Zigbee / ISM 2.4 GHz,5.150 5.282,Wi-Fi 2.4 GHz (802.11b/g/n/ax ch 1-13); Bluetooth Classic + BLE (2402–2480 MHz); Zigbee (ch 11-26); microwave ovens; baby monitors; RC drones,PFS Iceland / ERC 70-03 / ETSI EN 300 328,"ISL ISM 2.4 GHz: 100 mW EIRP (Wi-Fi), 13 Wi-Fi channels. Follows CEPT."
5150.0,5350.0,ISL,CEPT-ISL,SRD (Wi-Fi U-NII-1/2A),PRIMARY,Wi-Fi 5 GHz lower (indoor only),5.446A,Wi-Fi 5 GHz (802.11a/n/ac/ax); INDOOR ONLY in EU; 200 mW EIRP max,PFS Iceland / ERC 70-03 / ECC/DEC/(04)08 / ETSI EN 301 893,ISL Wi-Fi 5 GHz 5150–5350 MHz indoor only. DFS mandatory 5250–5350 MHz.
5470.0,5725.0,ISL,CEPT-ISL,SRD (Wi-Fi U-NII-2C),PRIMARY,"Wi-Fi 5 GHz upper (DFS required, outdoor ok)",5.446A,Wi-Fi 5 GHz (802.11a/n/ac/ax); DFS mandatory; 1 W EIRP,PFS Iceland / ERC 70-03 / ECC/DEC/(04)08 / ETSI EN 301 893,"ISL Wi-Fi 5 GHz 5470–5725 MHz: outdoor permitted, DFS mandatory."
5925.0,6425.0,ISL,CEPT-ISL,SRD (Wi-Fi 6E),PRIMARY,Wi-Fi 6E lower 500 MHz (EU),5.446A,Wi-Fi 6E (802.11ax/be); 5925–6425 MHz (EU); 6 GHz channels 1–93,PFS Iceland / ERC 70-03 / ECC/DEC/(20)01 / ETSI EN 302 567,ISL Wi-Fi 6E 5925–6425 MHz: EU harmonised per ECC/DEC/(20)01. Only 500 MHz (vs 1200 MHz USA).
880.0,915.0,ISL,CEPT-ISL,MOBILE (GSM 900 / LTE Band 8 UL),PRIMARY,Mobile uplink 900 MHz,5.317A,GSM 900 uplink; LTE Band 8 uplink (smartphone to tower); 4G/5G NSA,PFS Iceland / ERC 70-03 / 3GPP TS 45.005 / ETSI TS 136 104,ISL GSM/LTE 900 UL 880–915 MHz.
925.0,960.0,ISL,CEPT-ISL,MOBILE (GSM 900 / LTE Band 8 DL),PRIMARY,Mobile downlink 900 MHz,5.317A,GSM 900 downlink; LTE Band 8 downlink (tower to smartphone); coverage band,PFS Iceland / ERC 70-03 / 3GPP TS 45.005 / ETSI TS 136 104,ISL GSM/LTE 900 DL 925–960 MHz.
1710.0,1785.0,ISL,CEPT-ISL,MOBILE (DCS 1800 / LTE Band 3 UL),PRIMARY,Mobile uplink 1800 MHz,5.341A,GSM 1800 uplink; LTE Band 3 UL (most common EU 4G band); 5G NR n3,PFS Iceland / ERC 70-03 / 3GPP TS 45.005,ISL DCS 1800 / LTE Band 3 UL 1710–1785 MHz.
1805.0,1880.0,ISL,CEPT-ISL,MOBILE (DCS 1800 / LTE Band 3 DL),PRIMARY,Mobile downlink 1800 MHz,5.341A,GSM 1800 downlink; LTE Band 3 DL; used by virtually all EU operators,PFS Iceland / ERC 70-03 / 3GPP TS 45.005,ISL DCS 1800 / LTE Band 3 DL 1805–1880 MHz.
1880.0,1900.0,ISL,CEPT-ISL,DECT,PRIMARY,DECT cordless phones,5.380A,DECT cordless phones; DECT baby monitors; DECT-2020 NR; DECT-ULE IoT,PFS Iceland / ERC 70-03 / ETSI EN 300 175,ISL DECT 1880–1900 MHz. 10 carriers 1881.792–1897.344 MHz.
312.0,316.0,USA,USA,SRD Part 15.231 (periodic),PRIMARY,RKE/TPMS 315 MHz (USA),FCC Part 15.231,Car key fobs USA (RKE 315 MHz); TPMS tire pressure (314 MHz Toyota/Honda/Ford); garage openers; alarm sensors,FCC 47 CFR,"USA 315 MHz: FCC Part 15.231 short-range periodic. NOT legal in Europe. Common freqs: 313.85 (Honda), 314.35 (Toyota), 315.0 MHz."
433.05,434.79,USA,USA,SRD Part 15 (secondary ISM),PRIMARY,ISM 433 MHz USA (limited),FCC Part 15 / ITU RR 5.150,Some RF devices in USA; NOT a primary ISM band in USA (use 315 or 902-928 MHz instead),FCC 47 CFR,"USA 433 MHz: secondary allocation only, limited power. Most US devices use 315 or 915 MHz instead."
902.0,928.0,USA,USA,SRD (ISM Part 15.247),PRIMARY,ISM 902 MHz USA (primary US IoT band),FCC Part 15.247 / 15.249,LoRa US915 (902.3–914.9 MHz UL / 923.3–927.5 MHz DL); Z-Wave US 908.42 MHz; Sigfox US; RFID; WiFi 900 MHz; 900 MHz cordless phones,FCC 47 CFR,USA ISM 902–928 MHz: primary US IoT band. 1W max (FHSS/DSSS) or 250 mW fixed freq. NOT legal in Europe.
462.5625,462.7125,USA,USA,FRS/GMRS (Land Mobile),PRIMARY,FRS walkie-talkies USA,FCC Part 95 Subpart B/E,FRS family radio (0.5W channels 1-7+15-22); GMRS (50W licensed channels 1-7); Motorola T200/T800 series,FCC 47 CFR,USA FRS 462.5625–462.7125 MHz (8 channels) + 467.5625–467.7125 MHz. FRS licence-free 0.5W. GMRS licensed 50W.
467.5625,467.7125,USA,USA,FRS (Land Mobile),PRIMARY,FRS walkie-talkies USA high channels,FCC Part 95 Subpart B,FRS channels 8-14 (0.5W simplex); FRS/GMRS shared repeater output,FCC 47 CFR,USA FRS 467.5625–467.7125 MHz (7 channels). Licence-free 0.5W. Interoperates with channels 1-7 cross-band.
151.82,154.6,USA,USA,MURS (Land Mobile),PRIMARY,MURS USA 5-channel walkie-talkie,FCC Part 95 Subpart J,MURS (Multi-Use Radio Service) USA: 5 channels 151.820/151.880/151.940/154.570/154.600 MHz,FCC 47 CFR,"USA MURS: VHF licence-free 2W. Used by hikers, farms, small business. Limited range vs UHF FRS."
380.0,512.0,USA,USA,P25 (Public Safety),PRIMARY,P25 digital radio USA public safety,APCO P25 TIA-102 / FCC Part 90,"APCO P25 Phase 1/2 (police, fire, EMS USA/CAN); trunked systems; subscriber and portable radios",FCC 47 CFR,"USA public safety uses P25 (not TETRA). Common bands: 380-512 MHz (UHF), 762-870 MHz. Motorola APX, Harris XG-100."
433.05,434.79,CAN,CAN,SRD (ISM) non-specific,PRIMARY,ISM 433 MHz CAN,ISED RSS-210 / RSS-Gen,"Car key fobs (some CAN models use 433); limited use, most CAN devices use 315 or 915 MHz",ISED RSS,Canada 433 MHz: available but most CAN devices prefer 315 or 902-928 MHz.
902.0,928.0,CAN,CAN,SRD (ISM Part 15 / RSS-210),PRIMARY,ISM 915 MHz CAN (primary IoT),ISED RSS-210 / RSS-247,LoRa US915; Z-Wave 908.42 MHz; Sigfox; Wi-Fi 900; RFID; baby monitors 900 MHz,ISED RSS,Canada 902–928 MHz: follows FCC Part 15.247 rules (ISED RSS-210/247). Same as USA ISM 915.
312.0,316.0,CAN,CAN,SRD Part 15.231 / RSS-210,PRIMARY,RKE 315 MHz CAN,ISED RSS-210,Car key fobs CAN (same 315 MHz standard as USA); TPMS; garage openers,ISED RSS,Canada 315 MHz RKE: same as USA FCC Part 15.231. NOT valid in Europe.
433.05,434.79,AUS,AUS,SRD (ISM) non-specific,PRIMARY,ISM 433 MHz AUS,ACMA Radiocommunications (Low Interference Potential Devices) Class Licence 2015,Car key fobs (EU standard 433 MHz used in AU); garage openers; weather stations,ACMA LIPD,Australia 433 MHz: licensed by ACMA class licence. Same as EU 433 MHz ISM. NOT same as USA 315 MHz.
915.0,928.0,AUS,AUS,SRD (ISM) non-specific,PRIMARY,ISM 915 MHz AUS,ACMA LIPD Class Licence,LoRa AU915-928; Sigfox AUS; Z-Wave AU 919.82 MHz; smart meters; asset tracking,ACMA LIPD,Australia ISM 915–928 MHz: AUS sub-band of 915–928 MHz. LoRa AU915 channels. 1W EIRP.
863.0,870.0,AUS,AUS,SRD (ISM) non-specific,PRIMARY,ISM 868 MHz AUS (limited),ACMA LIPD Class Licence,Some EU-origin devices (868 MHz); limited availability in AUS,ACMA LIPD,Australia 868 MHz: not primary ISM band. Some EU devices work but 915 MHz preferred.
920.5,928.1,JPN,JPN,SRD (ISM) non-specific,PRIMARY,ISM 920 MHz JPN,ARIB STD-T108 / MIC Japan,LoRa JPN (920.6–928.0 MHz); Z-Wave JP 919.82 MHz; RFID JPN 952-954 MHz; smart meters; IoT,ARIB/MIC Japan,Japan ISM 920 MHz band: 920.5–928.1 MHz. LoRa JP channels. NOT same as US 915 MHz or EU 868 MHz.
2400.0,2483.5,JPN,JPN,SRD (ISM) / AMATEUR,PRIMARY,Wi-Fi 2.4 GHz JPN,ARIB STD-T66 / MIC Japan,Wi-Fi 2.4 GHz ch 1-14 (Japan has channel 14 for 802.11b only); Bluetooth; Zigbee,ARIB/MIC Japan,"Japan Wi-Fi 2.4 GHz: channels 1-13 (standard) + channel 14 (802.11b ONLY, rarely used). 100 mW."
5150.0,5850.0,JPN,JPN,SRD (Wi-Fi 5 GHz),PRIMARY,Wi-Fi 5 GHz JPN,ARIB STD-T71 / MIC Japan,Wi-Fi 5 GHz (802.11a/n/ac/ax); DFS mandatory (Japanese radar at 5.3/5.6 GHz),ARIB/MIC Japan,Japan Wi-Fi 5 GHz: 5150–5850 MHz with DFS. Specific radar avoidance for JP meteorological radar.
312.0,316.0,JPN,JPN,SRD (specific short-range),PRIMARY,RKE 315 MHz JPN,ARIB STD-T93 / MIC Japan / TELEC,"Car key fobs Japan (315 MHz standard, same as USA); garage openers; TPMS",ARIB/MIC Japan,Japan 315 MHz: used for RKE car keys (same freq as USA). TELEC certified devices.
420.0,450.0,JPN,JPN,SRD / Amateur (secondary),PRIMARY,SRD + Amateur 430 MHz JPN,ARIB / MIC Japan,Remote controls; wireless microphones; amateur 430–450 MHz,ARIB/MIC Japan,Japan 420–450 MHz: SRD + amateur. Some devices use 426.025 MHz (old remotes). Amateur 430–440 MHz.
902.0,907.5,BRA,BRA,SRD (ISM) non-specific,PRIMARY,ISM 902 MHz BRA sub-band 1,ANATEL Resolução 680/2017,LoRa AU915 compatible; Sigfox BR; Z-Wave BR,ANATEL,Brazil ISM 902–907.5 MHz sub-band (ANATEL). LoRa BR uses AU915 plan.
915.0,928.0,BRA,BRA,SRD (ISM) non-specific,PRIMARY,ISM 915 MHz BRA,ANATEL Resolução 680/2017,LoRa BR (915–928 MHz); Sigfox BR; smart meters; IoT agriculture,ANATEL,Brazil ISM 915–928 MHz: primary IoT band. ANATEL certified. Similar to USA 902-928 MHz.
433.05,434.79,BRA,BRA,SRD (ISM) non-specific,PRIMARY,ISM 433 MHz BRA (limited),ANATEL Resolução 680/2017,Some imported EU devices; limited use in Brazil,ANATEL,Brazil 433 MHz: available but less common. Prefer 915 MHz.
865.0,867.0,IND,IND,SRD (ISM/RFID UHF),PRIMARY,UHF RFID India,WPC India / ECC IDA IND-865,UHF RFID tags/readers (865–867 MHz); inventory tracking; logistics; retail,WPC India,India UHF RFID: 865–867 MHz (1 W EIRP max). Different from EU 868 or USA 902-928 RFID.
433.0,434.79,IND,IND,SRD (ISM) non-specific,PRIMARY,ISM 433 MHz IND,WPC India,Car key fobs; weather stations; limited IoT,WPC India,India 433 MHz: WPC regulated. Similar to EU allocation. LoRa IN865 preferred for IoT.
2400.0,2483.5,IND,IND,SRD (ISM),PRIMARY,Wi-Fi 2.4 GHz IND,WPC India / Telecom Regulatory Authority,Wi-Fi 2.4 GHz ch 1-13; Bluetooth; Zigbee,WPC India,India 2.4 GHz ISM: 100 mW EIRP. 13 Wi-Fi channels. Same as EU allocation.
779.0,787.0,CHN,CHN,SRD / LoRa CN779,PRIMARY,LoRa CN779 China,MIIT China / SRRC,LoRa CN779 (779.5/779.7/779.9 MHz); Chinese IoT; smart meters CN,MIIT/SRRC China,China LoRa CN779: unique LoRa band 779–787 MHz. SRRC certified devices.
470.0,510.0,CHN,CHN,SRD / LoRa CN470,PRIMARY,LoRa CN470 China,MIIT China / SRRC,"LoRa CN470 (470–510 MHz, 96 uplink channels); smart meters China; NB-IoT overlap",MIIT/SRRC China,China LoRa CN470: 40 MHz band 470–510 MHz. 200 kHz channel spacing. Very different from EU/US.
433.0,434.79,CHN,CHN,SRD (ISM) non-specific,PRIMARY,ISM 433 MHz CHN,MIIT China SRRC,Car key fobs; garage openers; RC toys; weather stations,MIIT/SRRC China,China 433 MHz: SRRC regulated. Common for RKE and IoT. Similar to EU allocation.
2400.0,2483.5,CHN,CHN,SRD (ISM),PRIMARY,Wi-Fi 2.4 GHz CHN,MIIT China / SRRC,Wi-Fi 2.4 GHz ch 1-13; Bluetooth; Zigbee; ZigBee HA,MIIT/SRRC China,"China 2.4 GHz: 13 channels, 100 mW. SRRC certification required for sale."
5725.0,5850.0,CHN,CHN,SRD (Wi-Fi 5.8 GHz),PRIMARY,Wi-Fi 5.8 GHz CHN,MIIT China,"Wi-Fi 5.8 GHz (China uses 5725–5850 MHz only, NOT 5150–5350 MHz indoor)",MIIT/SRRC China,China Wi-Fi 5 GHz: only 5725–5850 MHz approved (U-NII-3 equivalent). 5150–5350 MHz restricted.
